skill_id	name	type_id	element_id	ep	sp	timing_id	text	
0	 	0	0	0	0	 
1	ブレイク	0	0	0	50	0	敵:攻撃
2	ピンポイント	0	0	0	50	0	敵:痛撃
3	クイック	0	0	0	50	0	敵:3連撃
4	ブラスト	0	0	0	50	0	敵全:攻撃
5	ヒール	0	0	0	50	0	味傷:HP増
6	ドレイン	0	0	0	50	0	敵:攻撃&味傷:HP増
7	ペネトレイト	0	0	0	50	0	敵貫:痛撃
8	スイープ	0	0	0	50	0	敵列:攻撃
9	猛攻	1	0	5	0	16	自:AT･DX増
10	堅守	1	0	5	0	16	自:DF･AG増
11	攻勢	1	0	5	0	16	自:AT増+DF減
12	守勢	1	0	5	0	16	自:DF増+AT減
13	献身	1	0	5	0	16	自:HL増+LK減
14	太陽	1	0	5	0	16	自:MHP･HATE増
15	隠者	1	0	5	0	16	自:MSP増+HATE減
16	ストライク	0	0	0	50	0	敵:攻撃+自:連続減
17	ティンダー	0	1	0	50	0	敵:火撃&炎上
18	ウォーターフォール	0	2	0	50	0	敵:水撃
19	ウィンドカッター	0	3	0	50	0	敵3:風撃
20	ストーンブラスト	0	4	0	50	0	敵:地撃&朦朧
21	ライトニング	0	5	0	50	0	敵:精確光撃
22	カース	0	6	0	50	0	敵:闇撃&束縛
23	アサルト	0	0	0	50	0	敵:痛撃+自:連続減
24	クリエイト：タライ	0	0	0	50	0	敵:攻撃&混乱
25	サステイン	0	0	0	50	0	敵:攻撃&味傷:守護
26	ガードフォーム	0	0	0	100	0	自:DF増
27	エチュード	0	0	0	120	0	味全:DX増(4T)
28	ヒールポーション	0	0	0	50	0	味傷:HP増+猛毒減
29	リフレクション	0	0	0	50	0	自:反射
30	プリディクション	0	0	0	120	0	味列:AG増(3T)
31	レッドショック	0	1	0	80	0	敵:3連鎖火撃
32	フロウライフ	0	0	0	80	0	自:MHP･DF増
33	エアブレイド	0	3	0	100	0	敵列:風撃
34	アイアンナックル	0	4	0	100	0	敵:地撃&DF減
35	サンダーショット	0	5	0	80	0	敵貫:光撃&麻痺
36	ブラックバンド	0	6	0	80	0	敵貫:闇撃&盲目
37	デアデビル	0	0	0	60	0	自:HP減+敵傷4:痛撃
38	クリエイト：シールド	0	0	2	200	0	自:DF増+守護
39	ヴィジランス	0	0	0	30	0	自:AG増(2T)+次受ダメ減
40	クリーンヒット	0	0	0	60	0	敵:痛撃&次与ダメ減
41	マーチ	0	0	0	100	0	味全:AT増(4T)
42	肉体変調耐性	1	0	4	0	16	自:肉体変調耐性増
43	コンテイン	0	0	0	50	0	敵列:精確攻撃&次与ダメ減
44	フィジカルブースター	0	0	0	180	0	自:MHP･DX･自滅LV増
45	カームフレア	0	1	0	80	0	味傷:HP増+炎上･凍結･麻痺をDF化
46	エアブラスト	0	3	0	50	0	敵全:風撃
47	レッドアゲート	0	4	2	100	0	味傷:MSP増+名前に「力」を含む付加効果1つを復活に変化
48	サンダーボルト	0	5	0	80	0	敵痺:光痛撃&麻痺
49	ダークフレア	0	1	0	60	0	敵:火撃&炎上･盲目
50	アリア	0	0	2	0	0	自:SP･次与ダメ増
51	クリエイト：ダイナマイト	0	0	0	120	0	自:道連LV増
52	アドレナリン	0	0	0	50	0	自従傷:AT増(4T)+麻痺･衰弱をDX化
53	コントラスト	0	1	0	60	0	敵:火痛撃&炎上&自:守護･凍結
54	ファイアダンス	0	1	0	80	0	敵:2連火領撃&炎上+領域値[火]3以上なら、火領撃&炎上
55	フィーバー	0	1	0	50	0	敵:火撃&衰弱+敵味全:衰弱
56	ファイアレイド	0	1	0	110	0	敵列:炎上
57	マジックミサイル	0	1	0	70	0	敵:精確火領撃
58	キュアブリーズ	0	3	0	70	0	味傷:HP増+AG増(2T)
59	リフレッシュ	0	2	0	50	0	味肉精3:祝福+肉体精神変調をAT化
60	ブレス	0	5	0	100	0	味全:HP増+祝福
61	ボロウライフ	0	6	0	70	0	敵:闇撃&味傷:HP増
62	アイシング	0	2	0	80	0	味傷:HP増+凍結
63	アクアシェル	0	2	0	50	0	味傷:HP増+火耐性増
64	ライフリンク	0	0	0	50	0	自従傷:HP増+HP譲渡
65	アンダークーリング	0	2	0	70	0	敵傷:水撃+自:腐食+3D6が15以上なら凍結LV増
66	コールドウェイブ	0	2	0	80	0	敵4:水撃&凍結+自:炎上
67	アクアリカバー	0	2	0	80	0	味肉:HP増+肉体変調を守護化
68	ヘイルカード	0	2	0	100	0	敵5:粗雑水領撃
69	アイスソーン	0	2	0	70	0	敵貫:水痛撃
70	スキューア	0	4	0	100	0	敵貫:地痛撃&次受ダメ増
71	デイドリーム	0	5	0	80	0	敵:SP風撃&SP光撃&自:復活LV増
72	イービルカード	0	3	0	50	0	敵:風撃&名前に「纏」を含む付加効果があれば、1つ消滅させて闇撃化(1T)
73	幸星	1	0	3	0	35	自:祝福
74	インビジブルウォール	0	3	0	80	0	味傷:反射
75	ヴィガラスチャージ	0	3	0	100	0	味全:次与ダメ増
76	アジャイルフォーム	0	3	0	100	0	自:AG増
77	フィックルティンバー	0	3	0	80	0	敵:風痛撃&3D6が11以上なら風痛撃
78	ウィンドポーション	0	3	0	70	0	味傷:HP増+風耐性増
79	カマイタチ	0	3	0	100	0	敵:風撃+領域値[風]3以上なら、敵全:風撃&領域値[風]減
80	タッチダウンライズ	0	3	0	30	0	自:AG増(2T)+HP減+連続増
81	アマゾナイト	0	4	0	100	0	自:LK･火耐性･闇耐性増
82	フラワーバド	0	4	0	70	0	敵3:地撃+自:束縛+3D6が15以上なら地撃LV増
83	フラワリング	0	4	0	50	0	敵列:魅了+領域値[地]3以上なら束縛
84	クリエイト：ホーネット	0	4	0	80	0	敵貫:地痛撃&衰弱
85	タービュレントブルーム	0	4	0	60	0	敵全:地撃&3D6が15以上ならAT減(2T)
86	環境変調耐性	1	0	3	0	16	自:環境変調耐性増
87	アースタンブア	0	4	0	100	0	敵:地撃&自:3D6が15以上ならMHP･MSP増
88	ヒールハーブ	0	4	0	50	0	味傷:HP増+自:領域値[地]3以上ならヒールハーブの残り発動回数増
89	ノーマライズ	0	0	0	80	0	味環:HP増+環境変調を守護化
90	プチメテオカード	0	4	0	40	0	敵:粗雑地撃
91	カタルシス	0	5	0	60	0	敵強:SP光撃&強化を腐食化
92	フラッシュ	0	5	0	120	0	敵全:盲目
93	クリエイト：グレイル	0	5	0	70	0	味傷:精確光撃&HP増&祝福
94	ホワイトカード	0	5	0	40	0	味傷:変調防御
95	ビューティーフォーム	0	5	0	120	0	自:魅了特性･舞魅LV増
96	アトラクト	0	5	0	50	0	自:HATE･連続増
97	ホーリーポーション	0	5	0	80	0	味傷:HP増+変調をLK化
98	ピュリフィケーション	0	5	0	50	0	敵味腐:SP増+腐食状態なら、精確光撃&腐食を猛毒化
99	レイ	0	5	0	30	0	敵貫:盲目
100	ミスフォーチュン	0	6	0	50	0	敵:精確SP闇撃&LK減(3T)
101	クリエイト：スパイク	0	6	0	60	0	敵貫:闇痛撃&衰弱
102	ペレル	0	6	0	60	0	敵:闇痛撃&猛毒･衰弱･麻痺
103	ラトゥンブロウ	0	6	0	50	0	敵強:闇撃&腐食+敵味全:腐食
104	カースワード	0	6	0	130	0	敵全:闇撃&腐食
105	ポイズン	0	6	0	80	0	敵:猛毒
106	デッドライン	0	6	0	100	0	敵列:闇痛撃
107	シャドウラーカー	0	6	0	60	0	敵傷:闇痛撃+自:HATE減
108	クリエイト：チェーン	0	0	0	100	0	敵3:攻撃&束縛+自:AG減(1T)
109	ハントトラップ	0	0	0	60	0	敵傷:罠《捕縛》LV増
110	フェイタルトラップ	0	0	0	100	0	敵貫:罠《追討》LV増
111	アラベスク	0	0	0	50	0	味全:HP･AG増+魅了
112	パラライズ	0	0	0	80	0	敵:麻痺
113	カプリシャスナイト	0	0	0	50	0	敵:痛撃&祝福
114	キャプチャートラップ	0	0	0	90	0	敵列:罠《捕縛》LV増
115	アシスト	0	0	0	50	0	自:束縛+自従全:AT･DX増
116	ローバスト	0	0	0	100	0	自従:MSP･AT増
117	クリエイト：パワードスピーカー	0	0	0	130	0	自:魅了LV増
118	クリエイト：ヴェノム	0	0	0	90	0	敵:猛毒･麻痺･腐食
119	クリエイト：ウィング	0	0	0	130	0	自:追撃LV増
120	クリエイト：メガネ	0	0	0	100	0	味:DX･AG増(5T)
121	リライアンス	0	0	0	120	0	自従傷:MHP･DF･HL増
122	シュリーク	0	0	0	50	0	敵貫:朦朧+自:混乱
123	スコーピオン	0	0	0	50	0	敵:痛撃&衰弱+痛撃&朦朧
124	クレイジーチューン	0	0	0	50	0	味全:混乱+次与ダメ増
125	パワーブースター	0	0	0	40	0	自従:AT･DF･DX･AG･HL増(3T)
126	カームソング	0	0	0	100	0	敵全:攻撃&DX減(2T)
127	ウィークネス	0	0	0	80	0	敵:衰弱
128	プロテクション	0	0	0	80	0	自:守護
129	ファゾム	0	0	0	120	0	敵:精確攻撃&強化ターン効果を短縮
130	トランス	0	0	0	100	0	自:混乱+自:AT･HL増+魅了を祝福化
131	ミラー＆ミラー	0	0	0	100	0	味傷:HP増+反射状態なら反射
132	精神変調耐性	1	0	3	0	16	自:精神変調耐性増
133	クイックレメディ	0	0	0	100	0	味傷:HP増+自:混乱+連続増
134	マナポーション	0	0	0	50	0	味傷:HP･SP増
135	瑞星	1	0	3	0	35	自:反射
136	チャージ	0	0	0	100	0	敵:4連鎖撃
137	ファイアボルト	0	1	0	100	0	敵貫:火痛撃
138	アクアヒール	0	2	0	70	0	味傷:HP増+炎上を守護化
139	アゲンスト	0	3	0	120	0	敵貫:風領撃&DX減(2T)
140	ブルーム	0	4	0	120	0	敵全:地撃&魅了･束縛
141	ディム	0	5	0	50	0	敵:SP光撃
142	ダークネス	0	6	0	100	0	敵列:闇撃&盲目
143	ペナルティ	0	0	0	120	0	敵3:麻痺･混乱
144	召喚強化	1	0	2	0	16	自:具現LVが高いほど自身の召喚するNPCが強化
145	魅惑	1	0	5	0	16	自:使役LVが高いほど戦闘勝利時に敵をエイドにできる確率増
146	ディベスト	0	0	0	70	0	敵:強化奪取+痛撃
147	ビブラート	0	0	0	120	0	敵全2:粗雑SP攻撃
148	ファーマシー	0	0	0	110	0	味傷:HP増+肉体精神変調減
149	ガーディアン	0	0	0	50	0	敵:攻撃+味傷:護衛
150	ブロック	0	0	0	80	0	自:守護+DF増(2T)+味傷:護衛
151	デストロイ	0	1	0	100	0	敵:守護減+火痛撃
152	アクアブランド	0	2	1	50	0	敵:水痛撃&味傷:HP増
153	パリィ	0	3	5	0	0	自:AG増(2T)+SP増
154	ブランチ	0	4	0	100	0	敵:地痛撃&領域値[地]3以上なら、敵傷:地領痛撃
155	ムーンサルトプレス	0	5	0	120	0	敵:光撃&MSP減
156	コラプション	0	6	0	60	0	敵:闇撃&祝福消費で闇撃
157	スピアトラップ	0	0	0	100	0	敵:罠《突刺》LV増
158	サモン：ウォリアー	0	0	5	300	0	自:ウォリアー召喚
159	ユニティ	0	0	0	120	0	自:応報LV増+自従全:護衛
160	ガーディアンフォーム	0	0	0	200	0	自:DF･HL増+連続減
161	ブレイブハート	0	0	0	100	0	味:AT･DX増(3T)+精神変調を祝福化
162	パワフルポーション	0	0	0	120	0	自:AT･DF増+猛毒･麻痺･衰弱
163	カウンター	0	0	0	130	0	自:反撃LV増
164	フェイタルポイント	0	0	0	80	0	敵:精確痛撃
165	カタラクト	0	2	0	150	0	敵:水撃&水耐性減
166	キャノンボール	0	1	0	100	0	自:連続増+敵:2連鎖風撃&2連鎖火撃&自:連続減
167	環境変調特性	1	0	3	0	16	自:環境変調特性増
168	マインドボム	0	1	1	100	0	敵:SP火撃
169	ワンオンキル	0	6	0	100	0	敵:闇撃+自:闇撃
170	ボムトラップ	0	1	0	110	0	敵:罠《爆弾》LV増
171	クリエイト：ファイアウェポン	0	1	0	200	0	味:炎上LV･反火LV増
172	火炎避け	1	0	2	0	16	自:火耐性･炎上耐性増+他者から炎上を移される確率減
173	ヒートイミッター	0	1	0	100	0	敵列:火撃&麻痺+自:凍結
174	バーニングチューン	0	1	0	140	0	自:炎上+敵5:火撃&麻痺
175	オイルファイア	0	1	0	120	0	敵:火撃&炎上状態なら火領撃
176	クリムゾンスカイ	0	1	0	200	0	敵全:火撃&炎上
177	コンセントレイト	0	0	0	30	0	自:次与ダメ増
178	コールドイミッター	0	2	0	120	0	敵貫:水撃&凍結+自:精確火撃&炎上
179	オートヒール	0	0	0	60	0	味傷:治癒LV増
180	ラディウス	0	5	0	150	0	敵全:光撃+自:HP増&祝福消費で次与ダメ増
181	ディープフリーズ	0	2	0	110	0	敵:凍結
182	エナジーウォール	0	2	0	100	0	自:MSP減+味全:DF増(1T)
183	五月雨	1	0	4	0	36	敵:3連水撃
184	氷水避け	1	0	2	0	16	自:水耐性･凍結耐性増+凍結によるHP･SP減少量減
185	フローズンフォーム	0	2	0	150	0	自:反水LV･放凍LV増+凍結
186	フリーズノート	0	2	0	110	0	敵従全:水領痛撃
187	水特性回復	1	0	2	0	16	自:水属性スキルのHP増効果に水特性が影響
188	スノードロップ	0	2	0	150	0	敵全:凍結+凍結状態ならDX減(1T)
189	バックフロウ	0	2	0	100	0	味傷:精確水領撃&HP増&隊列後退
190	アースリボルト	0	4	0	150	0	敵:X連地領撃+自:弱化ターン効果を短縮　※X=自分の弱化ターン効果の数+1
191	タイムツイスト	0	3	0	120	0	敵:SP風痛撃&朦朧+自:麻痺
192	ディケイドゲイル	0	3	0	110	0	敵列:風撃&腐食
193	インパクト	0	3	0	120	0	自:HP減+敵:風痛撃
194	転移門	1	0	3	0	36	自:直前に使用したスキル名に「サモン」が含まれるなら、隊列後退
195	ブルーゲイル	0	3	0	80	0	敵従傷:風撃&凍結
196	リワインド	0	3	0	60	0	敵列:風撃&次ダメ補正消滅
197	ディヴェルティメント	0	3	2	200	0	味列:DX増(3T)+自:連続増
198	インシジョン	0	3	0	130	0	敵:風痛撃&領域値[風]3以上なら風痛撃
199	逆襲	1	0	3	0	37	自:次与ダメ増
200	アドバースウィンド	0	3	0	70	0	自:隊列後退+LK増(2T)
201	リリーフ	0	5	0	70	0	味傷3:HP増+祝福
202	コロージョン	0	6	0	70	0	敵貫:腐食
203	トラストラップ	0	0	0	150	0	敵:罠《稲妻》LV増+敵従全:罠《稲妻》LV増
204	クリエイト：マナクリスタル	0	4	0	110	0	味:充填LV増
205	フングラ	0	4	0	150	0	敵列:地撃&束縛+自:束縛
206	グロウスルーツ	0	4	0	50	0	敵:地痛撃+自:次受ダメ減
207	剛健	1	0	4	0	16	自:MHP･MSP増
208	レジスト	0	4	0	50	0	味傷:HP増+肉体精神変調防御
209	ディスターバンス	0	4	0	80	0	味傷:HP増+弱化ターン効果を短縮
210	イリミネイト	0	0	0	100	0	味傷:HP増+名前に「罠」を含む付加効果が1つ消滅
211	マインドブレイク	0	6	0	80	0	敵:SP闇撃&混乱
212	グリッチトラップ	0	0	0	110	0	敵列:罠《暴発》LV増
213	鏡像	1	0	3	0	38	自:反射
214	サンシャイン	0	5	0	120	0	味全:祝福&領域値[水]減&凍結減+敵全:領域値[水]減&腐食状態なら麻痺
215	サンダーフォーム	0	5	0	140	0	自:光特性･麻痺LV増
216	精神変調特性	1	0	3	0	16	自:精神変調特性増
217	ホーリーウォーター	0	5	0	80	0	敵腐:祝福+腐食状態なら精確光撃
218	パージ	0	5	0	120	0	敵列:粗雑SP光撃
219	ライトジャベリン	0	5	0	150	0	敵貫3:光痛撃
220	殺界	1	0	4	0	39	対:LK減(1T)
221	ディバウア	0	6	0	80	0	自従傷:喰LV増
222	マリス	0	6	0	120	0	自従全:AT･HATE増
223	敗柳残花	1	0	3	0	39	対:祝福を腐食化
224	ディプラヴィティ	0	6	0	160	0	敵列:闇撃&自堕落LV増
225	瘴気	1	0	3	0	40	敵6:猛毒･麻痺･衰弱
226	タクシックゾーン	0	6	0	140	0	敵全:猛毒
227	アバンダン	0	6	0	80	0	敵:精確SP闇撃&自棄LV増
228	サモン：レッサーデーモン	0	0	5	400	0	自:レッサーデーモン召喚
229	アノイアンストラップ	0	0	0	160	0	敵全:罠《疲弊》LV増
230	キーンフォーム	0	0	0	150	0	自:DX･貫撃LV増
231	祝福の詩	1	0	3	0	41	対全:祝福+自:朦朧
232	インスタントポーション	0	0	0	110	0	味傷:HP増+3D6が11以上ならHP増
233	ブラッドアイズ	0	0	0	150	0	自:HP減+AG･LK増+3D6が11以上ならAG･LK増(3T)
234	ジャックポット	0	0	0	110	0	敵傷:粗雑痛撃+回避された場合、3D6が11以上なら粗雑痛撃
235	祈誓	1	0	3	0	42	自:祝福消費でDF･LK増(2T)
236	クリエイト：バトルフラッグ	0	0	0	150	0	味全:DX･AG増(3T)
237	コントラクト	0	0	0	80	0	自従:契LV増
238	サモン：スライム	0	0	2	300	0	自:スライム召喚
239	サモン：ハンター	0	0	4	300	0	自:ハンター召喚
240	修復	1	0	3	0	38	自:守護
241	ラッキータイム	0	0	0	70	0	味全:LK増(3T)+自:衰弱
242	狂歌乱舞	1	0	5	0	36	自:混乱+自従全:AT･DF･DX･AG･HL･LK増(2T)
243	パワーブリンガー	0	0	0	100	0	自従全:AT･DF･DX･AG･HL･LK増+猛毒
244	チャームダンス	0	0	0	140	0	敵全:魅了
245	マインドリカバー	0	0	0	0	0	自:連続減+SP30％以下ならSP増+名前に「自」を含む付加効果のLV減
246	ディライト	0	0	0	100	0	敵全:SP攻撃&強化を魅了化
247	肉体変調特性	1	0	4	0	16	自:肉体変調特性増
248	ワイドプロテクション	0	0	0	300	0	味全:守護
249	リストア	0	0	0	120	0	味全:HP増+環境変調を守護化
250	エネルジコ	0	0	0	150	0	自:MHP･MSP増
251	エレジー	0	0	0	100	0	敵:攻撃&AT･DX減(2T)
252	アウェイクニング	0	0	0	80	0	味精:HP増+精神変調を守護化
253	ウィルスゾーン	0	0	0	140	0	敵全:衰弱
254	対症下薬	1	0	3	0	41	対:変調軽減+名前に「自」を含む付加効果のLV減
255	エリアグラスプ	0	0	0	100	0	味傷:HP増+領域値3以上の属性の領域値減
256	上書き付加	1	0	0	0	43	生産行動『効果付加』で、効果2に既に付加があっても上書きするようになる。
257	イレイザー	0	0	0	100	0	敵傷:攻撃
258	火の祝福	1	0	5	0	16	自:魔術LVが高いほど火特性･耐性増
259	水の祝福	1	0	5	0	16	自:命術LVが高いほど水特性･耐性増
260	風の祝福	1	0	5	0	16	自:時空LVが高いほど風特性･耐性増
261	地の祝福	1	0	5	0	16	自:自然LVが高いほど地特性･耐性増
262	光の祝福	1	0	5	0	16	自:幻術LVが高いほど光特性･耐性増
263	闇の祝福	1	0	5	0	16	自:呪術LVが高いほど闇特性･耐性増
264	ピットトラップ	0	0	0	120	0	敵全:罠《奈落》LV増
265	サモン：サーヴァント	0	0	5	300	0	自:サーヴァント召喚
266	ラッシュ	0	0	0	100	0	味全:連続増
267	アブソーブ	0	0	0	100	0	敵全:次与ダメ減
268	ヒーリングソング	0	0	0	120	0	味全:HP増+魅了
269	薬師	1	0	5	0	16	自:HL増+名前に「防」を含む付加効果のLV増
270	ツインブラスト	0	0	0	220	0	敵全:攻撃&麻痺+敵全:攻撃&盲目
271	リンクブレイク	0	0	0	150	0	敵全:精確攻撃&従者ならDX･AG減(3T)
272	獄炎陣	1	0	5	0	45	自:前のターンのクリティカル発生数だけD6を振り、2以下が出るほど獄炎LV増
273	チャクラグラント	0	2	2	100	0	味傷3:精確水撃&HP増
274	スカイディバイド	0	3	1	150	0	敵貫:風撃&風耐性減
275	快進撃	1	0	5	0	45	自:前のターンのクリティカル発生数だけD6を振り、2以下が出るほど復活LV増
276	ディバインランス	0	5	0	150	0	敵傷:光痛撃&朦朧&自:朦朧
277	アウトレイジ	0	6	0	200	0	自:AT･闇特性･光耐性･闇耐性増
278	阿修羅	1	0	5	0	16	自:HP減+AT･DX･LK増
279	集気	1	0	4	0	42	自:次与ダメ増
280	フィアスアタック	0	0	0	40	0	敵:3連撃+自従全:次与ダメ増
281	血気	1	0	4	0	16	自:現在HP割合が低いほど攻撃ダメージ増
282	チェインリアクト	0	0	1	150	0	敵:5連鎖撃
283	医食同源	1	0	2	0	16	自:食事による付加効果のLV増
284	エスコート	0	0	0	100	0	自:次受ダメ減+味列:護衛
285	応酬	1	0	4	0	46	対:精確攻撃
286	セイクリットファイア	0	1	0	120	0	味列:精確火撃&HP増&炎上
287	滅亡の風	1	0	3	0	16	自:発動する「敵列」を強化
288	イラプション	0	4	0	180	0	敵列:地撃+敵味全:火撃&炎上
289	ブレイクダウン	0	5	0	140	0	自:連続減+敵:光撃&敵全:火撃
290	コロウドスパウト	0	6	0	150	0	敵5:腐食
291	フレアトラップ	0	1	0	120	0	敵列:罠《猛火》LV増
292	サモン：サラマンダー	0	1	5	400	0	自:サラマンダー召喚
293	レッドゾーン	0	1	0	120	0	敵:火撃&火耐性減
294	マナバースト	0	1	0	150	0	敵:火撃&SP50％以上なら火撃
295	フレイムレゾナンス	0	1	0	160	0	自:火特性･火耐性･水耐性増
296	ヒドラジン	0	1	0	180	0	敵:火撃+領域値[火]2以上なら、敵全:火領撃
297	大爆発	1	0	5	0	40	敵全:火領撃
298	魔力凝縮	1	0	4	0	16	自:AT増+発動する「敵貫」「敵列」「敵全」を弱化
299	戴天	1	0	4	0	46	自:次受ダメ減+瀕死なら守護
300	パワフルヒール	0	4	0	100	0	味傷:精確地痛撃&HP増
301	泡沫	1	0	4	0	16	自:MHP減+AG･LK･領域値[水]増
302	凍縛陣	1	0	5	0	45	自:前のターンのクリティカル発生数だけD6を振り、2以下が出るほど凍縛LV増
303	背水	1	0	4	0	16	自:現在HP割合が低いほど被攻撃ダメージ減
304	サモン：ウンディーネ	0	2	5	400	0	自:ウンディーネ召喚
305	リヴァイブ	0	0	0	100	0	味傷:復活LV増
306	グレイシア	0	2	0	120	0	敵:水撃&AG減&凍結+自:凍結
307	アクアレゾナンス	0	2	0	160	0	自:水特性･火耐性･水耐性増
308	ヒールミスト	0	2	0	200	0	味全:HP増+敵全:射程3以上ならDX減(2T)
309	治癒領域	1	0	5	0	47	味傷3:HP増
310	マナブースター	0	0	0	100	0	味列:魔力LV増
311	先制	1	0	6	0	16	自:連続増
312	神風	1	0	3	0	40	敵傷:風痛撃
313	時の牢	1	0	4	0	37	対:束縛･麻痺+連続減
314	タイムリーバー	0	0	0	10	0	自:混乱+瞬発LV増
315	サモン：シルフ	0	3	5	400	0	自:シルフ召喚
316	ヒールウィンド	0	3	0	80	0	味列:HP増+AG増(2T)
317	インデュース	0	3	0	180	0	味全:護衛+自:AG増(2T)
318	インスージアズム	0	3	0	120	0	敵4:風撃+自:重傷なら連続増
319	安息の風	1	0	3	0	16	自:発動する「味列」を強化
320	スワップ	0	0	0	50	0	味傷:AG増(1T)+隊列交換
321	見切	1	0	4	0	16	自:現在HP割合が低いほど攻撃回避率増
322	神威	1	0	3	0	38	自:祝福
323	ブロッサムグレイブ	0	4	0	150	0	敵:地撃&埋葬LV増
324	グラビティブラスト	0	4	0	300	0	敵貫:地撃&DX･AG減(2T)
325	サモン：ノーム	0	4	5	400	0	自:ノーム召喚
326	ネイチャータイズ	0	4	0	100	0	自従全:絆LV増
327	フォレストアーム	0	4	0	300	0	自:強靭LV増+射程1なら鎮痛LV増
328	フラワーバラッド	0	4	0	150	0	敵列2:地撃&魅了+味傷3:HP増
329	ハーバルメディスン	0	4	0	100	0	味傷3:HP増+DF増(1T)
330	沙羅双樹	1	0	5	0	16	味全:DF増(2T)+領域値[地]増
331	再生	1	0	4	0	48	自:HP･SP増
332	神護	1	0	5	0	16	自:祝福･守護+領域値[光][闇]増+AT･DX減(1T)
333	ラブトラップ	0	0	0	160	0	敵:罠《狂惑》LV増
334	サモン：ウィスプ	0	5	5	300	0	自:ウィスプ召喚(複数可)
335	クラウン	0	5	0	200	0	敵全:混乱･魅了
336	ミラージュ	0	5	0	140	0	敵列2:SP光撃
337	アンセム	0	5	0	180	0	味全:HP増+魅了+混乱をLK化
338	光特性回復	1	0	2	0	16	自:光属性スキルのHP増効果に光特性が影響
339	結界	1	0	3	0	41	対:守護+環境変調を守護化
340	白虹貫日	1	0	3	0	16	自:発動する「敵貫」を強化
341	イービルトラップ	0	6	0	150	0	敵:罠《邪心》LV増
342	サモン：シャドウ	0	6	5	400	0	自:シャドウ召喚
343	マイアズマ	0	6	0	150	0	敵列:猛毒+領域値[闇]3以上なら朦朧
344	ウィザー	0	6	0	140	0	敵:闇撃&AT減
345	ルージィグージィ	0	6	0	160	0	敵:精確SP闇撃&HL減(2T)
346	アンダーマイン	0	6	0	150	0	敵:闇撃&自滅LV増
347	悪夢	1	0	3	0	39	対:SP闇撃&束縛
348	デスグラスプ	0	6	0	200	0	敵:闇撃&名前に「活」を含む付加効果1つを埋葬に変化
349	クリエイト：ワイヤートラップ	0	0	0	280	0	敵全:罠《鋼線》LV増
350	ヴィクティム	0	0	0	100	0	味傷:HP減+敵:4連撃
351	ディクリースアイズ	0	0	0	100	0	自:連続増+自身のスキル･付加効果内のダイス目が低めになる
352	トリッピングトラップ	0	0	0	240	0	敵全:連続減+名前に「罠」を含む付加効果のLV増
353	ローレジスタンス	0	0	0	150	0	敵:攻撃&肉体精神変調耐性減
354	インクリースアイズ	0	0	0	100	0	自:連続増+自身のスキル･付加効果内のダイス目が高めになる
355	死線	1	0	4	0	16	自:現在HP割合が低いほど攻撃命中率増
356	アイギス	0	0	0	50	0	自従全:守護
357	サモン：ビーフ	0	0	0	100	0	敵:連続減+アイテム「ビーフ」をドロップするようになる(遭遇戦･採集のみ)
358	サモン：ハーピー	0	0	3	400	0	自:ハーピー召喚
359	クリエイト：バンデージ	0	0	0	150	0	味傷:HP･鎮痛LV増
360	再利用	1	0	5	0	36	自:直前に使用したスキル名に「クリエイト」が含まれるなら、SP増
361	サモン：スプーキーアイ	0	0	3	300	0	自:スプーキーアイ召喚(複数可)
362	フェイバリティズム	0	0	0	150	0	敵味全:HP増+祝福消費で、AT･DF増(3T)+祝福をLK化
363	モラール	0	0	0	210	0	味全:DX増
364	救済	1	0	4	0	40	自:HP0以下なら、味全:HP増&自:救済消滅
365	インディグネイション	0	0	0	200	0	敵全:AT増(4T)+DF減(4T)
366	アーマメント	0	0	0	150	0	自従全:連撃LV･鎮痛LV･強靭LV増+連続減
367	チキンハート	0	0	0	100	0	敵:AT･DX減(3T)+精神変調耐性減
368	ハオマ	0	0	0	80	0	自:HP増+AG増(3T)+魅了･混乱
369	イクステンション	0	0	2	50	0	自:射程1増(7T)+AT増(3T)
370	アブソリュート	0	0	0	150	0	敵:強化減+次ダメ補正消滅+精確攻撃
371	パーガティブ	0	0	0	200	0	敵全:攻撃&食事による付加効果のLV減
372	ファンタジア	0	0	0	120	0	味全:HP増+精神変調を反射化
373	ケイオティックチェイス	0	0	2	110	0	自:混乱･魅了+敵全:精確攻撃+敵傷:攻撃
374	ディスインフェクト	0	0	0	100	0	味全:HP増+肉体変調を守護化
375	リザレクション	0	0	0	150	0	味傷:HP増+瀕死ならHP増
376	ワイドアナリシス	0	0	1	100	0	自:朦朧+味全:DX増(3T)&名前に「罠」を含む付加効果のLV減
377	ハードブレイク	0	0	1	120	0	敵:攻撃
378	イグニス	0	1	0	120	0	敵傷3:火領撃
379	アイシクルランス	0	2	0	150	0	敵:水痛撃&凍結
380	ショックウェイブ	0	3	0	160	0	自:連続減+敵全:風撃&朦朧
381	グランドクラッシャー	0	4	0	160	0	敵列:地撃
382	カレイドスコープ	0	5	0	130	0	敵:SP光撃&魅了･混乱
383	ダウンフォール	0	6	0	130	0	敵傷:闇撃
384	高速配置	1	0	4	0	36	自:直前に使用したスキル名に「トラップ」が含まれるなら、連続増
385	リビルド	0	0	0	300	0	自:連続増+総行動数を0に変更+名前に「クリエイト」を含む全スキルの残り発動回数増
386	スタンピート	0	0	0	50	0	自従:AT･DX･AG増(3T)
387	ブレイドフォーム	0	0	0	160	0	自:AT増
388	エファヴェセント	0	0	0	280	0	敵全:攻撃、命中ごとに自:AT･DX増(1T)
389	インフェクシャスキュア	0	0	0	140	0	味列:HP増
390	インヴァージョン	0	0	0	150	0	敵全:攻撃&祝福を猛毒化
391	ウィークサーチ	0	0	0	130	0	自:朦朧+敵:DF･AG減(3T)
392	スカーレットスキュア	0	1	0	180	0	敵列:火痛撃
393	精神力	1	0	4	0	46	自:SP増+SP15％以下なら復活LV増
394	エアスラッシュ	0	3	0	110	0	敵:5連風撃
395	強打	1	0	4	0	47	自:次与ダメ増
396	朦朧耐性	1	0	3	0	16	自:朦朧耐性増
397	デスブランド	0	6	0	200	0	敵全:闇領痛撃
398	デスペラート	0	0	0	130	0	敵:報讐LV増+6連撃+報讐消滅
399	クリエイト：ウェポン	0	0	0	280	0	味全:追撃LV増
400	獅子奮迅	1	0	4	0	36	自従全:連続増
401	オーバーウェルム	0	0	0	300	0	自:増幅･強靭･強撃LV増
402	巧技	1	0	4	0	16	自:DX･LK増
403	ドラスティックレメディ	0	0	0	160	0	味傷:精確攻撃&HP増
404	覇気	1	0	4	0	38	敵全:精確攻撃
405	ブレイクスルー	0	0	0	140	0	自:貫撃LV増
406	ビッグウェイブ	0	2	0	300	0	敵全:粗雑水撃
407	ディメンションブレイク	0	3	2	300	0	敵列:風痛撃&MHP減
408	オートイグニッション	0	1	0	240	0	敵全:発火LV増
409	マスフレイム	0	1	0	230	0	敵:火撃&炎上+敵全:精確光撃&盲目+自:炎上･盲目
410	数多の怨	1	0	5	0	16	敵10:闇撃+自:数多の怨消滅
411	爆弾魔	1	0	4	0	42	敵全:名前に「罠」を含む付加効果があれば、罠《爆弾》LV増
412	詠唱追加	1	0	3	0	16	自:必殺スキル強化
413	ファイアスパウト	0	1	0	150	0	敵5:炎上
414	凍結耐性	1	0	3	0	16	自:凍結耐性増
415	熱唱	1	0	4	0	16	自:火特性･耐性増+火撃に限り、炎上を移す確率が射程に関わらず増加
416	衰弱耐性	1	0	3	0	16	自:衰弱耐性増
417	イクスプロージョン	0	1	0	300	0	敵:火領撃&領域値[水][地][闇]減
418	ジャイアントキル	0	1	0	250	0	敵:X連火領撃　※X=対象の強化ターン効果の数+1
419	炎上耐性	1	0	3	0	16	自:炎上耐性増
420	珊瑚樹	1	0	4	0	16	自:MHP･領域値[水][地]増+守護+連続減
421	アイスエイジ	0	2	0	300	0	敵:X連水領撃　※X=対象の弱化ターン効果の数+1
422	ドレインライフ	0	6	0	200	0	敵:闇撃&MHP奪取
423	ライフスワール	0	2	0	240	0	自:敵の数だけHP増+味方の数だけHP減
424	クリエイト：ボーダー	0	0	0	100	0	味傷:HP増+反射+従者ならDF増(2T)
425	ブレッシングレイン	0	2	0	180	0	味全2:HP増+祝福
426	再活性	1	0	4	0	40	自:HP0以下なら、HP･SP増&再活性消滅
427	マナ	0	0	0	10	0	自:消費SP減
428	クライオセラピー	0	2	0	150	0	味傷5:HP増+凍結
429	サルベイション	0	0	0	240	0	味全2:HP増
430	滅頂之災	1	0	4	0	16	自:水撃化(6T)+水特性増
431	ワールウィンド	0	3	0	200	0	敵傷7:風撃
432	麻痺耐性	1	0	3	0	16	自:麻痺耐性増
433	ミッドナイトカーテン	0	6	0	220	0	敵全:精確闇痛撃&盲目+自:盲目
434	ウィンドコイル	0	3	0	150	0	敵:風領痛撃&領域値[風]3以上なら風撃化(1T)
435	超過適応	1	0	5	0	36	自:直前に使用したスキル名に「サモン」が含まれるなら、自従傷:AT･DX増(4T)
436	デディケーション	0	0	2	0	0	自:SP増+MHP減+衰弱
437	旋風	1	0	4	0	37	対全:風領撃
438	衝撃波	1	0	3	0	35	対:精確風撃&連続減
439	カラミティゲイル	0	3	0	260	0	敵:風痛撃&束縛･猛毒･麻痺･衰弱･盲目･腐食･朦朧･混乱
440	トランキュリティ	0	3	0	150	0	味全:次受ダメ減+弱化ターン効果を短縮
441	スクランブル	0	3	2	180	0	敵:4連風領撃+自:連続増&瀕死なら連続増
442	クリスタルウォール	0	4	0	240	0	味全:DF･LK増&祝福消費で反射
443	瑠璃樹	1	0	4	0	16	自:MSP･精神変調防御･領域値[地][闇]増+守護+連続減
444	不屈	1	0	6	0	40	自:HP0以下なら、MHP･MSP減+HP･SP増
445	クリエイト：ジャイアントフィスト	0	4	0	300	0	敵:地撃&強化ターン効果を短縮
446	束縛耐性	1	0	3	0	16	自:束縛耐性増
447	炸裂	1	0	5	0	46	対全:精確地撃
448	パストラーレ	0	4	0	300	0	味全:DF増+HL奪取
449	草根木皮	1	0	5	0	41	対:領域値[地]2以上なら、HP増
450	グランドレイジ	0	4	0	250	0	敵味全:地撃
451	ディスエンチャント	0	4	0	300	0	敵全:地撃&強化ターン効果を短縮
452	ヘジテイション	0	6	0	160	0	自:祝福消費でDX増(1T)+敵:SP闇痛撃&自失LV増
453	サンクション	0	5	0	120	0	敵:精確光撃&名前に「撃」を含む付加効果があれば精確光撃
454	クリエイト：ミラー	0	5	0	130	0	味列:反射
455	ホーリーサークル	0	5	0	300	0	味全:DF･闇耐性増
456	スポイル	0	5	0	180	0	敵:SP光痛撃&DX奪取
457	聖音	1	0	4	0	16	自:発動する「味全」「敵味全」「他全」を強化
458	ナース	0	5	0	180	0	味傷5:HP増
459	リフレクトバリア	0	5	3	300	0	自:衰弱+味全:反射
460	レーザービーム	0	5	0	300	0	敵貫:光領撃
461	バインディング	0	0	0	250	0	自:麻痺LV･束縛LV増
462	贖罪山羊	1	0	5	0	36	自:直前に使用したスキル名に「サモン」が含まれるなら、自従全:身代
463	イービルサークル	0	6	0	300	0	敵全:DF･闇耐性減
464	腐食耐性	1	0	3	0	16	自:腐食耐性増
465	呪音	1	0	4	0	16	自:発動する「敵全」「敵味全」「他全」を強化
466	ヴェノムスパウト	0	6	0	150	0	敵5:猛毒
467	盲目耐性	1	0	3	0	16	自:盲目耐性増
468	ブラックヴェール	0	6	0	300	0	敵:闇領撃&闇撃化(1T)
469	超技術	1	0	5	0	16	自:名前に「トラップ」「クリエイト」を含む全スキルを強化
470	韋駄天	1	0	4	0	42	自:束縛+自従全:連続増
471	イクスプロイト	0	0	0	160	0	敵:攻撃&AT奪取&3D6が10以下ならDX奪取
472	魅了耐性	1	0	3	0	16	自:魅了耐性増
473	ディビジョン	0	0	0	150	0	味全:精確攻撃+味傷4:HP増
474	腐敗堕落	1	0	3	0	37	対:腐食+自堕落LV増
475	インペイル	0	0	0	170	0	敵貫:痛撃+自:祝福消費で連続増
476	共存共栄	1	0	4	0	42	自:DF増(2T)+自従全:DF増(2T)
477	サモン：エンチャンター	0	0	5	300	0	自:エンチャンター召喚
478	凶器乱舞	1	0	5	0	36	自:直前に使用したスキル名に「クリエイト」が含まれるなら、凶撃LV増
479	クリエイト：メディカルリキッド	0	0	0	300	0	味全2:HP増+自:名前に「ポーション」を含む全スキルの残り発動回数増
480	クリエイト：フォートレス	0	0	0	300	0	味全:DF増(3T)
481	クリエイト：マシンガン	0	0	0	260	0	自:射程2増(1T)+敵10:攻撃
482	連携攻撃	1	0	3	0	42	自従:AT･DX増(2T)
483	混乱耐性	1	0	3	0	16	自:混乱耐性増
484	スペシャルポーション	0	0	0	120	0	味傷:HP増+従者ならAT増(1T)
485	士気高揚	1	0	4	0	16	味全:DX増(2T)
486	機知奇策	1	0	4	0	36	自従全:SP増
487	超音波	1	0	4	0	39	対:混乱･朦朧
488	百薬之長	1	0	3	0	47	自:精神変調をDF化
489	フォースフィールド	0	0	1	300	0	味全:AT増
490	ローエレメンツ	0	0	0	150	0	敵:攻撃&全属性特性減
491	アディクティブチューン	0	0	0	200	0	敵列:攻撃&祝福を猛毒化
492	射程拡大	1	0	5	0	16	自:射程1増(10T)
493	ディスオーダー	0	0	0	240	0	敵全:SP攻撃&混乱+敵従全:SP攻撃&背約LV増+自:朦朧
494	ポーションラッシュ	0	0	0	240	0	味傷6:HP増
495	猛毒耐性	1	0	3	0	16	自:猛毒耐性増
496	スナイプ	0	0	0	80	0	自:DX･射程1増(3T)
497	大砲作製	1	0	0	0	43	生産行動『装備作製』で武器「大砲」を選択できる。大砲は射程が必ず4になる。
498	法衣作製	1	0	0	0	43	生産行動『装備作製』で防具「法衣」を選択できる。法衣は効果3に幸運LVが付加される。
499	魔晶作製	1	0	0	0	43	生産行動『装備作製』で装飾「魔晶」を選択できる。魔晶は効果3に充填LVが付加される。
500	超絶合成	1	0	0	0	43	3D6が16以上なら合成後のアイテムの強さが増加するが、5以下なら減少する。
501	駄物発生	1	0	0	0	43	生産行動『合成』で、合成成功時に自分にアイテム「駄物」が手に入る。(実験除く、1更新1つまで)
502	美酒佳肴	1	0	0	0	43	生産行動『料理』で、作る料理の付加効果のLVが増加するが、3D6が5以下なら料理の効果1が「自滅」になる。
503	技巧料理	1	0	0	0	43	生産行動『料理』で、作る料理の強さが増加するが、3D6が5以下なら料理の効果1～3がなくなる。
504	通常攻撃	0	0	0	0	0	 
505	グッバイワールド	0	0	0	0	0	 
506	セイクリットボム	0	1	0	300	0	敵:火領撃&自分祝福消費で罠《爆弾》LV増
507	バトルダンス	0	0	0	240	0	味全:AT･DX増(3T)
508	フィアスファング	0	0	0	150	0	敵:攻撃&MHP減
509	グランドウォール	0	4	0	200	0	味全:守護+護衛
510	エナジータイド	0	2	0	150	0	自:HP増+瀕死ならDF増(3T)
511	デスキャズム	0	6	0	150	0	自:道連LV･復活LV増
512	ポイズンファング	0	6	0	150	0	敵強:闇撃&猛毒&強化を猛毒化
513	ダークミスト	0	6	0	220	0	敵5:盲目･混乱
514	ディープブルー	0	2	0	200	0	敵:水撃&水特性増
515	グリモワール	0	0	0	300	0	自:MSP･AT増
516	コンフィデンス	0	0	0	300	0	自:MSP･HL増
517	ラプチャー	0	3	2	200	0	敵傷:風痛撃&HP･DF減
518	ディープフォレスト	0	4	0	300	0	自:地撃化(6T)+地特性増
519	アルシナシオン	0	5	2	300	0	敵:SP光撃&魅了状態ならDX･AG奪取
520	ファルクス	0	6	0	200	0	敵列:闇撃&強化ターン効果を短縮
521	マイントラップ	0	0	0	250	0	敵:罠《地雷》LV増
522	クリエイト：モンスター	0	0	0	150	0	敵:粗雑攻撃
523	サークルバリア	0	0	0	200	0	自:DF･AG増(3T)+自従傷:DF･AG増(3T)
524	グラトニー	0	0	0	280	0	敵:攻撃&LK奪取
525	ノクターン	0	0	0	180	0	敵5:魅了
526	コンテイジョン	0	0	0	200	0	敵:猛毒･麻痺･衰弱･盲目･腐食
527	一望千里	1	0	3	0	16	自:DX増+射程3以上なら連撃LV増
528	コンシアンス	0	0	0	200	0	味:精神変調耐性増+強化ターン効果を延長
529	フレイムインパクト	0	1	0	230	0	敵:5連鎖火痛撃
530	ヴァンピール	0	0	0	150	0	敵:攻撃&魅了&自:HP増
531	ソルプレーザ	0	0	0	180	0	敵:攻撃&DF･AG･LK減(1T)
532	バルバロス	0	0	0	240	0	自:貫撃LV･恐撃LV増
533	電光石火	1	0	3	0	42	敵:3連鎖光撃&自:連続増
534	クランブル	0	6	0	200	0	敵:5連鎖腐食闇痛撃
535	インファイト	0	0	0	50	0	敵:攻撃&隊列1なら更に4連撃
536	サモン：ナイト	0	0	5	500	0	自:ナイト召喚
537	シュロム	0	0	0	300	0	自:反撃LV･連撃LV増
538	ソウルビート	0	0	0	200	0	敵:5連撃+自:SP50％以上ならAT･LK増(2T)
539	グレイブシンプトム	0	0	0	200	0	敵:5連鎖猛毒撃
540	デコイ	0	0	0	200	0	自:反護LV増+味全:護衛
541	ジェネラル	0	0	0	270	0	敵:5連鎖撃&名前に「撃」を含む付加効果のLV減
542	生殺与奪	1	0	6	0	39	対:火撃+対:水撃&味傷:HP増
543	ガスト	0	3	0	230	0	敵列3:風領撃
544	烽火連天	1	0	5	0	39	対:炎上状態なら、粗雑火撃+粗雑地撃
545	ファッケル	0	1	0	150	0	敵:火撃&味全:HP増&盲目･朦朧を祝福化
546	スヴィニール	0	1	0	200	0	敵:火撃&復活LV増
547	レーヴァテイン	0	1	0	330	0	自:破滅の炎LV増
548	ヴィグール	0	1	0	100	0	自:魔力LV増+炎上
549	星火燎原	1	0	5	0	45	敵味炎:粗雑火撃&炎上奪取&自:炎上をAT化
550	アウデンティア	0	1	0	300	0	味全:AT･LK増+炎上
551	ファイアグレネード	0	1	2	260	0	敵6:火領撃&炎上
552	バーニングサースト	0	1	0	200	0	敵全:炎上+領域値[火]3以上[水]0以下ならAT･DF減(2T)
553	ボンバルディエ	0	1	0	250	0	敵傷6:粗雑火領撃
554	パーシステンス	0	0	0	200	0	味傷:HP増+ターン効果を延長
555	クラウト	0	4	0	100	0	自:領域値[地]3以上ならHL増(1T)+味傷:HP増
556	オラシオン	0	5	0	160	0	味傷:HP増&祝福消費でHP増&祝福消費でHP増
557	スノーホワイト	0	2	0	200	0	敵4:水痛撃&朦朧
558	バブルトラップ	0	2	0	200	0	敵全:罠《泡影》LV増
559	オーバーフロウ	0	0	0	300	0	自従全:MHP･AT･DF･DX増
560	高山流水	1	0	4	0	36	敵魅:魅了状態ならSP水撃&魅了をDF化
561	アナスタシス	0	0	0	200	0	味傷:名前に「復活」を含む付加効果があればDF･AG増(2T)、なければ復活LV増
562	アルヒェ	0	2	0	240	0	敵傷:水撃+味傷:水撃
563	アイスミラー	0	2	0	200	0	自:反射+水耐性･光耐性増
564	ストームブリンガー	0	3	1	300	0	自:風撃LV･反風LV増
565	フラッシュバック	0	5	0	180	0	敵:風撃&瀕死ならSP光撃
566	一刀両断	1	0	5	0	47	自:祝福消費で次与ダメ増&祝福消費でDX増(1T)
567	クリエイト：タービュランス	0	3	0	280	0	敵5:風領撃&混乱
568	ブルーテンペスト	0	3	0	300	0	敵従全:風領撃&混乱&強化奪取
569	ファントムシーフ	0	3	0	200	0	敵全:風撃&守護奪取
570	スカイハイ	0	3	2	280	0	敵全3:風痛撃
571	風特性回復	1	0	3	0	16	自:風属性スキルのHP増効果に風特性が影響
572	ダストデビル	0	3	0	180	0	敵:反風LV増+8連風撃
573	プレシアンス	0	0	0	150	0	自:守護+AG増(2T)
574	ダイアモンド	0	5	0	200	0	自:DF･地耐性･光耐性増
575	ロックトラップ	0	4	0	190	0	敵列:罠《落石》LV増
576	フォレストオファリング	0	4	0	160	0	自:HP減+MHP･MSP増
577	サヴァイブ	0	4	0	100	0	自従傷:HP増
578	アルクス	0	4	0	150	0	自:DF増(4T)
579	ダンスマカブル	0	4	0	260	0	敵全2:地撃&道連LV増
580	地特性回復	1	0	3	0	16	自:地属性スキルのHP増効果に地特性が影響
581	大崩壊	1	0	3	0	45	敵味5:地痛撃
582	ミゼラブルメモリー	0	6	2	200	0	敵:6連鎖SP闇撃
583	夢幻泡影	1	0	5	0	36	自:直前に使用したスキル名に「トラップ」が含まれるなら、敵:AT･DX増(2T)+DF･AG減(2T)
584	クリエイト：ラビリンス	0	5	0	300	0	味傷5:HP増+味傷:DFかAGかLK増(3T)
585	決闘者	1	0	2	0	36	自:直前に使用したスキル名に「カード」が含まれるなら、SP増
586	光輝燦然	1	0	5	0	42	敵:10連鎖光撃
587	ホーリーベル	0	5	0	180	0	味全:LK増(3T)+闇耐性増
588	セダティブ	0	5	0	200	0	敵列:SP光撃&AT減(2T)
589	ブリリアンス	0	5	0	280	0	他全:光領撃
590	ヘルシャフト	0	5	0	200	0	敵貫:SP光撃&混乱･魅了
591	デスブロウ	0	6	0	200	0	敵:粗雑闇撃
592	クリエイト：ピッチダーク	0	6	0	100	0	敵全:DX減(1T)+盲目
593	キャリオン	0	6	0	230	0	敵腐3:闇撃&腐食状態ならMHP奪取+自:腐食
594	ナイトフィーバー	0	6	0	240	0	敵味全:闇特性増+AT増(5T)+DF減(5T)
595	ガオケレナ	0	6	0	240	0	自:復活LV増
596	オディウム	0	6	0	180	0	敵:4連闇撃&HATE増+自:盲目
597	如法暗夜	1	0	4	0	42	自:闇特性･闇耐性･光耐性増
598	サモン：ヴァンパイア	0	0	5	500	0	自:ヴァンパイア召喚
599	為虎添翼	1	0	4	0	36	自:直前に使用したスキル名に「トラップ」が含まれるなら、自従:AT増(3T)
600	イディオータ	0	0	0	200	0	敵:X連鎖撃　※X=攻撃命中後の3D6が13以下である限り最大計20回まで攻撃
601	トラップステップ	0	0	2	0	0	敵:罠《狂惑》LV増+自:SP増
602	ドリンカー	0	0	0	300	0	自:AT･DX増+3D6が10以下ならHP減
603	ゴッズディサイド	0	0	0	140	0	味7:3D6が11以上ならAT･LK増(1T)
604	猛毒陣	1	0	4	0	45	自:前のターンのクリティカル発生数だけD6を振り、2以下が出るほど猛毒LV増
605	アルゼナール	0	0	0	100	0	自従全:追撃LV増
606	堅牢堅固	1	0	5	0	36	自:直前に使用したスキル名に「サモン」が含まれるなら、DF･AG増(4T)
607	スーティワルツ	0	0	5	400	0	自:シルエットダンサー召喚(複数可)+敵全:衰弱
608	レフリヘリオ	0	0	1	0	0	自従:SP増
609	サモン：エンペラー	0	0	5	500	0	自:エンペラー召喚
610	クリエイト：キャノン	0	0	0	260	0	敵:粗雑攻撃
611	プランダー	0	0	1	150	0	敵:攻撃&DF･AG奪取
612	サウザンドウインズ	0	0	0	100	0	自従全:復活LV増
613	ポイゾナスブラッド	0	0	0	240	0	味全:放毒LV増
614	アムレート	0	0	0	150	0	自従傷:治癒LV･命脈LV増
615	ウィンクルム	0	0	0	70	0	自従全:護衛
616	デスラッシュ	0	0	0	300	0	敵全2:攻撃+自:連続増
617	トニック	0	0	0	180	0	味傷3:HP増+AT増(1T)
618	エレメントフィールド	0	0	0	150	0	自:連続増+領域値[火]1以上ならAT増(5T)、[水]1以上ならHL増(5T)、[風]1以上ならAG増(5T)、[地]1以上ならDF増(5T)、[光]1以上ならLK増(5T)、[闇]1以上ならDX増(5T)
619	アスティオン	0	0	0	150	0	味:次与ダメ増
620	サイケデリア	0	0	1	200	0	敵5:SP攻撃&魅了
621	グラインドコア	0	0	2	140	0	敵6:攻撃+自:連続増
622	ドロール	0	0	0	180	0	敵乱:SP攻撃&混乱状態ならSP攻撃&魅了状態ならSP攻撃&朦朧状態ならSP攻撃
623	百孔千瘡	1	0	5	0	45	敵味全:猛毒状態ならAT減(1T)+衰弱状態ならDF減(1T)+麻痺状態ならDX減(1T)
624	アシッド	0	0	0	200	0	敵4:攻撃&猛毒･腐食+自:猛毒･腐食
625	ストラテージュ	0	0	1	200	0	敵全:強化奪取+自:連続増
626	呪器作製	1	0	0	0	43	生産行動『装備作製』で武器「呪器」を選択できる。呪器は強さが高いが効果3に自滅LVが付加される。
627	博打付加	1	0	0	0	43	効果付加において3D6が16以上なら付加される効果のLVが増加するが、5以下なら減少する。
628	キュアサイクロン	0	3	0	200	0	味傷5:風領撃&HP増
629	スティクス	0	2	0	240	0	敵5:水撃&祝福
630	ヴァンパイアピット	0	6	1	250	0	敵5:闇撃&味傷:HP増
631	スリラー	0	6	2	160	0	敵全:SP闇撃(回避で中断)&敵傷:闇撃
632	モルダー	0	6	0	160	0	敵:闇撃&DF減(2T)+自:腐食
633	ディケイドミスト	0	6	1	300	0	敵全:AG減(4T)&腐食+味全:DX増(4T)&腐食
634	プロティアンフォーム	0	0	0	0	0	 
635	デモリッシュ	0	4	0	200	0	敵:地領撃+自:連続減
636	ダークインパルス	0	6	2	200	0	敵6:闇撃
637	トキツカゼ	0	3	0	340	0	敵8:風撃+味傷8:HP増
638	ファームリィブレイク	0	0	2	120	0	敵:攻撃+自:次受ダメ減
639	メテオ	0	4	0	400	0	敵5:粗雑地撃
640	怪力乱神	1	0	5	0	16	自:武術LVが高いほど無属性攻撃が強化
641	火霊力	1	0	5	0	47	自:魔術LVが高いほどSP･火特性増
642	水霊力	1	0	5	0	47	自:命術LVが高いほどSP･水特性増
643	風霊力	1	0	5	0	47	自:時空LVが高いほどSP･風特性増
644	地霊力	1	0	5	0	47	自:自然LVが高いほどSP･地特性増
645	光霊力	1	0	5	0	47	自:幻術LVが高いほどSP･光特性増
646	闇霊力	1	0	5	0	47	自:呪術LVが高いほどSP･闇特性増
647	グリムリーパー	0	0	0	290	0	敵傷6:痛撃
648	サモン：ソルジャー	0	0	5	600	0	自:ソルジャー召喚(複数可)
649	水魚之交	1	0	2	0	16	自従全:エイドなら、キズナが高いほどMHP･MSP･AT･DF･DX･AG･HL･LKが増加
650	千変万化	1	0	3	0	16	自:自分が使用するスキルによるAT･DF･DX･AG･HL･LK増効果を強化
651	石破天驚	1	0	5	0	16	自:攻撃対象の精神変調深度が高いほど攻撃ダメージ増
652	四百四病	1	0	5	0	16	自:攻撃対象の肉体変調深度が高いほど攻撃ダメージ増
653	アジール	0	0	0	320	0	味全:鎮痛LV増
654	心機掌握	1	0	5	0	16	自:敵がスキルキャンセルされるたびに、AT･DF･DX･AG･HL･LK増
655	気焔万丈	1	0	4	0	45	自:領域値[火]2以上なら、SP増&炎上
656	荒療治	1	0	3	0	39	対:味方なら、HP増+祝福
657	龍翔鳳舞	1	0	5	0	39	対列2:風撃&魅了
658	トールハンマー	0	5	0	320	0	敵:守護を麻痺化+光撃+自:朦朧
659	如夜叉	1	0	6	0	35	対:闇撃&何かの肉体変調
660	二刀流	1	0	3	0	36	自:直前に使用したスキルが説明文に「敵:攻撃」を含み、武器枠と自由枠装備が武器種なら、SP消費なく同じスキルがたまに発動
661	魔力漏出	1	0	4	0	36	自:直前に使用したスキル名に「サモン」が含まれるなら、自従傷:漏出LV･残滓LV増
662	ストラグル	0	0	1	60	0	敵:3連鎖痛撃&味傷:次受ダメ減
663	ムスケルクラフト	0	0	0	180	0	敵:攻撃+自:自棄LV増
664	プレリュード	0	0	0	320	0	味全:MHP増+祝福+自:連続減
665	コンターギオ	0	0	2	100	0	敵:攻撃&猛毒&肉体変調譲渡
666	メンブリュウ	0	0	1	240	0	敵:攻撃&自:HP増+敵全:攻撃&自4:HP増
667	マーシャルアーツ	0	0	0	330	0	自:DX増+名前に「撃」を含む付加効果のLV増
668	火特性回復	1	0	4	0	16	自:火属性スキルのHP増効果に火特性が影響
669	プレゲトン	0	1	0	300	0	敵列:火撃&灼熱LV増+自:炎上
670	インフェルノ	0	1	0	320	0	敵:火撃&炎上によるHP減少量増
671	紫電一閃	1	0	5	0	39	敵貫:光痛撃
672	行屍走肉	1	0	5	0	39	対:腐食状態なら闇撃&腐食減&自:腐食
673	千辛万苦	1	0	4	0	16	自:名前に「罠」を含む付加効果のLV増効果で、対象者に既に同じ付加があってもLV加算せず別個として新たに付加される
674	サモン：イフリート	0	1	5	600	0	自:イフリート召喚+強制炎上
675	天華乱墜	1	0	7	0	36	自:直前に使用したスキルが必殺スキルなら、味全:名前に「火」か「炎」を含む付加効果のLV増&敵全3:火撃
676	バーニングカード	0	1	0	80	0	敵3:火撃+自:強制炎上
677	ヒートウェイブ	0	1	0	200	0	敵8:火痛撃&麻痺
678	スピリトゥス	0	1	0	200	0	自:HP･火特性増+衰弱
679	炎舞	1	0	5	0	37	対:守護奪取+敵全:火撃
680	炉火純青	1	0	2	0	48	自:火特性増
681	蜃気楼	1	0	4	0	37	対2:何か減(3T)
682	タイトロープ	0	2	0	200	0	味傷:護衛+HP0以下ならHP増
683	クリエイト：フラッド	0	2	0	400	0	敵10:水領撃
684	限界突破	1	0	5	0	36	自:直前に使用したスキルが必殺スキルなら、自従全:AT･DF増(2T)
685	タイダルウェイブ	0	2	0	330	0	敵:5連鎖水撃&DX･AG減(2T)
686	バルカローレ	0	2	1	160	0	敵強4:魅了+強化を魅了化
687	応病与薬	1	0	5	0	41	対:肉体･精神変調減
688	高速治癒	1	0	3	0	41	自:HL増(2T)+連続増
689	アルスマグナ	0	2	2	100	0	自:水撃化(3T)+連続増
690	テンポラルスウォール	0	3	0	300	0	敵全2:SP風撃&混乱
691	流転輪廻	1	0	8	0	40	自:HPが0以下なら、HPが1になる&HP増&変調･強化･石化･暴走･ターン効果･流転輪廻消滅
692	コンプレッション	0	3	0	150	0	敵貫2:風痛撃+自:連続増
693	サモン：ジン	0	3	5	700	0	自:ジン召喚
694	風起雲湧	1	0	3	0	16	自:連続増+スキル発動時に敵の従者がいなければ説明文の「敵従」を「敵」と置き換えて発動するようになる
695	鏡花風月	1	0	6	0	16	自:攻撃対象のある程度以下の深度の守護･反射を無視するようになる
696	ラプソディア	0	3	0	280	0	味列:AT･DF増(4T)
697	カードゥーケウス	0	3	0	280	0	味傷2:精確風撃&朦朧&HP増&朦朧を守護化
698	竜巻旋風	1	0	5	0	46	対全:風撃
699	スティンガー	0	3	0	300	0	自:舞風LV増
700	天香桂花	1	0	5	0	38	敵傷:地撃&SP光撃
701	ジャイアントラップル	0	4	1	200	0	敵傷:粗雑地痛撃
702	サモン：ドライアド	0	4	5	600	0	自:ドライアド召喚+連続減
703	枯樹生華	1	0	7	0	16	自従全:蘇生LV増
704	クリスタルブラスト	0	4	0	300	0	自:反地LV･反光LV･反水LV･反風LV･反闇LV･反火LV増
705	水声山色	1	0	4	0	39	味傷:HP増
706	ミリキアレギア	0	4	2	390	0	味傷10:HP増
707	金剛不壊	1	0	5	0	16	自:「被攻撃命中後」「被クリティカル後」「攻撃回避後」のパッシブスキル･付加効果の発動率増
708	ランドグラスプ	0	4	0	280	0	敵列:地撃&地撃化(1T)
709	酔生夢死	1	0	5	0	42	敵:SP光撃+SP闇撃
710	ミカヅチ	0	5	0	320	0	敵:X連SP光撃　※X=対象の強化ターン効果の数+1
711	サモン：ヴァルキリー	0	5	5	700	0	自:ヴァルキリー召喚
712	ホーリーカード	0	5	0	70	0	味傷X:HP増　※X=この戦闘中に自身が使用したスキル「ホワイトカード」の回数+1(最大10)
713	セイズ	0	5	0	400	0	自:AT･DF･DX･AG･HL･LK増(5T)
714	レクイエム	0	5	0	240	0	敵全:SP光撃&腐食状態なら、腐食減&次受ダメ増
715	変若水	1	0	5	0	41	対:AT･DF増(3T)
716	ルミネセンス	0	5	0	280	0	味傷4:HP増+自:麻痺
717	精神侵食	1	0	5	0	39	対:SP光撃
718	七花八裂	1	0	3	0	16	自:攻撃対象の弱化ターン効果の数が多いほど攻撃ダメージ増
719	サモン：ナイトメア	0	6	5	600	0	自:ナイトメア召喚+盲目
720	悪鬼羅刹	1	0	5	0	42	自従全:AT･DX増(3T)
721	闇特性回復	1	0	4	0	16	自:闇属性スキルのHP増効果に闇特性が影響
722	ブラッドレイン	0	6	1	260	0	敵全:闇撃&自滅LV増
723	クリエイト：ホーミングトラップ	0	0	0	300	0	敵:罠《追尾》LV増
724	ブラックホールトラップ	0	0	2	70	0	敵:罠《奈落》LV増+自:連続減
725	有為転変	1	0	5	0	16	自:付加効果LV増減効果を強化
726	リコイルトラップ	0	0	0	280	0	敵全:罠《反動》LV増
727	災難即滅	1	0	5	0	16	自:スキルによる変調減･変調変換･変調防御効果を強化
728	ギャンブリングハウス	0	0	2	200	0	敵:X連痛撃　※X=5D6を振り6以上が出た数+1
729	イグナイトトラップ	0	0	2	220	0	敵:4連鎖痛撃&罠《地雷》LV増
730	トランプダウン	0	0	0	100	0	自従全:DX増(1T)+連続増
731	ウィザードフォーム	0	0	0	300	0	自:魔力LV･魔脈LV増
732	クリエイト：コーラス	0	0	0	120	0	敵6:SP攻撃
733	秘法妙薬	1	0	2	0	16	自:MSP増
734	クリエイト：ワンダーランド	0	0	0	600	0	味全:AT･DF･DX･AG増(3T)
735	サモン：ジャイアントメカ	0	0	3	900	0	自:ジャイアントメカ召喚+魅了
736	ウィッシュカード	0	0	0	120	0	発動設定したカード以外の所持カード1枚が発動(SP･EP無視)。カードは各1回のみ選ばれ、選択肢がなければ発動しない。
737	シンフォニア	0	0	0	150	0	自従全:DF･AG増(3T)+身代
738	以毒制毒	1	0	5	0	41	対:肉体･精神変調を対応する肉体･精神変調防御化
739	グラーシーザ	0	0	0	300	0	敵従全:痛撃
740	エンチャントアーマー	0	0	0	280	0	自:装備している防具種の効果1･2･3のLV増
741	放歌高吟	1	0	5	0	16	自:「攻撃命中後」「被攻撃回避後」のパッシブスキル･付加効果の発動率増
742	ワイルドインスティンクト	0	0	0	300	0	味傷:名前に「奪命」を含む付加効果があればHP増、なければ奪命LV増
743	奇想天外	1	0	5	0	16	自:自身のターン効果の数が多いほど攻撃命中率･回避率増
744	紙一重	1	0	4	0	16	自:大ダメージに対する攻撃回避率増
745	催眠術	1	0	5	0	16	敵全:朦朧･混乱･魅了の効果内容に「たまに連続行動がキャンセルされる」を更に追加
746	緩歌縵舞	1	0	5	0	16	引分となるまでのターン数が10ターン延長される。
747	浮声切響	1	0	5	0	16	自:アクティブスキルによるSP攻撃が強化
748	クラーレ	0	0	0	260	0	敵3:何かの肉体変調
749	アンチドート	0	0	0	300	0	味肉3:祝福+肉体変調をAT化
750	空間掌握	1	0	3	0	16	自:対象指定時のスキル効果を強化
751	魔弾作製	1	0	0	0	43	生産行動『装備作製』で武器「魔弾」を選択できる。魔弾は「攻撃命中後」のパッシブスキル･付加効果の発動率が増加する。大砲と共に装備することで更に増加する。
752	戦盾作製	1	0	0	0	43	生産行動『装備作製』で武器「戦盾」を選択できる。戦盾は武器の効果に加えてDFも増加する。
753	重鎧作製	1	0	0	0	43	生産行動『装備作製』で防具「重鎧」を選択できる。重鎧はAGが減少するが、受ける攻撃の武器の強さを和らげる。
754	衣装作製	1	0	0	0	43	生産行動『装備作製』で防具「衣装」を選択できる。衣装は効果3に魅域LVが付加される。
755	隔壁作製	1	0	0	0	43	生産行動『装備作製』で防具「隔壁」を選択できる。隔壁は受ける攻撃を回避しやすくなる。
756	護符作製	1	0	0	0	43	生産行動『装備作製』で装飾「護符」を選択できる。護符は効果3に耐霊LVが付加される。
757	御守作製	1	0	0	0	43	生産行動『装備作製』で装飾「御守」を選択できる。御守は効果3に冥加LVが付加される。
758	薬箱作製	1	0	0	0	43	生産行動『装備作製』で装飾「薬箱」を選択できる。薬箱は装飾の効果に加えてHLも増加する。
759	付加強化	1	0	0	0	43	効果付加成功時、効果1があればそのLVがたまに増加する。上書き付加により上書きされた場合もたまに増加する。
760	特質強化	1	0	0	0	43	効果付加成功時、効果3があれば効果3のLVが増加する。上書き付加により上書きされた場合は増加しない。
761	滑々素材	1	0	0	0	43	合成後のアイテムが素材なら名称の頭に「滑々な」がつき、これを用いての防具作製後、効果3が空いているなら効果3に滑々LVが付加される。
762	魔力素材	1	0	0	0	43	合成後のアイテムが素材なら名称の頭に「魔力溢れる」がつき、これを用いての武器作製後、効果3が空いているなら効果3に魔力LVが付加される。
763	活力素材	1	0	0	0	43	合成後のアイテムが素材なら名称の頭に「活力漲る」がつき、これを用いての装飾作製後、効果3が空いているなら効果3に活力LVが付加される。
764	魔香作製	1	0	0	0	43	生産行動『料理』で料理「魔香」を選択できる。魔香は体調が回復せず効果3しか付加されないが、食事に指定しても消費されない。
765	賄飯作製	1	0	0	0	43	生産行動『料理』で料理「賄飯」を選択できる。賄飯の付加効果はLVが減少するが、自身の従者にも効果が及ぶ。
766	クレイジーショー	0	0	2	320	0	敵X:攻撃&混乱･魅了　※X=この戦闘中に自身が使用したスキル「クレイジーショー」の回数+1(最大10、使用後に加算)
767	オミナスドリーム	0	6	0	300	0	敵:SP闇痛撃&DF･AG･HL減(4T)
768	インテンスドリーム	0	5	0	300	0	敵6:SP光撃
769	ニライカナイ	0	0	0	0	0	 
770	サモン：ニシキゴイ	0	0	0	0	0	 
771	クワシール	0	0	0	300	0	自:MHP･LK増+混乱･魅了
772	フレアランブル	0	1	0	350	0	敵:火痛撃+自:火痛撃+敵:火痛撃+自:火痛撃+敵:火痛撃+自:火痛撃
773	ペトリフィケーション	0	4	0	290	0	敵:SP地撃&石化
774	ソードブレイカー	0	0	0	240	0	敵:攻撃&装備によるAT減
775	カーボナイズ	0	1	0	200	0	敵:火領撃&領域値[火]2以上なら、領域値[火]減&火領撃
776	デリュージュ	0	2	0	300	0	敵全:水領撃&連続減
777	ブラーゼン	0	3	0	360	0	敵全:風領撃&AG奪取
778	ルーク	0	4	1	240	0	敵貫:地撃+味全:護衛
779	エフェメラルドリーム	0	5	0	300	0	敵全2:SP光撃&魅了
780	デスグラシア	0	6	1	240	0	敵貫3:闇撃
781	フォークス	0	0	0	360	0	敵:痛撃　※名前に「罠」を含む付加効果が多く付加されている対象ほどダメージ増
782	クリエイト：エキストラハンド	0	0	0	300	0	自従:連撃LV増
783	トリクラット	0	0	0	200	0	味3:守護
784	ナタナエル	0	0	0	320	0	自:MHP減+DX･AG･LK増
785	カオス	0	0	0	280	0	敵5:SP攻撃&混乱
786	カーラクータ	0	0	0	280	0	自:撒毒LV増
787	ワイヤースライス	0	0	0	320	0	敵全4:攻撃
788	ライブラリ	0	0	0	10	0	自4:HP減+付加効果を1つ失うことで連続増
789	ファイアプレデター	0	1	0	250	0	敵:火撃&味傷:HP増
790	ハイドロラッシュ	0	2	0	280	0	敵4:水撃&連続奪取
791	バックスタブ	0	3	1	240	0	敵5:精確風痛撃+自:連続減
792	イーグルタロン	0	4	2	0	0	敵:地痛撃+自:HP減&SP増
793	ラッキースター	0	5	0	700	0	自:LK増+敵:7連鎖光撃
794	プルート	0	6	0	300	0	敵6:闇痛撃
795	ベスチャルファング	0	0	2	300	0	敵:攻撃&4連鎖痛撃
796	サモン：ヒーロー	0	0	5	800	0	自:ヒーロー召喚
797	シャークトゥース	0	0	0	240	0	敵傷:痛撃&MHP奪取
798	超絶英雄	1	0	5	0	16	自:AT･DF･HATE増+連続減
799	スーパーパフォーマンス	0	0	0	400	0	敵全3:SP攻撃+自:HATE増
800	アスプ	0	0	0	300	0	自:肉体変調特性増
801	ヘカトンケイル	0	0	0	1000	0	敵:粗雑100連鎖撃
802	乱離骨灰	1	0	3	0	16	自:名前に「撃」を含む付加効果の発動率増
803	ツインコンフリクト	0	0	1	300	0	敵:火撃+敵:水撃
804	怪盗	1	0	5	0	36	自:直前に使用したスキルが火属性か風属性なら、AG増
805	オールドローズ	0	1	0	320	0	敵:火撃&名前に「反」を含む付加効果のLV減+地撃&名前に「命」を含む付加効果のLV減
806	ナインスパーク	0	5	2	360	0	敵4:火撃+敵5:光撃
807	ブラッドサッカー	0	6	0	300	0	敵:4連闇撃+自:HP増
808	ステイクオール	0	1	0	300	0	敵:粗雑火痛撃&味傷5:HP増
809	儀式召喚	1	0	3	0	16	自:MHP減+具現LVが高いほど自身の召喚するNPCが強化
810	ファイアサークル	0	1	2	150	0	自:精確火撃+味全2:HP増
811	エンチャントウェポン	0	0	0	260	0	自:装備している武器種の効果1･2･3のLV増
812	活火激発	1	0	5	0	35	味全:炎上状態ならAT･DX増
813	サクラフィアンマ	0	1	0	390	0	味全:精確火撃+味傷9:HP増
814	インセンディーズ	0	1	0	250	0	敵:7連鎖炎上火撃
815	エアレーズング	0	3	0	300	0	味傷8:HP増&護衛+自:炎上
816	水天一碧	1	0	4	0	36	自:直前に使用したスキルが水属性なら水特性増、地属性なら地特性増
817	ドラウン	0	2	0	340	0	敵:水撃&自滅LV増
818	活殺自在	1	0	5	0	36	敵:闇痛撃&自:HP増+敵:闇痛撃&味傷:HP増
819	起死回生	1	0	3	0	41	対:HPが0以下なら、HP増&SP減&自:起死回生消滅
820	生生流転	1	0	5	0	36	自:直前に使用したスキルの説明文に「召喚」が含まれるなら、MHP･MSP増
821	アイスフォール	0	2	2	150	0	敵5:水撃&凍結
822	捲土重来	1	0	14	0	40	自:「戦闘開始時」のパッシブスキル･付加効果が全て発動+捲土重来消滅
823	アクアパルス	0	2	0	180	0	敵全3:水撃
824	リザレクポーション	0	0	0	300	0	味傷:守護+瀕死ならHP増
825	ブリザード	0	2	0	260	0	敵:7連鎖凍結水領撃
826	フローズンアイズ	0	2	1	280	0	敵2:SP水撃&凍結･束縛･麻痺&スキル･付加効果内のダイス目が低めになる
827	百花繚乱	1	0	5	0	40	敵:火撃+光撃+闇撃+水撃+風撃+地撃
828	ブルーライトニング	0	5	0	340	0	敵:光撃&敵傷:光撃&敵変:光撃
829	ルーアッハ	0	3	0	260	0	敵:風撃&HP減+味傷3:HP増&護衛
830	ゲイルトラップ	0	3	0	280	0	敵:罠《疾風》LV増
831	サモン：スレイプニル	0	3	5	1000	0	自:スレイプニル召喚
832	アイオリア	0	3	0	150	0	敵従全:AT･DX減(3T)
833	ハーレクィン	0	3	0	320	0	自:風特性･DX･LK増+敵全:守護
834	ウルトラサウンド	0	3	0	330	0	敵:7連鎖風痛撃
835	ミスティックパウダー	0	3	0	330	0	味傷3:HP増+何か増(3T)
836	百発百中	1	0	5	0	16	自:DX･LK増(5T)
837	エトワール	0	5	0	300	0	敵味全:光撃&祝福+味傷7:HP増
838	スタラクタイト	0	4	0	320	0	敵6:地痛撃
839	山精木魅	1	0	5	0	45	自:HP減+木霊召喚(複数可、分け与えるMHP･MSPは通常より少ない)
840	モータルバイト	0	4	2	130	0	敵:地痛撃+自:連続減
841	バンカー	0	4	0	300	0	敵:地領撃&地撃化(1T)
842	イクスクレイム	0	4	1	260	0	敵:6連鎖SP地撃
843	マッドストーン	0	4	1	130	0	味全:肉体変調奪取+自:守護+肉体変調をHL化
844	サンドストーム	0	4	0	360	0	敵列3:地痛撃
845	ランドスライド	0	4	0	280	0	敵貫:粗雑地撃+自:隊列前進
846	シャイニングフォース	0	5	0	320	0	自:光特性･HATE増
847	豪華絢爛	1	0	5	0	36	自:直前に使用したスキル名に「クリエイト」が含まれるなら、敵全:粗雑SP光撃
848	トロイメライ	0	5	2	170	0	敵列:SP光痛撃&朦朧
849	メイズ	0	5	0	270	0	敵:SP光痛撃&自失LV増
850	ステラミュージック	0	5	0	300	0	他全2:精確光撃&魅了+味全2:HP増
851	カンタレラ	0	5	0	300	0	敵:光痛撃&猛毒&名前に「命」を含む付加効果が1つ消滅
852	星河一天	1	0	5	0	45	敵味全2:精確光撃&祝福
853	トラジェディア	0	5	0	400	0	敵貫3:SP光撃&朦朧
854	伏魔殿	1	0	5	0	16	自:MHP･MSP増+全ての召喚が複数可になる
855	グルームカード	0	6	0	70	0	敵:3連SP闇撃
856	メメントモリ	0	6	0	350	0	敵:闇撃&腐食&埋葬LV増+味全:HP･AT増+自:腐食
857	大叫喚	1	0	5	0	40	敵全2:SP闇撃
858	インソウル	0	6	0	300	0	味傷:精確闇痛撃&HP増
859	ニュクス	0	6	0	340	0	敵列3:闇撃&盲目+自:盲目
860	エグザミネイション	0	6	0	400	0	味肉:HP増+肉体変調をAT化
861	サモン：トラッパー	0	0	5	800	0	自:トラッパー召喚
862	ルプトゥーラ	0	0	3	160	0	敵:6連鎖痛撃
863	ドゥームトラップ	0	0	0	300	0	敵貫:罠《試運》LV増
864	スクリーム	0	0	0	280	0	敵全2:SP痛撃&衰弱
865	唯我独尊	1	0	3	0	16	自:第1ターン開始時の味方数と比べて、味方数が少なくなるほど攻撃ダメージ増･被攻撃ダメージ減
866	アサシネイト	0	0	2	290	0	敵:9連痛撃+自:麻痺
867	サクリファイス	0	0	1	160	0	自従全:精確攻撃+味傷6:HP増
868	変幻自在	1	0	5	0	36	自:直前に使用したスキル名に「フォーム」が含まれるなら、連続増
869	パルティシオン	0	0	1	120	0	自従全:連続増　※自身の響鳴LVが高いほど効果増
870	サモン：アルケミスト	0	0	4	1000	0	自:アルケミスト召喚
871	同心共鳴	1	0	4	0	16	自:自身の従者へのターン効果･付加LV増効果がたまに自身にも付与されるようになる
872	効果付随	1	0	6	0	16	自:自身の装備している装飾種全ての効果1･2･3と同じものが召喚NPCにも付与されるようになる
873	オンパレード	0	0	0	330	0	敵全3:攻撃　※対象の魅了深度が高いほど効果増
874	フィンタン	0	0	3	120	0	味全:HP･SP増
875	ザナドゥ	0	0	0	500	0	味全:「ターン開始時」「自分行動前」「通常攻撃後」のパッシブスキル･付加効果の発動率増
876	レインフォース	0	0	0	280	0	味傷:装備によるAT･DF･DX･AG増
877	スペシャルタイム	0	0	0	300	0	味全:AT･DF･DX･AG･HL･LK増(1T)
878	ハデスポムグラネイト	0	0	0	300	0	味:HP減+AT･DF･DX･AG･HL･LK増
879	サンクチュアリ	0	0	0	500	0	味列:反射･命脈LV･魔力LV増+自:連続減
880	リープアイズ	0	0	1	280	0	敵2:SP攻撃&朦朧･混乱･祝福&スキル･付加効果内のダイス目が高めになる
881	ソウルミュージック	0	0	0	320	0	自:変調をAT化+敵:5連鎖SP攻撃
882	エレクトリックパレード	0	0	0	300	0	敵7:SP攻撃&祝福
883	マッドパーティ	0	0	0	360	0	敵味変6:痛撃
884	パナケア	0	0	3	300	0	味傷:HP増+肉体変調･精神変調･石化･暴走減+弱化ターン効果を短縮
885	無影無踪	1	0	4	0	47	自:LK増+残り1ターンになっているターン効果が全て消滅
886	暗器作製	1	0	0	0	43	生産行動『装備作製』で武器「暗器」を選択できる。暗器はクリティカルダメージと「クリティカル後」の効果の発動率が増加する。
887	聖衣作製	1	0	0	0	43	生産行動『装備作製』で防具「聖衣」を選択できる。聖衣は防具の効果に加えて変調耐性も増加する。
888	楽器作製	1	0	0	0	43	生産行動『装備作製』で装飾「楽器」を選択できる。楽器は装飾の効果に加えて精神変調特性も増加する。
889	遠隔付加	1	0	0	0	43	周囲８エリア内に限らず、同じ区にいる相手なら効果付加できるようになる。
890	強化合成	1	0	0	0	43	装備品に素材を合成した場合に、装備品の強さが強化されるようになる。強化を重ねるごとに強化量は減少する。
891	謎飯作製	1	0	0	0	43	生産行動『料理』で料理「謎飯」を選択できる。謎飯は素材からしか作製できず、素材の[武器][防具][装飾]を[効果1][効果2][効果3]として料理する。強さは減少し、3D6が10以下なら効果1～3がなくなる。
892	ワロップ	0	0	0	400	0	敵:4連粗雑攻撃
893	アペイロン	-1	-1	-1	-1	0
894	マナブースタ	0	0	0	0	0	 
895	ソードブレイカ	0	0	0	0	0	 
896	アースシンパシー	0	4	0	300	0	味全:MHP･地耐性増
897	タイムリーバ	0	0	0	0	0	 
898	メナス	0	0	0	400	0	自:無属性攻撃化(5T)+敵列:粗雑攻撃
899	メルト	0	1	0	400	0	敵全:火領撃&装備によるAT･DF減
900	レスレクシオン	0	2	2	400	0	味傷:HPが1になる+HP増+自:レスレクシオンの残り発動回数が0になる
901	ピリオド	0	3	0	400	0	敵:風撃&連続減　※対象の総行動数が多いほど強化
902	アースクエイク	0	4	2	400	0	敵全:地撃　※攻撃対象の地耐性による影響を受けない
903	インドラ	0	5	1	400	0	敵列:光撃&麻痺&名前に「攻」を含む付加効果1つを落雷に変化
904	ヴァニッシュ	0	6	2	400	0	敵:闇領撃&消散以外の付加効果1つを消散に変化
905	サモン：パラディン	0	0	5	800	0	自:パラディン召喚
906	結束	1	0	14	0	16	自:2体目のエイドが参戦+結束消滅　※習得後、戦闘行動宣言に2体目の参戦エイドを指定する項目が追加
907	アルティメットフォーム	0	0	2	400	0	自:全ての付加効果のLV増
908	ディエスイレ	0	0	0	600	0	敵全3:SP攻撃&ターン効果を短縮
909	スレーン	0	0	2	360	0	味傷:HP増+HP100%なら祝福･守護
910	領域残滓	1	0	4	0	16	敵全:全属性耐性減+領域効果発生後に「最も高い領域値」「次に高い領域値」の一部が残るようになる
911	コンキスタ	0	0	2	400	0	敵:攻撃&3D6がX以上なら、名前に「撃」を含む付加効果を1つ奪取　※X=6+奪取対象の付加効果のLVが高いほど増加
912	ドラゴンヘッド	0	1	0	500	0	自:龍咆LV増
913	ユートゥルナ	0	2	0	500	0	味傷5:精確水撃&HP増&AT･HL奪取
914	超軼絶塵	1	0	5	0	35	自:DX･AG増
915	披荊斬棘	1	0	5	0	36	敵:地痛撃+自:HP減
916	クラウソラス	0	5	0	700	0	自:AT増+敵列3:光領撃
917	朽木座	1	0	4	0	16	自:腐食特性･「クリティカル後」のパッシブスキル･付加効果の発動率増
918	ダインスレイフ	0	0	0	700	0	敵:攻撃&自:HP増　※現在HP割合が高い対象ほどダメージ増
919	クリエイト：ブラッド	0	0	0	520	0	味列:MHP増
920	狂乱怒濤	1	0	5	0	36	自従全:MHP･AT増+自:狂乱怒濤消滅
921	メガトンパンチ	0	0	5	400	0	敵:攻撃　※攻撃後、自身の「戦闘開始時」「戦闘離脱前」「常時」以外の全てのパッシブスキル･付加効果が確率で発動
922	歌舞優楽	1	0	5	0	36	自:直前に使用したスキルが響鳴を習得条件に含むなら、連続増
923	適者生存	1	0	5	0	36	敵味変:精確攻撃&敵味強:HP増
924	百歩穿楊	1	0	5	0	993	自:DX増
925	カペルスウェイト	0	0	2	400	0	敵6:攻撃　※属性耐性の合計値が高い対象ほどダメージ増
926	カグツチ	0	1	0	500	0	敵3:火撃+味傷3:HP増
927	アグネヤストラ	0	1	2	600	0	敵25:火撃or風撃
928	コメット	0	4	2	500	0	敵3:地撃&環境変調による影響増
929	流金鑠石	1	0	2	0	16	自:火特性は光属性攻撃も強化するようになり、光特性は火属性攻撃も強化するようになる
930	サバト	0	0	0	600	0	自:AT･DX増+敵味全:腐食
931	アグニトラップ	0	1	2	500	0	敵:罠《火天》LV増
932	サモン：プロメテウス	0	1	5	1000	0	自:プロメテウス召喚+強制炎上
933	クリムゾンブレイズ	0	1	5	200	0	敵:7連鎖火領撃
934	ウァレフォル	0	0	0	400	0	敵:攻撃&AT･DF奪取+味全:AT･DF奪取
935	ソーサリーノート	0	1	0	500	0	自:DX･火特性増+味全:強制炎上
936	彩華爛発	1	0	5	0	41	敵4:火撃&炎上
937	ボルカノ	0	1	0	600	0	敵全3:火領撃
938	アロガンシア	0	1	0	500	0	敵:火痛撃&強化ターン効果が3つ以上なら、火痛撃&強化ターン効果を短縮
939	雲煙飛動	1	0	5	0	41	対:連続増+自:連続増
940	オアシス	0	2	1	500	0	味全:水撃+味全:地撃+味全:HP増&強化ターン効果を延長
941	レライエ	0	5	0	700	0	敵傷7:光撃&猛毒+味傷7:HP増
942	マルバス	0	2	0	600	0	敵6:水痛撃&AT減(1T)+味傷6:HP増
943	ポートラップ	0	2	0	400	0	敵:水領撃&罠《甘露》LV増
944	サモン：ミヅハノメ	0	2	5	1000	0	自:ミヅハノメ召喚
945	ニルヴァーナ	0	0	0	500	0	自従全:蘇生LV増+自:ニルヴァーナの残り発動回数が0になる
946	グロトネリーア	0	2	2	500	0	敵貫:水領撃&何か奪取
947	芙蓉覆水	1	0	5	0	39	対:魅了状態なら、魅了減&味傷:HP増
948	ウェルフェア	0	2	1	500	0	味全3:HP増+祝福
949	ジハード	0	2	2	600	0	敵:水撃&HATE増+味全5:HP増&何か増(1T)
950	明鏡止水	1	0	5	0	16	味全:領域値[水]が高いほど攻撃回避率増
951	アガレス	0	3	0	500	0	味傷4:HP･連続増
952	迅雷風烈	1	0	5	0	16	自:風撃LV･光撃LV増
953	ルージャグ	0	6	0	600	0	敵貫4:闇痛撃&祝福
954	クライシス	0	3	2	500	0	敵5:風痛撃&連続奪取+自:HP増
955	クリエイト：リーウェイ	0	3	0	500	0	味全:連続増+敵全:連続減
956	グングニル	0	3	3	250	0	敵従10:精確風撃
957	エンビディア	0	3	2	500	0	敵:風領撃&MSP奪取&名前に「奪」を含む付加効果を1つ奪取
958	驚魂動魄	1	0	5	0	35	対:朦朧･混乱･魅了
959	エリクシール	0	3	0	500	0	味列:活命LV増
960	カタクリズム	0	3	0	600	0	他全:風領撃
961	グシオン	0	0	0	500	0	自:AT･DF･DX･AG･HL･LK増　※対応する強化ターン効果のターン数が多いほどそのステータスの増加量増
962	ベヒル	0	0	0	500	0	自:地特性･光特性増
963	柳暗花明	1	0	4	0	39	対:地撃&祝福 or 闇撃&祝福
964	大山鳴動	1	0	4	0	40	敵傷:精確地撃+自:地撃化(2T)
965	サモン：ベヒモス	0	4	5	1000	0	自:ベヒモス召喚
966	パドルフット	0	4	3	200	0	敵:精確地撃&AG･LK減(3T)
967	異域之鬼	1	0	3	0	16	自:「被攻撃命中後」「被クリティカル後」「攻撃回避後」のパッシブスキル･付加効果の３つ目以降の発動率増
968	アポカリプス	0	4	0	800	0	敵列:地撃&肉体変調による影響増+敵貫:地撃&精神変調による影響増
969	ユグドラシル	0	4	0	800	0	味全:HPが0以下なら、HPが1になる&HP増+自:ユグドラシルの残り発動回数が0になる
970	ペレサ	0	0	0	440	0	敵:怠惰LV増
971	グウェンウィヴァー	0	5	2	500	0	敵:光撃&強化ターン効果の強化量減
972	流星群	1	0	5	0	39	対全2:光撃+自:連続減
973	サモン：タケミカヅチ	0	5	5	1000	0	自:タケミカヅチ召喚
974	リカレンス	0	0	10	300	0	この戦闘中に自身が使用した『スキル名に「カード」が含まれるアクティブスキル』全てがSP消費なく1回ずつ発動(使用したのが早い順に発動)
975	活発婉麗	1	0	2	0	16	自:自身のみを対象とするアクティブスキルに限り、強化ターン効果の強化量増
976	夢想曲	1	0	5	0	41	敵全:SP光撃&魅了･祝福
977	アスクレピオス	0	5	0	500	0	自:HL･光特性増
978	ルフリア	0	5	2	600	0	敵全:光撃&何か奪取　※祝福深度の高い対象ほど奪取量増
979	フィルヒリーシュ	0	5	0	400	0	自:使用するアクティブスキルにおいて、対象が「敵:」の効果がたまに「敵貫:」になる(対象指定は無視される)
980	デストラップ	0	6	0	300	0	敵貫:罠《死魔》LV増
981	サモン：ブードゥードール	0	6	5	1000	0	自:ブードゥードール召喚
982	コディシア	0	6	2	300	0	敵全:闇撃&全属性特性･耐性奪取
983	アンダーテイカー	0	6	1	420	0	敵全:闇領撃&名前に「命」を含む付加効果のLV減
984	スクライカー	0	6	0	500	0	敵全:SP闇撃&MHP減
985	トーテンクロイツ	0	6	1	600	0	敵貫:闇撃&祝福+敵列:闇撃&祝福+味傷4:HP増
986	闇黒狐	1	0	4	0	16	自:領域値[闇]が高いほど攻撃ダメージ増･被攻撃ダメージ減
987	死神	1	0	4	0	16	自:名前に「デス」を含む全スキルを強化
988	クリエイト：ギロチントラップ	0	0	0	500	0	敵:罠《処刑》LV増
989	ヴィーナストラップ	0	0	2	200	0	敵:罠《婉美》LV増
990	手枷足枷	1	0	4	0	16	敵全:名前に「罠」を含む付加効果の発動後、「自:何か減(2T)」も追加で発動するようになる
991	ハイパージョーク	0	0	1	400	0	敵5:SP痛撃&(凍結or魅了)
992	万死一生	1	0	5	0	40	自:HPが0以下なら、HPが1になる&HP増&SP減&万死一生消滅
993	シャーマントラップ	0	0	2	400	0	敵貫:罠《魔牢》LV増
994	ダンタリオン	0	0	0	500	0	自:「クリティカル後」「スキル使用後」のパッシブスキル･付加効果の発動率増
995	アロケル	0	0	2	200	0	自従傷:全ての付加効果のLV増
996	サモン：フォームイト	0	0	5	1000	0	自4:ムイト召喚(複数可)
997	サモン：スペシャルゲスト	0	0	5	1200	0	自:スペシャルゲスト召喚
998	クリエイト：ハイパーポーション	0	0	0	500	0	自従:AT･DF･DX･AG･HL･LK増(5T)
999	サモン：ケツァルコアトル	0	0	5	1000	0	自:ケツァルコアトル召喚
1000	サモン：ワンダーワッフェ	0	0	3	1200	0	自:ワンダーワッフェ召喚
1001	勇気百倍	1	0	5	0	16	自従全:MHP･HATE増
1002	クレイオ	0	0	0	330	0	自従全:祝福+強化ターン効果があればその強化量増
1003	フェアリーマーケット	0	0	3	300	0	味傷3:HP増+装備の付加効果1つのLV増
1004	絶対領域	1	0	5	0	16	自従全:受ける攻撃ダメージが全て0になる(3T)
1005	同心戮力	1	0	4	0	40	自:HP0以下なら、SP増&自従全:エイドならHP奪取
1006	カタストロフィ	0	0	3	600	0	敵:攻撃&全ての環境･肉体･精神変調の深度が1以上なら、10連撃
1007	アムブロシア	0	0	2	500	0	味傷3:HP増+石化･暴走減
1008	ラバーキン	0	0	0	500	0	敵:攻撃&対象の持つターン効果全てを自身に上書きコピーする
1009	百術千慮	1	0	12	0	16	自:全属性耐性･環境変調耐性･肉体変調耐性･精神変調耐性増
1010	鬼哭啾啾	1	0	5	0	39	対5:変調のどれか(凍結･石化･暴走以外)
1011	ディーヴァ	0	0	0	320	0	敵全3:SP攻撃&魅了　※敵の数が多いほど効果増
1012	エラト	0	0	2	500	0	敵:5連鎖SP攻撃&味傷5:HP増
1013	息災延命	1	0	5	0	16	味全:活命LV増
1014	反魂香	1	0	6	0	41	対:蘇生LV増
1015	デウスエクスマキナ	0	0	0	1000	0	敵全:攻撃　※ターンが経過しているほどダメージ増
1016	宝珠作製	1	0	0	0	43	生産行動『装備作製』で武器「宝珠」を選択できる。宝珠は武器の効果に加えて「HP回復後」のパッシブスキル･付加効果の発動率も増加する。
1017	肉球作製	1	0	0	0	43	生産行動『装備作製』で武器「肉球」を選択できる。肉球は効果3にぷにLVが付加される。
1018	神器作製	1	0	0	0	43	生産行動『装備作製』で武器「神器」を選択できる。神器は効果3に吸収LVが付加される。
1019	毒牙作製	1	0	0	0	43	生産行動『装備作製』で武器「毒牙」を選択できる。毒牙は武器の効果に加えて肉体変調特性も増加する。
1020	火衣作製	1	0	0	0	43	生産行動『装備作製』で防具「火衣」を選択できる。火衣は効果3に火纏LVが付加される。
1021	水衣作製	1	0	0	0	43	生産行動『装備作製』で防具「水衣」を選択できる。水衣は効果3に水纏LVが付加される。
1022	風衣作製	1	0	0	0	43	生産行動『装備作製』で防具「風衣」を選択できる。風衣は効果3に風纏LVが付加される。
1023	地衣作製	1	0	0	0	43	生産行動『装備作製』で防具「地衣」を選択できる。地衣は効果3に地纏LVが付加される。
1024	魔衣作製	1	0	0	0	43	生産行動『装備作製』で防具「魔衣」を選択できる。魔衣は効果3に体力LVが付加される。
1025	光飾作製	1	0	0	0	43	生産行動『装備作製』で装飾「光飾」を選択できる。光飾は効果3に光纏LVが付加される。
1026	闇飾作製	1	0	0	0	43	生産行動『装備作製』で装飾「闇飾」を選択できる。闇飾は効果3に闇纏LVが付加される。
1027	魔鏡作製	1	0	0	0	43	生産行動『装備作製』で装飾「魔鏡」を選択できる。魔鏡は装飾の効果に加えて「被攻撃命中後」「被クリティカル後」「攻撃回避後」のパッシブスキル･付加効果の発動率も増加する。
1028	神工鬼斧	1	0	0	0	43	装備作製において、装備品の強さの計算に付加LVも少し関わるようになる。
1029	効果装着	1	0	0	0	43	装備品だけでなくエイドに対しても効果を付加できるようになる。各エイド1つまでで、上書き可能。付加効果と条件LVは素材説明の防具のものを参照する。
1030	遠隔合成	1	0	0	0	43	周囲８エリア内に限らず、同じ区にいる相手なら合成できるようになる。
1031	独具匠心	1	0	0	0	43	装備作製において、装備品の強さの計算に合成LVも少し関わるようになる。
1032	健食作製	1	0	0	0	43	生産行動『料理』で料理「健食」を選択できる。健食は強さが減少するが、食べると強さに応じたLVの活力が追加で付加される。
1033	喉飴作製	1	0	0	0	43	生産行動『料理』で料理「喉飴」を選択できる。喉飴は強さが減少するが、食べると強さに応じたLVの魔力が追加で付加される。
1034	出前一丁	1	0	0	0	43	周囲８エリア内に限らず、同じ区にいる相手なら料理できるようになる。
1035	ミスティックパウダ	0	0	0	0	0	 
1036	スティンガ	0	0	0	0	0	 
1037	アトランティス	0	0	0	0	0	 
1038	ファイアプレデタ	0	0	0	0	0	 
1039	トールハンマ	0	0	0	0	0	 
1040	スクライカ	0	0	0	0	0	 
1041	ボルボロス	0	0	0	0	0	 
1042	クリエイト：モンスタ	0	0	0	0	0	 
1043	アンダーテイカ	0	0	0	0	0	 
1044	アルケー	0	0	0	0	0	 
