result_no	generate_no	e_no	aide_no	name	enemy_id	cost_sp	bonds	mhp	msp	mep	range	fuka_texts	skill_texts	
29	0	2	1	せみ	723	114	2	16185	569	25	5	風纏35 器用35 敏捷35 幸運35 舞痺35 舞乱35 	ソウルビート テンポラルスウォール ショックウェイブ シュリーク 先制 超音波 見切 死線 
29	0	4	1	ドリルミサイル	499	100	10	24271	886	25	5	防疫25 魅了25 地纏25 耐光25 耐水25 回復25 	フラワーバド フラワーバラッド ヒールハーブ クラウト 地の祝福 草根木皮 精神力 瘴気 地特性回復 ★救済 ★ハーバルメディスン 
29	0	7	1	蜃	684	107	5	19116	684	25	3	体力30 災30 耐災30 耐災30 敏捷30 敏捷30 	クリエイト：ワンダーランド ディープフリーズ ファイアスパウト ヒールミスト 隠者 環境変調特性 環境変調耐性 見切 蜃気楼 ★ディケイドミスト 
29	0	7	2	捨てインコ	789	108	2	15013	536	25	5	攻撃35 器用35 体力35 体力35 命脈35 魔脈35 	クリスタルブラスト バトルダンス イグニス アイシクルランス ショックウェイブ グランドクラッシャー カレイドスコープ ダウンフォール 金剛不壊 心機掌握 千変万化 士気高揚 
29	0	7	3	歩行薬草	891	117	1	14992	524	25	5	回復40 共鳴40 防疫40 追風40 襲地40 救命40 	パストラーレ ヒールハーブ クラウト ミリキアレギア 地の祝福 地特性回復 草根木皮 地霊力 
29	0	14	1	チェリーさん	64	63	26	22756	1038	25	3	魅了10 狂10 敏捷10 敏捷10 加速10 魔力10 	チャームダンス バトルダンス ブレイク 士気高揚 堅守 隠者 精神変調特性 精神変調耐性 ★ラブトラップ ★先制 
29	0	14	2	歩行石壁	55	56	25	18431	904	25	1	魔力10 幸運10 活力10 耐地10 防御10 体力10 	プロテクション ブロック ワイドプロテクション 火炎避け 太陽 剛健 瑠璃樹 守勢 ★背水 ★グランドウォール 
29	0	14	3	ジャンボゼミ	242	65	23	22134	985	25	3	貫撃15 列撃15 敏捷15 風纏15 加速15 舞反15 	イクスプロイト ビブラート フォースフィールド 神風 不屈 風の祝福 阿修羅 ★再活性 ★血気 
29	0	22	1	『アマガサアメヤ』	428	89	18	29442	1124	25	4	反射20 体力20 魔力20 回復20 水纏20 共鳴20 	ディープブルー ブレッシングレイン ビッグウェイブ アクアリカバー アクアヒール エナジータイド 水の祝福 水特性回復 火炎避け 氷水避け 背水 見切 ★五月雨 ★スティクス 
29	0	22	2	『オオカミギルル』	455	98	17	32433	1194	25	1	活力25 攻撃25 防御25 器用25 反撃25 反撃25 	イレイザー ストライク アサルト アブソリュート 強打 猛攻 堅守 阿修羅 ★血気 ★背水 
29	0	22	3	『ドクツルレンカ』	474	96	16	30262	1124	25	3	疫25 狂25 復活25 反毒25 魔力25 魔力25 	ヴェノムスパウト シュリーク クラウン ウィルスゾーン ツインブラスト 肉体変調特性 精神変調特性 肉体変調耐性 環境変調耐性 瘴気 ★百孔千瘡 ★コンテイジョン 
29	0	26	1	骨ウルフ	371	80	17	24429	975	25	3	攻撃20 放衰20 道連20 復活20 闇撃20 衰弱20 	デスキャズム ナイトフィーバー デスブランド ペレル ワンオンキル 瘴気 不屈 猛攻 死線 ★クランブル ★闇の祝福 
29	0	26	2	沼ペンギン	372	82	16	24276	957	25	1	活力20 体力20 闇纏20 反腐20 防御20 敏捷20 	ラトゥンブロウ コロウドスパウト スティクス ピュリフィケーション 隠者 敗柳残花 先制 肉体変調特性 ★五月雨 ★数多の怨 
29	0	26	3	ユメロジヒメノ人形	389	84	15	24216	946	25	3	反縛20 舞盲20 反護20 舞護20 活力20 防御20 	グランドウォール グラビティブラスト アースタンブア ストーンブラスト 堅守 背水 肉体変調耐性 不屈 ★地の祝福 ★プレシアンス 
29	0	27	1	雪花兎・白	718	105	4	17230	621	25	4	地纏30 地纏30 耐霊30 奪命30 増勢30 耐疫30 	バインディング ペトリフィケーション ダンスマカブル フングラ ストーンブラスト フラワーバド 巧技 麻痺耐性 束縛耐性 地の祝福 死線 
29	0	27	2	毒ガス散布装置	474	96	14	27774	1031	25	3	疫25 狂25 復活25 反毒25 魔力25 魔力25 	ヴェノムスパウト シュリーク クラウン ウィルスゾーン ツインブラスト 肉体変調特性 精神変調特性 肉体変調耐性 環境変調耐性 瘴気 ★百孔千瘡 ★コンテイジョン 
29	0	27	3	デスメカパンジャンドラム	371	80	20	27324	1091	25	3	攻撃20 放衰20 道連20 復活20 闇撃20 衰弱20 	デスキャズム ナイトフィーバー デスブランド ペレル ワンオンキル 瘴気 不屈 猛攻 死線 ★クランブル ★闇の祝福 
29	0	30	1	動く沼	827	116	3	18166	635	25	4	攻撃35 地纏35 放盲35 道連35 反護35 反護35 	ダンスマカブル ランドグラスプ グラビティブラスト デモリッシュ 地の祝福 時の牢 背水 大山鳴動 
29	0	30	2	カバ	834	114	2	16185	569	25	1	増勢35 攻撃35 闇纏35 活力35 防御35 反闇35 	ブラッドレイン ナイトフィーバー ドレインライフ デスブロウ インソウル 闇の祝福 闇特性回復 修復 起死回生 血気 
29	0	30	3	キリン	819	112	1	14245	504	25	1	活力35 体力35 耐災35 耐疫35 攻撃35 光纏35 	トールハンマー 魔力凝縮 光の祝福 血気 朦朧耐性 集気 
29	0	34	1	韮マン	337	75	21	25583	1056	25	1	地纏15 守護15 耐水15 耐光15 強靭15 回復15 	ハーバルメディスン ヒールハーブ ヴェノムスパウト 神威 肉体変調特性 瘴気 太陽 堅守 ★草根木皮 ★ニライカナイ 
29	0	34	2	洗濯機	335	86	16	26144	1010	25	3	魔力20 水纏20 鎮痛20 増幅20 活力20 攻撃20 	ディープブルー カタラクト バブルトラップ コンセントレイト 猛攻 太陽 肉体変調耐性 精神変調耐性 ★水の祝福 ★集気 
29	0	34	3	ウルフ	80	75	22	26453	1092	25	1	攻撃15 連撃15 活力15 加速15 衰弱15 敏捷15 	チャージ クイック フィアスファング スイープ 猛攻 剛健 血気 見切 精神変調耐性 ★ブレイドフォーム ★モラール 
29	0	47	1	やちまたさまのめだませおい	501	86	15	25152	971	25	3	祝福25 防狂25 命脈25 魔脈25 体力25 回復25 	ラッキータイム プリディクション チキンハート ルージィグージィ ノーマライズ 献身 結界 精神変調耐性 見切 救済 ★ディビジョン ★サルベイション 
29	0	47	2	やちまたさまのうではこび	393	74	17	22005	908	25	2	攻撃20 水撃20 体力20 体力20 加速20 水纏20 	チキンハート ウィークサーチ アイスエイジ コールドイミッター アイシクルランス 隠者 先制 炎上耐性 凍結耐性 ★朦朧耐性 ★スティクス 
29	0	47	3	風使い	396	77	16	22112	899	25	5	攻撃20 器用20 追風20 反乱20 風纏20 風撃20 	ブルーゲイル ショックウェイブ リワインド エアスラッシュ ウィンドカッター ウィンドコイル 風の祝福 神風 衝撃波 旋風 血気 ★インパクト ★スカイハイ 
29	0	49	1	風使い-スフェン-	396	77	16	22112	899	25	5	攻撃20 器用20 追風20 反乱20 風纏20 風撃20 	ブルーゲイル ショックウェイブ リワインド エアスラッシュ ウィンドカッター ウィンドコイル 風の祝福 神風 衝撃波 旋風 血気 ★インパクト ★スカイハイ 
29	0	49	2	オクライリーヌ	474	96	15	29019	1078	25	3	疫25 狂25 復活25 反毒25 魔力25 魔力25 	ヴェノムスパウト シュリーク クラウン ウィルスゾーン ツインブラスト 肉体変調特性 精神変調特性 肉体変調耐性 環境変調耐性 瘴気 ★百孔千瘡 ★コンテイジョン 
29	0	49	3	うーぱー	484	98	14	28670	1055	25	1	攻撃25 麻痺25 気合25 器用25 追撃25 強撃25 	デスペラート インファイト ヴィクティム チェインリアクト チャージ クイック 剛健 巧技 阿修羅 精神力 ★血気 ★デスラッシュ 
29	0	53	1	デスブランド	118	72	21	24507	1024	25	1	深手15 腐朽15 闇纏15 治癒15 器用15 復活15 	ペレル シャドウラーカー デッドライン 敗柳残花 背水 死線 猛攻 巧技 ★デスブランド ★クランブル 
29	0	54	1	マッスルボディだった追加アーム	724	100	4	16283	594	25	3	活力30 体力30 鎮痛30 強靭30 攻撃30 防御30 	エネルジコ フォレストアーム パワフルポーション ガオケレナ デコイ ブロック 剛健 堅守 炸裂 不屈 
29	0	54	2	野人だった追加アーム	772	122	2	17483	605	25	1	活力35 体力35 攻撃35 防御35 強撃35 強撃35 	ワロップ ビブラート 太陽 阿修羅 不屈 再生 
29	0	54	3	大毒茸の一部	474	96	11	24044	893	25	3	疫25 狂25 復活25 反毒25 魔力25 魔力25 	ヴェノムスパウト シュリーク クラウン ウィルスゾーン ツインブラスト 肉体変調特性 精神変調特性 肉体変調耐性 環境変調耐性 瘴気 ★百孔千瘡 ★コンテイジョン 
29	0	55	1	ダンデライオン	81	63	22	20210	917	25	1	魅了15 光撃15 光纏15 反光15 放魅15 器用15 	カタルシス ライトニング パージ 血気 集気 猛攻 光の祝福 ★サンダーフォーム ★不屈 
29	0	61	1	イマジナリーお掃除メイドさん	394	80	19	26262	1049	25	5	強撃20 追撃20 活力20 体力20 攻撃20 器用20 	ブレイク クイック ピンポイント ペネトレイト スイープ 猛攻 堅守 太陽 隠者 ★ディスオーダー ★デスラッシュ 
29	0	61	2	フェアリー	319	84	18	27422	1068	25	5	朦朧20 混乱20 器用20 敏捷20 風柳20 舞魅20 	カレイドスコープ ディスオーダー チャームダンス 朦朧耐性 混乱耐性 魅了耐性 精神変調特性 見切 ★旋風 ★悪夢 
29	0	61	3	ホブゴブリン	373	79	17	23949	960	25	1	攻撃20 防御20 鎮痛20 反撃20 増幅20 強靭20 	カウンター ガーディアン ハードブレイク ストライク 太陽 猛攻 堅守 応酬 ★血気 ★炸裂 
29	0	62	1	インキュバス	536	94	11	23268	872	25	4	快癒25 魔力25 耐狂25 奪命25 闇纏25 体力25 	ナイトフィーバー ミッドナイトカーテン マインドブレイク ルージィグージィ ボロウライフ 闇の祝福 悪夢 酔生夢死 精神力 ★ミゼラブルメモリー ★オミナスドリーム 
29	0	62	2	かなぶん	760	117	5	21416	748	25	2	敏捷35 回復35 反撃35 体力35 光纏35 加速35 	ワイドプロテクション バトルダンス ナース リリーフ 光の祝福 光特性回復 薬師 対症下薬 戴天 ★起死回生 
29	0	62	3	コカトリス	510	102	8	22165	805	25	1	敏捷25 幸運25 舞石25 舞毒25 反護25 滑々25 	エレジー チキンハート ヴィジランス ハオマ 精神変調耐性 堅守 泡沫 再活性 見切 ★デスペラート 
29	0	71	1	捨て猫	585	98	10	23535	866	25	1	心酔30 致命30 反反30 舞反30 器用30 幸運30 	モラール グリムリーパー フェイタルポイント クリーンヒット ピンポイント 猛攻 巧技 士気高揚 強打 電光石火 ★心機掌握 ★グラーシーザ 
29	0	71	2	とら	484	98	13	27387	1008	25	1	攻撃25 麻痺25 気合25 器用25 追撃25 強撃25 	デスペラート インファイト ヴィクティム チェインリアクト チャージ クイック 剛健 巧技 阿修羅 精神力 ★血気 ★デスラッシュ 
29	0	71	3	チンピラ猫山	244	66	20	20263	897	25	1	攻撃15 獄炎15 器用15 復活15 火纏15 幸運15 	レッドゾーン デストロイ レッドショック 炎上耐性 混乱耐性 獄炎陣 巧技 火の祝福 ★フレイムレゾナンス ★ジャイアントキル 
29	0	72	1	メラン	52	60	27	22125	1030	25	1	攻撃10 器用10 活力10 体力10 幸運10 道連10 	ブラスト クイック チェインリアクト 猛攻 剛健 阿修羅 血気 ★バインディング ★不屈 
29	0	72	2	ウルフ	80	75	26	29944	1236	25	1	攻撃15 連撃15 活力15 加速15 衰弱15 敏捷15 	チャージ クイック フィアスファング スイープ 猛攻 剛健 血気 見切 精神変調耐性 ★ブレイドフォーム ★モラール 
29	0	72	3	大ガラス	59	74	24	28085	1160	25	2	攻撃10 深手10 風柳10 舞反10 器用10 敏捷10 	カラミティゲイル ワールウィンド インパクト エアブラスト 死線 士気高揚 見切 巧技 泡沫 ★カマイタチ ★インスージアズム 
29	0	85	1	とら	484	98	12	26103	961	25	1	攻撃25 麻痺25 気合25 器用25 追撃25 強撃25 	デスペラート インファイト ヴィクティム チェインリアクト チャージ クイック 剛健 巧技 阿修羅 精神力 ★血気 ★デスラッシュ 
29	0	85	2	ウルフ	80	75	26	29944	1236	25	1	攻撃15 連撃15 活力15 加速15 衰弱15 敏捷15 	チャージ クイック フィアスファング スイープ 猛攻 剛健 血気 見切 精神変調耐性 ★ブレイドフォーム ★モラール 
29	0	85	3	木霊	534	110	6	21351	758	25	5	守護30 防災30 風纏30 耐霊30 体力30 回復30 	ワールウィンド キュアサイクロン キュアブリーズ 神風 風特性回復 治癒領域 救済 風の祝福 ★水声山色 
29	0	89	1	捨てインコ	789	108	1	13560	484	25	5	攻撃35 器用35 体力35 体力35 命脈35 魔脈35 	クリスタルブラスト バトルダンス イグニス アイシクルランス ショックウェイブ グランドクラッシャー カレイドスコープ ダウンフォール 金剛不壊 心機掌握 千変万化 士気高揚 
29	0	91	1	かなぶん	760	117	4	19810	692	25	2	敏捷35 回復35 反撃35 体力35 光纏35 加速35 	ワイドプロテクション バトルダンス ナース リリーフ 光の祝福 光特性回復 薬師 対症下薬 戴天 
29	0	91	2	大狼	529	105	8	22819	823	25	1	活力30 攻撃30 防御30 器用30 風撃30 地撃30 	フィアスファング チェインリアクト ヴィクティム チャージ 血気 死線 先制 阿修羅 ★ジェネラル 
29	0	91	3	ピーチさん	898	128	1	16881	575	25	3	舞地40 舞水40 命脈40 魔脈40 活力40 防御40 	クワシール クリスタルブラスト デスペラート ハオマ 超絶英雄 精神変調耐性 金剛不壊 有為転変 秘法妙薬 
29	0	94	1	河童	477	93	15	27798	1044	25	3	活力25 体力25 水纏25 防御25 耐光25 耐闇25 	アクアレゾナンス スティクス カタラクト アクアブランド 水の祝福 泡沫 精神力 隠者 ★五月雨 ★見切 
29	0	94	2	ラフレシア	419	93	14	26684	1002	25	3	疫20 疫20 活力20 体力20 放痺20 放衰20 	コンテイジョン ヴェノムスパウト コロウドスパウト 肉体変調特性 瘴気 不屈 腐敗堕落 ★百孔千瘡 ★アスプ 
29	0	94	3	長い犬	251	84	19	28367	1108	25	1	反毒15 反毒15 防御15 防御15 活力15 活力15 	フロウライフ エスコート プロテクション ヴェノムスパウト 守勢 太陽 戴天 再生 召喚強化 ★サモン：スライム ★サモン：スプーキーアイ 
29	0	97	1	とら	484	98	11	24820	914	25	1	攻撃25 麻痺25 気合25 器用25 追撃25 強撃25 	デスペラート インファイト ヴィクティム チェインリアクト チャージ クイック 剛健 巧技 阿修羅 精神力 ★血気 ★デスラッシュ 
29	0	97	2	アルラウネ	499	100	10	24271	886	25	5	防疫25 魅了25 地纏25 耐光25 耐水25 回復25 	フラワーバド フラワーバラッド ヒールハーブ クラウト 地の祝福 草根木皮 精神力 瘴気 地特性回復 ★救済 ★ハーバルメディスン 
29	0	100	1	蜃	684	107	9	24852	890	25	3	体力30 災30 耐災30 耐災30 敏捷30 敏捷30 	クリエイト：ワンダーランド ディープフリーズ ファイアスパウト ヒールミスト 隠者 環境変調特性 環境変調耐性 見切 蜃気楼 ★ディケイドミスト 
29	0	100	2	とら	484	98	12	26103	961	25	1	攻撃25 麻痺25 気合25 器用25 追撃25 強撃25 	デスペラート インファイト ヴィクティム チェインリアクト チャージ クイック 剛健 巧技 阿修羅 精神力 ★血気 ★デスラッシュ 
29	0	100	3	洗濯機	335	86	20	30443	1176	25	3	魔力20 水纏20 鎮痛20 増幅20 活力20 攻撃20 	ディープブルー カタラクト バブルトラップ コンセントレイト 猛攻 太陽 肉体変調耐性 精神変調耐性 ★水の祝福 ★集気 
29	0	103	1	魔法陣『鋏』	484	98	11	24820	914	25	1	攻撃25 麻痺25 気合25 器用25 追撃25 強撃25 	デスペラート インファイト ヴィクティム チェインリアクト チャージ クイック 剛健 巧技 阿修羅 精神力 ★血気 ★デスラッシュ 
29	0	103	2	魔法陣『澪』	335	86	16	26144	1010	25	3	魔力20 水纏20 鎮痛20 増幅20 活力20 攻撃20 	ディープブルー カタラクト バブルトラップ コンセントレイト 猛攻 太陽 肉体変調耐性 精神変調耐性 ★水の祝福 ★集気 
29	0	103	3	魔法陣『肥』	419	93	15	27878	1047	25	3	疫20 疫20 活力20 体力20 放痺20 放衰20 	コンテイジョン ヴェノムスパウト コロウドスパウト 肉体変調特性 瘴気 不屈 腐敗堕落 ★百孔千瘡 ★アスプ 
29	0	104	1	スノードラゴン	841	128	3	20539	700	25	5	水纏40 耐霊40 活力40 体力40 魔力40 反護40 	アクアレゾナンス ブリザード アイスフォール スノーホワイト 水の祝福 凍結耐性 緩歌縵舞 水霊力 
29	0	104	2	ロックドラゴン	817	126	2	18311	627	25	1	地纏35 耐疫35 活力35 防御35 命脈35 応報35 	グランドウォール バンカー メテオ グランドクラッシャー 地の祝福 大崩壊 剛健 不屈 
29	0	104	3	アカズキン	928	199	1	35262	894	25	5	体力40 攻撃40 火纏40 増勢40 火撃40 炎上40 	ファイアプレデター インフェルノ ボンバルディエ ファイアグレネード 火の祝福 火霊力 血気 死線 
29	0	108	1	大黒猫	56	58	25	19529	936	25	3	連撃10 麻痺10 幸運10 敏捷10 魔力10 耐闇10 	チャージ ラッシュ クイック 猛攻 隠者 巧技 見切 ★ブレイドフォーム ★先制 
29	0	108	2	沼ペンギン	372	82	18	26273	1036	25	1	活力20 体力20 闇纏20 反腐20 防御20 敏捷20 	ラトゥンブロウ コロウドスパウト スティクス ピュリフィケーション 隠者 敗柳残花 先制 肉体変調特性 ★五月雨 ★数多の怨 
29	0	108	3	毒蜘蛛	539	107	8	23475	840	25	5	疫30 疫30 疫30 疫30 耐疫30 耐疫30 	ポイゾナスブラッド タクシックゾーン ヴェノムスパウト マイアズマ グレイブシンプトム 肉体変調特性 瘴気 不屈 闇の祝福 ★百孔千瘡 
29	0	110	1	アルラウネ	499	100	10	24271	886	25	5	防疫25 魅了25 地纏25 耐光25 耐水25 回復25 	フラワーバド フラワーバラッド ヒールハーブ クラウト 地の祝福 草根木皮 精神力 瘴気 地特性回復 ★救済 ★ハーバルメディスン 
29	0	110	2	ロックドラゴン	817	126	3	20085	688	25	1	地纏35 耐疫35 活力35 防御35 命脈35 応報35 	グランドウォール バンカー メテオ グランドクラッシャー 地の祝福 大崩壊 剛健 不屈 
29	0	110	3	沼ドラゴン	818	119	2	16978	590	25	2	奪命35 防疫35 闇纏35 鎮痛35 攻撃35 回復35 	ヴァンパイアピット ブラックヴェール ダークミスト ヴェノムスパウト 肉体変調特性 精神変調特性 闇特性回復 闇霊力 瘴気 
29	0	116	1	ありふれた縫いぐるみ	56	58	24	18942	907	25	3	連撃10 麻痺10 幸運10 敏捷10 魔力10 耐闇10 	チャージ ラッシュ クイック 猛攻 隠者 巧技 見切 ★ブレイドフォーム ★先制 
29	0	116	2	[爪]	529	105	12	28408	1024	25	1	活力30 攻撃30 防御30 器用30 風撃30 地撃30 	フィアスファング チェインリアクト ヴィクティム チャージ 血気 死線 先制 阿修羅 ★ジェネラル ★背水 
29	0	118	1	バーテンダー	562	96	6	17875	663	25	2	回復30 水纏30 祝福30 幸運30 混乱30 反魅30 	コンフィデンス マインドブレイク アクアヒール ヒールミスト エナジータイド ブレッシングレイン 水の祝福 精神変調耐性 以毒制毒 五月雨 水特性回復 ★酔生夢死 
29	0	118	2	チノ	536	94	10	22065	827	25	4	快癒25 魔力25 耐狂25 奪命25 闇纏25 体力25 	ナイトフィーバー ミッドナイトカーテン マインドブレイク ルージィグージィ ボロウライフ 闇の祝福 悪夢 酔生夢死 精神力 ★ミゼラブルメモリー ★オミナスドリーム 
29	0	118	3	東方の蝶	335	86	16	26144	1010	25	3	魔力20 水纏20 鎮痛20 増幅20 活力20 攻撃20 	ディープブルー カタラクト バブルトラップ コンセントレイト 猛攻 太陽 肉体変調耐性 精神変調耐性 ★水の祝福 ★集気 
29	0	133	1	魚雷魚	589	105	5	18671	673	25	3	水纏30 敏捷30 道連30 奪命30 復活30 応報30 	ディープブルー カタラクト 水の祝福 水霊力 五月雨 集気 氷水避け ★魔力凝縮 
29	0	133	2	カマラサウルス	899	133	3	21369	723	25	1	道連40 道連40 体力40 体力40 活力40 活力40 	スペシャルタイム アイオリア サモン：ノーム 剛健 風起雲湧 不屈 召喚強化 
29	0	133	3	カバ	834	114	2	16185	569	25	1	増勢35 攻撃35 闇纏35 活力35 防御35 反闇35 	ブラッドレイン ナイトフィーバー ドレインライフ デスブロウ インソウル 闇の祝福 闇特性回復 修復 起死回生 血気 
29	0	134	1	野人	772	122	2	17483	605	25	1	活力35 体力35 攻撃35 防御35 強撃35 強撃35 	ワロップ ビブラート 太陽 阿修羅 不屈 再生 
29	0	134	2	電波塔	832	124	1	16198	557	25	5	狂40 反乱40 活力40 体力40 攻撃40 防御40 	カームソング インディグネイション カオス スクリーム 催眠術 超音波 精神変調特性 先制 
29	0	136	1	魚雷魚	589	105	5	18671	673	25	3	水纏30 敏捷30 道連30 奪命30 復活30 応報30 	ディープブルー カタラクト 水の祝福 水霊力 五月雨 集気 氷水避け ★魔力凝縮 
29	0	136	2	ズール	933	131	1	17256	586	25	1	反火40 反火40 鎮痛40 活力40 命脈40 命脈40 	フレアランブル ヒートウェイブ 火の祝福 背水 金剛不壊 異域之鬼 炉火純青 
29	0	136	3	バンシー	727	108	3	16427	587	25	4	闇纏30 壊裂30 道連30 放縛30 反闇30 舞闇30 	デスキャズム ブラックヴェール マインドブレイク アバンダン 殺界 超音波 大叫喚 再活性 
29	0	142	1	電波塔	832	124	3	19669	677	25	5	狂40 反乱40 活力40 体力40 攻撃40 防御40 	カームソング インディグネイション カオス スクリーム 催眠術 超音波 精神変調特性 先制 
29	0	142	2	燃え続ける赤	391	94	19	32993	1233	25	5	火撃20 炎上20 反火20 反痺20 攻撃20 火纏20 	クリムゾンスカイ ヒドラジン バーニングサースト フレイムインパクト オイルファイア レッドショック 阿修羅 炎上耐性 火炎避け 烽火連天 星火燎原 ★火の祝福 ★ボンバルディエ 
29	0	142	3	赤黒の杠	419	93	13	25488	957	25	3	疫20 疫20 活力20 体力20 放痺20 放衰20 	コンテイジョン ヴェノムスパウト コロウドスパウト 肉体変調特性 瘴気 不屈 腐敗堕落 ★百孔千瘡 ★アスプ 
29	0	147	1	葬送の慟哭	832	124	3	19669	677	25	5	狂40 反乱40 活力40 体力40 攻撃40 防御40 	カームソング インディグネイション カオス スクリーム 催眠術 超音波 精神変調特性 先制 
29	0	147	2	白狼のかたち	529	105	7	21422	772	25	1	活力30 攻撃30 防御30 器用30 風撃30 地撃30 	フィアスファング チェインリアクト ヴィクティム チャージ 血気 死線 先制 阿修羅 ★ジェネラル 
29	0	147	3	白蛇のかたち	280	80	22	29146	1164	25	3	猛毒15 衰弱15 闇纏15 舞撃15 敏捷15 器用15 	ポイズンファング ウィザー ペレル ローレジスタンス 泡沫 肉体変調特性 肉体変調耐性 死線 巧技 ★再活性 ★覇気 
29	0	151	1	暴走自転車	450	80	15	22501	898	25	3	風撃20 混乱20 狂20 器用20 敏捷20 追風20 	スクランブル デスラッシュ ラッシュ クイックレメディ 電光石火 混乱耐性 攻勢 対症下薬 神風 ★グラインドコア ★ストラテージュ 
29	0	151	2	キムナイヌ	455	98	14	28592	1053	25	1	活力25 攻撃25 防御25 器用25 反撃25 反撃25 	イレイザー ストライク アサルト アブソリュート 強打 猛攻 堅守 阿修羅 ★血気 ★背水 
29	0	151	3	ラフレシア	419	93	13	25488	957	25	3	疫20 疫20 活力20 体力20 放痺20 放衰20 	コンテイジョン ヴェノムスパウト コロウドスパウト 肉体変調特性 瘴気 不屈 腐敗堕落 ★百孔千瘡 ★アスプ 
29	0	152	1	ダンデライオン	81	63	22	20210	917	25	1	魅了15 光撃15 光纏15 反光15 放魅15 器用15 	カタルシス ライトニング パージ 血気 集気 猛攻 光の祝福 ★サンダーフォーム ★不屈 
29	0	152	2	暴走トラック	459	82	17	25276	997	25	1	攻撃25 増幅25 耐風25 耐闇25 奪命25 復活25 	クレイジーチューン ハードブレイク イレイザー 強打 攻勢 阿修羅 血気 ★先制 ★神風 
29	0	154	1	歩行石壁	55	56	25	18431	904	25	1	魔力10 幸運10 活力10 耐地10 防御10 体力10 	プロテクション ブロック ワイドプロテクション 火炎避け 太陽 剛健 瑠璃樹 守勢 ★背水 ★グランドウォール 
29	0	157	1	ぎの	474	96	15	29019	1078	25	3	疫25 狂25 復活25 反毒25 魔力25 魔力25 	ヴェノムスパウト シュリーク クラウン ウィルスゾーン ツインブラスト 肉体変調特性 精神変調特性 肉体変調耐性 環境変調耐性 瘴気 ★百孔千瘡 ★コンテイジョン 
29	0	157	2	しろ	484	98	14	28670	1055	25	1	攻撃25 麻痺25 気合25 器用25 追撃25 強撃25 	デスペラート インファイト ヴィクティム チェインリアクト チャージ クイック 剛健 巧技 阿修羅 精神力 ★血気 ★デスラッシュ 
29	0	157	3	ホウオウ	517	108	9	25123	898	25	3	致命30 風撃30 風纏30 器用30 耐災30 耐疫30 	スカイハイ カラミティゲイル ウィンドコイル 風の祝福 衝撃波 瑞星 見切 一望千里 ★ストームブリンガー 
29	0	158	1	大毒茸	474	96	13	26531	985	25	3	疫25 狂25 復活25 反毒25 魔力25 魔力25 	ヴェノムスパウト シュリーク クラウン ウィルスゾーン ツインブラスト 肉体変調特性 精神変調特性 肉体変調耐性 環境変調耐性 瘴気 ★百孔千瘡 ★コンテイジョン 
29	0	158	2	式神《鳥》	64	63	26	22756	1038	25	3	魅了10 狂10 敏捷10 敏捷10 加速10 魔力10 	チャームダンス バトルダンス ブレイク 士気高揚 堅守 隠者 精神変調特性 精神変調耐性 ★ラブトラップ ★先制 
29	0	158	3	『歩行軍手』	96	77	22	27671	1124	25	1	強撃15 強撃15 防御15 命脈15 活力15 体力15 	フロウライフ カウンター デスペラート ブレイク 猛攻 堅守 太陽 背水 ★戴天 ★覇気 
29	0	159	1	捨て犬	774	107	2	14852	531	25	1	地纏35 攻撃35 反地35 反衰35 器用35 体力35 	モータルバイト ジャイアントラップル 猛攻 阿修羅 集気 逆襲 
29	0	159	2	踊る寒天	773	110	1	13869	492	25	1	水纏35 防災35 敏捷35 回復35 加速35 防疫35 	アクアレゾナンス ウォーターフォール アクアシェル アクアリカバー アクアヒール 水の祝福 見切 水特性回復 水霊力 五月雨 
29	0	160	1	捨て犬	774	107	3	16289	583	25	1	地纏35 攻撃35 反地35 反衰35 器用35 体力35 	モータルバイト ジャイアントラップル 猛攻 阿修羅 集気 逆襲 
29	0	160	2	ミカンさん	725	121	2	17392	601	25	3	回復35 耐狂35 鎮痛35 反護35 全護35 全護35 	マナポーション ポーションラッシュ ヒールポーション インスタントポーション クリエイト：メディカルリキッド 献身 変若水 天香桂花 覇気 
29	0	160	3	スノードラゴン	841	128	1	16914	576	25	5	水纏40 耐霊40 活力40 体力40 魔力40 反護40 	アクアレゾナンス ブリザード アイスフォール スノーホワイト 水の祝福 凍結耐性 緩歌縵舞 水霊力 
29	0	169	1	煙々羅	488	84	11	20065	784	25	5	盲目25 朦朧25 防御25 器用25 防災25 防狂25 	ガスト アゲンスト キュアサイクロン キュアブリーズ ヒールウィンド 薬師 風の祝福 風特性回復 結界 救済 ★スカイハイ ★超音波 
29	0	169	2	木霊	534	110	10	27309	970	25	5	守護30 防災30 風纏30 耐霊30 体力30 回復30 	ワールウィンド キュアサイクロン キュアブリーズ 神風 風特性回復 治癒領域 救済 風の祝福 ★水声山色 ★トキツカゼ 
29	0	169	3	マングース	780	119	5	21862	761	25	3	風撃35 魅域35 敏捷35 風柳35 風纏35 幸運35 	ブラッドアイズ スティンガー ブラーゼン インスージアズム スカイディバイド エアスラッシュ 風の祝福 風霊力 旋風 泡沫 ★不屈 
29	0	172	1	れっぱん	377	93	18	31372	1178	25	1	体力20 攻撃20 幸運20 器用20 魔力20 魔力20 	ストーンブラスト カース ティンダー ライトニング ウィンドカッター ウォーターフォール 隠者 再活性 精神力 魔力凝縮 ★エレメントフィールド ★治癒領域 
29	0	185	1	電波塔	832	124	4	21404	737	25	5	狂40 反乱40 活力40 体力40 攻撃40 防御40 	カームソング インディグネイション カオス スクリーム 催眠術 超音波 精神変調特性 先制 
29	0	185	2	狛犬	564	114	8	25523	897	25	1	全祝30 全護30 体力30 回復30 幸運30 耐狂30 	アジール ホーリーサークル ブレッシングレイン ディスインフェクト フォースフィールド 結界 変若水 治癒領域 救済 ★グランドウォール 
29	0	185	3	チビメデューサ	718	105	7	21422	772	25	4	地纏30 地纏30 耐霊30 奪命30 増勢30 耐疫30 	バインディング ペトリフィケーション ダンスマカブル フングラ ストーンブラスト フラワーバド 巧技 麻痺耐性 束縛耐性 地の祝福 死線 ★瘴気 
29	0	191	1	えんちゃん	488	84	11	20065	784	25	5	盲目25 朦朧25 防御25 器用25 防災25 防狂25 	ガスト アゲンスト キュアサイクロン キュアブリーズ ヒールウィンド 薬師 風の祝福 風特性回復 結界 救済 ★スカイハイ ★超音波 
29	0	191	2	カマラサウルス	899	133	1	17597	595	25	1	道連40 道連40 体力40 体力40 活力40 活力40 	スペシャルタイム アイオリア サモン：ノーム 剛健 風起雲湧 不屈 召喚強化 
29	0	191	3	ちびメデューサ	718	105	3	15833	571	25	4	地纏30 地纏30 耐霊30 奪命30 増勢30 耐疫30 	バインディング ペトリフィケーション ダンスマカブル フングラ ストーンブラスト フラワーバド 巧技 麻痺耐性 束縛耐性 地の祝福 死線 
29	0	195	1	ブレッドウルフ	80	75	24	28199	1164	25	1	攻撃15 連撃15 活力15 加速15 衰弱15 敏捷15 	チャージ クイック フィアスファング スイープ 猛攻 剛健 血気 見切 精神変調耐性 ★ブレイドフォーム ★モラール 
29	0	195	2	小麦ピクシー	432	86	15	25152	971	25	5	魔力20 治癒20 体力20 闇纏20 防疫20 防狂20 	ウィザー ドレインライフ ヴァンパイアピット ボロウライフ 隠者 献身 薬師 結界 ★闇特性回復 ★救済 
29	0	195	3	パンラミア	505	107	13	30587	1095	25	4	器用25 混乱25 鎮痛25 命脈25 耐疫25 耐狂25 	ドレインライフ プランダー サイケデリア ヴァンピール アルシナシオン 精神変調特性 精神変調耐性 悪夢 精神力 秘法妙薬 ★巧技 ★見切 
29	0	209	1	バニーガール	327	72	21	24405	1020	25	4	共鳴15 回復15 鎮痛15 反反15 快癒15 快癒15 	サモン：スライム ヒールポーション ヒーリングソング 召喚強化 治癒領域 献身 隠者 ★祝福の詩 ★クリスタルウォール 
29	0	209	2	岩投げ師	427	79	16	23088	925	25	4	攻撃20 器用20 耐火20 耐風20 地纏20 耐光20 	ロックトラップ ストーンブラスト メテオ 太陽 猛攻 肉体変調耐性 不屈 ★地の祝福 ★血気 
29	0	209	3	沼ピクシー	432	86	15	25152	971	25	5	魔力20 治癒20 体力20 闇纏20 防疫20 防狂20 	ウィザー ドレインライフ ヴァンパイアピット ボロウライフ 隠者 献身 薬師 結界 ★闇特性回復 ★救済 
29	0	211	1	カマラサウルス	899	133	1	17597	595	25	1	道連40 道連40 体力40 体力40 活力40 活力40 	スペシャルタイム アイオリア サモン：ノーム 剛健 風起雲湧 不屈 召喚強化 
29	0	211	2	リンゴさん	881	126	3	20045	686	25	4	祝福40 回復40 活力40 体力40 鎮痛40 命脈40 	サモン：ドライアド ハデスポムグラネイト フィンタン ミスティックパウダー 儀式召喚 山精木魅 背水 
29	0	211	3	野人	772	122	5	22559	780	25	1	活力35 体力35 攻撃35 防御35 強撃35 強撃35 	ワロップ ビブラート 太陽 阿修羅 不屈 再生 ★ソードブレイカー 
29	0	222	1	キラークリーパー	290	82	22	30369	1197	25	4	束縛15 器用15 反地15 反地15 活力15 防御15 	フラワーバド ブロッサムグレイブ インクリースアイズ タービュレントブルーム 束縛耐性 巧技 地の祝福 死線 再生 ★フングラ ★アースタンブア 
29	0	222	2	バニーガール	327	72	21	24405	1020	25	4	共鳴15 回復15 鎮痛15 反反15 快癒15 快癒15 	サモン：スライム ヒールポーション ヒーリングソング 召喚強化 治癒領域 献身 隠者 ★祝福の詩 ★クリスタルウォール 
29	0	222	3	ヘドロ	323	79	19	25935	1039	25	1	疫15 反毒15 耐疫15 反毒15 活力15 防御15 	インヴァージョン ヴェノムスパウト ファゾム 氷水避け 隠者 攻勢 肉体変調特性 集気 ★グレイブシンプトム ★血気 
29	0	257	1	沼ペンギン	372	82	18	26273	1036	25	1	活力20 体力20 闇纏20 反腐20 防御20 敏捷20 	ラトゥンブロウ コロウドスパウト スティクス ピュリフィケーション 隠者 敗柳残花 先制 肉体変調特性 ★五月雨 ★数多の怨 
29	0	257	2	野人	772	122	4	20866	722	25	1	活力35 体力35 攻撃35 防御35 強撃35 強撃35 	ワロップ ビブラート 太陽 阿修羅 不屈 再生 
29	0	257	3	マッスルボディ	724	100	3	14964	546	25	3	活力30 体力30 鎮痛30 強靭30 攻撃30 防御30 	エネルジコ フォレストアーム パワフルポーション ガオケレナ デコイ ブロック 剛健 堅守 炸裂 不屈 
29	0	270	1	Unknown	96	77	22	27671	1124	25	1	強撃15 強撃15 防御15 命脈15 活力15 体力15 	フロウライフ カウンター デスペラート ブレイク 猛攻 堅守 太陽 背水 ★戴天 ★覇気 
29	0	276	1	わに	732	110	2	15391	546	25	1	深手35 致命35 迫撃35 迫撃35 攻撃35 器用35 	グラーシーザ フィアスファング グリムリーパー フェイタルポイント アサルト 阿修羅 金剛不壊 強打 再生 
29	0	276	2	光の騎士	739	105	1	13069	471	25	1	麻痺35 幸運35 反光35 反反35 耐光35 耐闇35 	サモン：ウォリアー ブルーライトニング ライトジャベリン 光の祝福 召喚強化 紫電一閃 電光石火 
29	0	277	1	ウミネコ	488	84	11	20065	784	25	5	盲目25 朦朧25 防御25 器用25 防災25 防狂25 	ガスト アゲンスト キュアサイクロン キュアブリーズ ヒールウィンド 薬師 風の祝福 風特性回復 結界 救済 ★スカイハイ ★超音波 
29	0	277	2	ねこたさん	55	56	25	18431	904	25	1	魔力10 幸運10 活力10 耐地10 防御10 体力10 	プロテクション ブロック ワイドプロテクション 火炎避け 太陽 剛健 瑠璃樹 守勢 ★背水 ★グランドウォール 
29	0	277	3	怪盗ペチュニア	459	82	13	21284	839	25	1	攻撃25 増幅25 耐風25 耐闇25 奪命25 復活25 	クレイジーチューン ハードブレイク イレイザー 強打 攻勢 阿修羅 血気 ★先制 ★神風 
29	0	286	1	パンジーさん（ビオラ）	727	108	4	17877	639	25	4	闇纏30 壊裂30 道連30 放縛30 反闇30 舞闇30 	デスキャズム ブラックヴェール マインドブレイク アバンダン 殺界 超音波 大叫喚 再活性 
29	0	286	2	捨て犬	774	107	2	14852	531	25	1	地纏35 攻撃35 反地35 反衰35 器用35 体力35 	モータルバイト ジャイアントラップル 猛攻 阿修羅 集気 逆襲 
29	0	286	3	かなぶん	760	117	1	14992	524	25	2	敏捷35 回復35 反撃35 体力35 光纏35 加速35 	ワイドプロテクション バトルダンス ナース リリーフ 光の祝福 光特性回復 薬師 対症下薬 戴天 
29	0	299	1	おおきないぬ	529	105	12	28408	1024	25	1	活力30 攻撃30 防御30 器用30 風撃30 地撃30 	フィアスファング チェインリアクト ヴィクティム チャージ 血気 死線 先制 阿修羅 ★ジェネラル ★背水 
29	0	299	2	かがみのあくま	536	94	11	23268	872	25	4	快癒25 魔力25 耐狂25 奪命25 闇纏25 体力25 	ナイトフィーバー ミッドナイトカーテン マインドブレイク ルージィグージィ ボロウライフ 闇の祝福 悪夢 酔生夢死 精神力 ★ミゼラブルメモリー ★オミナスドリーム 
29	0	299	3	絵の具の巨人	476	103	15	31746	1153	25	3	反地25 反地25 攻撃25 防御25 全祝25 地纏25 	クリスタルウォール グランドウォール デモリッシュ グランドクラッシャー 共存共栄 堅守 強打 地の祝福 ★大崩壊 ★血気 
29	0	303	1	舎人	128	70	26	27307	1161	25	3	攻撃15 器用15 応報15 水纏15 耐火15 耐水15 	フローズンフォーム アイスソーン グレイシア 神威 五月雨 猛攻 水の祝福 凍結耐性 ★ビッグウェイブ ★阿修羅 
29	0	303	2	剣一	484	98	13	27387	1008	25	1	攻撃25 麻痺25 気合25 器用25 追撃25 強撃25 	デスペラート インファイト ヴィクティム チェインリアクト チャージ クイック 剛健 巧技 阿修羅 精神力 ★血気 ★デスラッシュ 
29	0	303	3	樹	319	84	19	28463	1108	25	5	朦朧20 混乱20 器用20 敏捷20 風柳20 舞魅20 	カレイドスコープ ディスオーダー チャームダンス 朦朧耐性 混乱耐性 魅了耐性 精神変調特性 見切 ★旋風 ★悪夢 
29	0	312	1	捨て犬	774	107	2	14852	531	25	1	地纏35 攻撃35 反地35 反衰35 器用35 体力35 	モータルバイト ジャイアントラップル 猛攻 阿修羅 集気 逆襲 
29	0	312	2	たにし	750	112	1	14276	504	25	1	防災35 水撃35 防御35 鎮痛35 回復35 水纏35 	クリエイト：フラッド ブロック エナジーウォール タイトロープ エナジータイド 太陽 水の祝福 水特性回復 水霊力 修復 
29	0	321	1	野猿の群れ	772	122	6	24251	839	25	1	活力35 体力35 攻撃35 防御35 強撃35 強撃35 	ワロップ ビブラート 太陽 阿修羅 不屈 再生 ★ソードブレイカー 
29	0	321	2	大毒茸の群れ	474	96	13	26531	985	25	3	疫25 狂25 復活25 反毒25 魔力25 魔力25 	ヴェノムスパウト シュリーク クラウン ウィルスゾーン ツインブラスト 肉体変調特性 精神変調特性 肉体変調耐性 環境変調耐性 瘴気 ★百孔千瘡 ★コンテイジョン 
29	0	321	3	とらの群れ	484	98	11	24820	914	25	1	攻撃25 麻痺25 気合25 器用25 追撃25 強撃25 	デスペラート インファイト ヴィクティム チェインリアクト チャージ クイック 剛健 巧技 阿修羅 精神力 ★血気 ★デスラッシュ 
29	0	323	1	稲刈り機	77	65	25	23432	1044	25	1	器用10 器用10 体力10 体力10 貫撃10 深手10 	ペネトレイト レーザービーム インペイル 剛健 攻勢 快進撃 巧技 ★白虹貫日 ★スポイル 
29	0	323	2	歩行軍手	66	60	24	20246	942	25	2	増幅10 攻撃10 反朧10 反衰10 回復10 器用10 	パワフルヒール マナ ヒール 隠者 肉体変調耐性 精神変調耐性 背水 強打 ★トランス ★ディビジョン 
29	0	326	1	クリスティアーノ	562	96	5	16629	617	25	2	回復30 水纏30 祝福30 幸運30 混乱30 反魅30 	コンフィデンス マインドブレイク アクアヒール ヒールミスト エナジータイド ブレッシングレイン 水の祝福 精神変調耐性 以毒制毒 五月雨 水特性回復 ★酔生夢死 
29	0	326	2	Yuna	718	105	3	15833	571	25	4	地纏30 地纏30 耐霊30 奪命30 増勢30 耐疫30 	バインディング ペトリフィケーション ダンスマカブル フングラ ストーンブラスト フラワーバド 巧技 麻痺耐性 束縛耐性 地の祝福 死線 
29	0	326	3	スノードラゴン	841	128	2	18726	638	25	5	水纏40 耐霊40 活力40 体力40 魔力40 反護40 	アクアレゾナンス ブリザード アイスフォール スノーホワイト 水の祝福 凍結耐性 緩歌縵舞 水霊力 
29	0	327	1	捨て犬	774	107	5	19163	686	25	1	地纏35 攻撃35 反地35 反衰35 器用35 体力35 	モータルバイト ジャイアントラップル 猛攻 阿修羅 集気 逆襲 ★不屈 
29	0	327	2	マタギ	830	122	4	20910	722	25	5	攻撃35 地撃35 器用35 体力35 追撃35 追撃35 	ケイオティックチェイス イレイザー グリムリーパー シャークトゥース 先制 阿修羅 巧技 乱離骨灰 
29	0	327	3	たにし	750	112	6	21925	774	25	1	防災35 水撃35 防御35 鎮痛35 回復35 水纏35 	クリエイト：フラッド ブロック エナジーウォール タイトロープ エナジータイド 太陽 水の祝福 水特性回復 水霊力 修復 ★変若水 
29	0	330	1	チェリーさん	64	63	27	23419	1068	25	3	魅了10 狂10 敏捷10 敏捷10 加速10 魔力10 	チャームダンス バトルダンス ブレイク 士気高揚 堅守 隠者 精神変調特性 精神変調耐性 ★ラブトラップ ★先制 
29	0	330	2	歩行軍手	66	60	24	20246	942	25	2	増幅10 攻撃10 反朧10 反衰10 回復10 器用10 	パワフルヒール マナ ヒール 隠者 肉体変調耐性 精神変調耐性 背水 強打 ★トランス ★ディビジョン 
29	0	330	3	バンシー	727	108	3	16427	587	25	4	闇纏30 壊裂30 道連30 放縛30 反闇30 舞闇30 	デスキャズム ブラックヴェール マインドブレイク アバンダン 殺界 超音波 大叫喚 再活性 
29	0	331	1	しんくん	684	107	5	19116	684	25	3	体力30 災30 耐災30 耐災30 敏捷30 敏捷30 	クリエイト：ワンダーランド ディープフリーズ ファイアスパウト ヒールミスト 隠者 環境変調特性 環境変調耐性 見切 蜃気楼 ★ディケイドミスト 
29	0	331	2	こまいぬさん	564	114	4	19272	677	25	1	全祝30 全護30 体力30 回復30 幸運30 耐狂30 	アジール ホーリーサークル ブレッシングレイン ディスインフェクト フォースフィールド 結界 変若水 治癒領域 救済 
29	0	331	3	かなぶん	760	117	3	18204	636	25	2	敏捷35 回復35 反撃35 体力35 光纏35 加速35 	ワイドプロテクション バトルダンス ナース リリーフ 光の祝福 光特性回復 薬師 対症下薬 戴天 
29	0	332	1	煙々羅	488	84	11	20065	784	25	5	盲目25 朦朧25 防御25 器用25 防災25 防狂25 	ガスト アゲンスト キュアサイクロン キュアブリーズ ヒールウィンド 薬師 風の祝福 風特性回復 結界 救済 ★スカイハイ ★超音波 
29	0	332	2	岩巨人	476	103	10	24943	906	25	3	反地25 反地25 攻撃25 防御25 全祝25 地纏25 	クリスタルウォール グランドウォール デモリッシュ グランドクラッシャー 共存共栄 堅守 強打 地の祝福 ★大崩壊 ★血気 
29	0	333	1	マチバ	460	84	13	22214	865	25	4	魅了20 魅了20 加速20 体力20 攻撃20 器用20 	ブレイドフォーム キーンフォーム ビューティーフォーム サイケデリア チェインリアクト チャージ 隠者 瑠璃樹 精神力 高山流水 ★電光石火 ★光輝燦然 
29	0	333	2	どんぐり	534	110	10	27309	970	25	5	守護30 防災30 風纏30 耐霊30 体力30 回復30 	ワールウィンド キュアサイクロン キュアブリーズ 神風 風特性回復 治癒領域 救済 風の祝福 ★水声山色 ★トキツカゼ 
29	0	333	3	野人	772	122	1	15791	546	25	1	活力35 体力35 攻撃35 防御35 強撃35 強撃35 	ワロップ ビブラート 太陽 阿修羅 不屈 再生 
29	0	334	1	大毒茸	474	96	12	25287	939	25	3	疫25 狂25 復活25 反毒25 魔力25 魔力25 	ヴェノムスパウト シュリーク クラウン ウィルスゾーン ツインブラスト 肉体変調特性 精神変調特性 肉体変調耐性 環境変調耐性 瘴気 ★百孔千瘡 ★コンテイジョン 
29	0	334	2	バーテンダー	562	96	8	20370	756	25	2	回復30 水纏30 祝福30 幸運30 混乱30 反魅30 	コンフィデンス マインドブレイク アクアヒール ヒールミスト エナジータイド ブレッシングレイン 水の祝福 精神変調耐性 以毒制毒 五月雨 水特性回復 ★酔生夢死 
29	0	334	3	座敷童子	501	86	11	20840	805	25	3	祝福25 防狂25 命脈25 魔脈25 体力25 回復25 	ラッキータイム プリディクション チキンハート ルージィグージィ ノーマライズ 献身 結界 精神変調耐性 見切 救済 ★ディビジョン ★サルベイション 
29	0	342	1	子ダンボールマン	261	68	22	23015	997	25	3	祝福15 快癒15 鎮痛15 防御15 回復15 敏捷15 	ブレス リリーフ リフレッシュ 献身 対症下薬 精神力 祈誓 神護 ★ブレイブハート ★フェイバリティズム 
29	0	347	1	ミカンさん	725	121	8	27493	950	25	3	回復35 耐狂35 鎮痛35 反護35 全護35 全護35 	マナポーション ポーションラッシュ ヒールポーション インスタントポーション クリエイト：メディカルリキッド 献身 変若水 天香桂花 覇気 ★対症下薬 
29	0	347	2	エウヘロプス	909	135	1	17971	605	25	3	地纏40 地纏40 活力40 攻撃40 防御40 鎮痛40 	アースシンパシー ナタナエル グランドクラッシャー グランドレイジ 太陽 剛健 大山鳴動 不屈 
29	0	347	3	野人	772	122	4	20866	722	25	1	活力35 体力35 攻撃35 防御35 強撃35 強撃35 	ワロップ ビブラート 太陽 阿修羅 不屈 再生 
29	0	353	1	大毒茸	474	96	12	25287	939	25	3	疫25 狂25 復活25 反毒25 魔力25 魔力25 	ヴェノムスパウト シュリーク クラウン ウィルスゾーン ツインブラスト 肉体変調特性 精神変調特性 肉体変調耐性 環境変調耐性 瘴気 ★百孔千瘡 ★コンテイジョン 
29	0	353	2	大百足	453	94	13	25676	962	25	3	猛毒25 麻痺25 反毒25 反衰25 疫25 耐疫25 	ポイズンファング ペレル 肉体変調特性 闇の祝福 数多の怨 殺界 ★百孔千瘡 ★ミゼラブルメモリー 
29	0	353	3	バンシー	727	108	3	16427	587	25	4	闇纏30 壊裂30 道連30 放縛30 反闇30 舞闇30 	デスキャズム ブラックヴェール マインドブレイク アバンダン 殺界 超音波 大叫喚 再活性 
29	0	356	1	炎使い	339	72	18	22002	919	25	2	火撃20 麻痺20 反火20 火纏20 舞炎20 獄炎20 	レッドゾーン デストロイ レッドショック イグニス マスフレイム クリムゾンスカイ 火の祝福 炎上耐性 火炎避け 凍結耐性 攻勢 ★血気 ★阿修羅 
29	0	356	2	風使い	396	77	16	22112	899	25	5	攻撃20 器用20 追風20 反乱20 風纏20 風撃20 	ブルーゲイル ショックウェイブ リワインド エアスラッシュ ウィンドカッター ウィンドコイル 風の祝福 神風 衝撃波 旋風 血気 ★インパクト ★スカイハイ 
29	0	366	1	グスタフ	96	77	23	28583	1161	25	1	強撃15 強撃15 防御15 命脈15 活力15 体力15 	フロウライフ カウンター デスペラート ブレイク 猛攻 堅守 太陽 背水 ★戴天 ★覇気 
29	0	366	2	ラフレシオン	419	93	18	31463	1181	25	3	疫20 疫20 活力20 体力20 放痺20 放衰20 	コンテイジョン ヴェノムスパウト コロウドスパウト 肉体変調特性 瘴気 不屈 腐敗堕落 ★百孔千瘡 ★アスプ 
29	0	366	3	馬場くん	772	122	2	17483	605	25	1	活力35 体力35 攻撃35 防御35 強撃35 強撃35 	ワロップ ビブラート 太陽 阿修羅 不屈 再生 
29	0	369	1	てふてふ	65	61	26	21618	1005	25	3	防災10 防疫10 反護10 体力10 回復10 幸運10 	キュアブリーズ ウィンドカッター ショックウェイブ 風の祝福 風特性回復 薬師 隠者 ★ヒールウィンド ★ワールウィンド 
29	0	369	2	たけのん	474	96	13	26531	985	25	3	疫25 狂25 復活25 反毒25 魔力25 魔力25 	ヴェノムスパウト シュリーク クラウン ウィルスゾーン ツインブラスト 肉体変調特性 精神変調特性 肉体変調耐性 環境変調耐性 瘴気 ★百孔千瘡 ★コンテイジョン 
29	0	369	3	毒せんたくん	539	107	6	20601	737	25	5	疫30 疫30 疫30 疫30 耐疫30 耐疫30 	ポイゾナスブラッド タクシックゾーン ヴェノムスパウト マイアズマ グレイブシンプトム 肉体変調特性 瘴気 不屈 闇の祝福 ★百孔千瘡 
29	0	372	1	大毒茸	474	96	12	25287	939	25	3	疫25 狂25 復活25 反毒25 魔力25 魔力25 	ヴェノムスパウト シュリーク クラウン ウィルスゾーン ツインブラスト 肉体変調特性 精神変調特性 肉体変調耐性 環境変調耐性 瘴気 ★百孔千瘡 ★コンテイジョン 
29	0	372	2	木霊	534	110	10	27309	970	25	5	守護30 防災30 風纏30 耐霊30 体力30 回復30 	ワールウィンド キュアサイクロン キュアブリーズ 神風 風特性回復 治癒領域 救済 風の祝福 ★水声山色 ★トキツカゼ 
29	0	378	1	毒ありそうな蛇	419	93	13	25488	957	25	3	疫20 疫20 活力20 体力20 放痺20 放衰20 	コンテイジョン ヴェノムスパウト コロウドスパウト 肉体変調特性 瘴気 不屈 腐敗堕落 ★百孔千瘡 ★アスプ 
29	0	378	2	野人	772	122	1	15791	546	25	1	活力35 体力35 攻撃35 防御35 強撃35 強撃35 	ワロップ ビブラート 太陽 阿修羅 不屈 再生 
29	0	378	3	蜃	684	107	5	19116	684	25	3	体力30 災30 耐災30 耐災30 敏捷30 敏捷30 	クリエイト：ワンダーランド ディープフリーズ ファイアスパウト ヒールミスト 隠者 環境変調特性 環境変調耐性 見切 蜃気楼 ★ディケイドミスト 
29	0	380	2	ココナ	335	86	17	27220	1051	25	3	魔力20 水纏20 鎮痛20 増幅20 活力20 攻撃20 	ディープブルー カタラクト バブルトラップ コンセントレイト 猛攻 太陽 肉体変調耐性 精神変調耐性 ★水の祝福 ★集気 
29	0	380	3	捨て猫	585	98	10	23535	866	25	1	心酔30 致命30 反反30 舞反30 器用30 幸運30 	モラール グリムリーパー フェイタルポイント クリーンヒット ピンポイント 猛攻 巧技 士気高揚 強打 電光石火 ★心機掌握 ★グラーシーザ 
29	0	381	1	ミカンさん	725	121	4	20759	717	25	3	回復35 耐狂35 鎮痛35 反護35 全護35 全護35 	マナポーション ポーションラッシュ ヒールポーション インスタントポーション クリエイト：メディカルリキッド 献身 変若水 天香桂花 覇気 
29	0	381	2	ｶﾅﾌﾞｰﾝ	760	117	3	18204	636	25	2	敏捷35 回復35 反撃35 体力35 光纏35 加速35 	ワイドプロテクション バトルダンス ナース リリーフ 光の祝福 光特性回復 薬師 対症下薬 戴天 
29	0	381	3	狛犬	564	114	9	27086	952	25	1	全祝30 全護30 体力30 回復30 幸運30 耐狂30 	アジール ホーリーサークル ブレッシングレイン ディスインフェクト フォースフィールド 結界 変若水 治癒領域 救済 ★グランドウォール 
29	0	384	1	ジャンボゼミ	242	65	21	20721	922	25	3	貫撃15 列撃15 敏捷15 風纏15 加速15 舞反15 	イクスプロイト ビブラート フォースフィールド 神風 不屈 風の祝福 阿修羅 ★再活性 ★血気 
29	0	384	2	洗濯機	335	86	20	30443	1176	25	3	魔力20 水纏20 鎮痛20 増幅20 活力20 攻撃20 	ディープブルー カタラクト バブルトラップ コンセントレイト 猛攻 太陽 肉体変調耐性 精神変調耐性 ★水の祝福 ★集気 
29	0	384	3	こぐま	96	77	22	27671	1124	25	1	強撃15 強撃15 防御15 命脈15 活力15 体力15 	フロウライフ カウンター デスペラート ブレイク 猛攻 堅守 太陽 背水 ★戴天 ★覇気 
29	0	388	1	不良くん	60	54	27	18119	920	25	1	地撃10 攻撃10 地纏10 反地10 耐疫10 気合10 	グランドクラッシャー アイアンナックル ブレイク 猛攻 地の祝福 血気 先制 ★グランドレイジ ★フォレストアーム 
29	0	392	1	スノードラゴン	841	128	1	16914	576	25	5	水纏40 耐霊40 活力40 体力40 魔力40 反護40 	アクアレゾナンス ブリザード アイスフォール スノーホワイト 水の祝福 凍結耐性 緩歌縵舞 水霊力 
29	0	399	1	流氷の天使	684	107	4	17683	633	25	3	体力30 災30 耐災30 耐災30 敏捷30 敏捷30 	クリエイト：ワンダーランド ディープフリーズ ファイアスパウト ヒールミスト 隠者 環境変調特性 環境変調耐性 見切 蜃気楼 
29	0	399	2	天使の落とし物	788	114	3	17710	622	25	5	毒域35 痺域35 器用35 火纏35 疫35 耐疫35 	ファイアボルト スカーレットスキュア フレイムインパクト ヒートウェイブ デストロイ 衝撃波 七花八裂 巧技 百発百中 百孔千瘡 
29	0	399	3	マタギ	830	122	1	15824	546	25	5	攻撃35 地撃35 器用35 体力35 追撃35 追撃35 	ケイオティックチェイス イレイザー グリムリーパー シャークトゥース 先制 阿修羅 巧技 乱離骨灰 
29	0	409	1	軍鶏	475	86	12	21847	844	25	4	風撃25 衰弱25 攻撃25 器用25 致命25 迫撃25 	デスラッシュ 生殺与奪 光輝燦然 応酬 攻勢 ★デスブランド ★スカイハイ 
29	0	409	2	煙々羅	488	84	11	20065	784	25	5	盲目25 朦朧25 防御25 器用25 防災25 防狂25 	ガスト アゲンスト キュアサイクロン キュアブリーズ ヒールウィンド 薬師 風の祝福 風特性回復 結界 救済 ★スカイハイ ★超音波 
29	0	409	3	蜃	684	107	4	17683	633	25	3	体力30 災30 耐災30 耐災30 敏捷30 敏捷30 	クリエイト：ワンダーランド ディープフリーズ ファイアスパウト ヒールミスト 隠者 環境変調特性 環境変調耐性 見切 蜃気楼 
29	0	415	1	ちわわ	63	58	26	20241	968	25	3	奪命10 幸運10 活力10 体力10 復活10 器用10 	レッドアゲート イクスプロージョン セイクリットボム 隠者 瑠璃樹 再活性 精神力 ★火の祝福 ★フレイムレゾナンス 
29	0	416	1	大毒茸	474	96	12	25287	939	25	3	疫25 狂25 復活25 反毒25 魔力25 魔力25 	ヴェノムスパウト シュリーク クラウン ウィルスゾーン ツインブラスト 肉体変調特性 精神変調特性 肉体変調耐性 環境変調耐性 瘴気 ★百孔千瘡 ★コンテイジョン 
29	0	416	2	リンゴさん	881	126	3	20045	686	25	4	祝福40 回復40 活力40 体力40 鎮痛40 命脈40 	サモン：ドライアド ハデスポムグラネイト フィンタン ミスティックパウダー 儀式召喚 山精木魅 背水 
29	0	416	3	蜃	684	107	9	24852	890	25	3	体力30 災30 耐災30 耐災30 敏捷30 敏捷30 	クリエイト：ワンダーランド ディープフリーズ ファイアスパウト ヒールミスト 隠者 環境変調特性 環境変調耐性 見切 蜃気楼 ★ディケイドミスト 
29	0	422	1	ケツァルコアトル	871	130	2	19067	648	25	5	魔力40 魔力40 充填40 耐霊40 祝福40 反射40 	サクラフィアンマ ドラウン ルーアッハ バンカー カンタレラ インソウル 百花繚乱 救済 治癒領域 蜃気楼 
29	0	422	2	スノードラゴン	841	128	1	16914	576	25	5	水纏40 耐霊40 活力40 体力40 魔力40 反護40 	アクアレゾナンス ブリザード アイスフォール スノーホワイト 水の祝福 凍結耐性 緩歌縵舞 水霊力 
29	0	425	1	幻影：ピエロ	530	93	7	18266	686	25	3	器用30 幸運30 舞撃30 舞魅30 心酔30 狂30 	クレイジーショー 泡沫 巧技 精神変調特性 治癒領域 ★悪夢 
29	0	425	2	幻影：足跡	684	107	4	17683	633	25	3	体力30 災30 耐災30 耐災30 敏捷30 敏捷30 	クリエイト：ワンダーランド ディープフリーズ ファイアスパウト ヒールミスト 隠者 環境変調特性 環境変調耐性 見切 蜃気楼 
29	0	425	3	幻影：アーケード	589	105	5	18671	673	25	3	水纏30 敏捷30 道連30 奪命30 復活30 応報30 	ディープブルー カタラクト 水の祝福 水霊力 五月雨 集気 氷水避け ★魔力凝縮 
29	0	428	1	個体名：Wash-Mark0	335	86	19	29368	1134	25	3	魔力20 水纏20 鎮痛20 増幅20 活力20 攻撃20 	ディープブルー カタラクト バブルトラップ コンセントレイト 猛攻 太陽 肉体変調耐性 精神変調耐性 ★水の祝福 ★集気 
29	0	428	2	アルラウネ	499	100	10	24271	886	25	5	防疫25 魅了25 地纏25 耐光25 耐水25 回復25 	フラワーバド フラワーバラッド ヒールハーブ クラウト 地の祝福 草根木皮 精神力 瘴気 地特性回復 ★救済 ★ハーバルメディスン 
29	0	428	3	煙々羅	488	84	11	20065	784	25	5	盲目25 朦朧25 防御25 器用25 防災25 防狂25 	ガスト アゲンスト キュアサイクロン キュアブリーズ ヒールウィンド 薬師 風の祝福 風特性回復 結界 救済 ★スカイハイ ★超音波 
29	0	430	1	リザ	484	98	13	27387	1008	25	1	攻撃25 麻痺25 気合25 器用25 追撃25 強撃25 	デスペラート インファイト ヴィクティム チェインリアクト チャージ クイック 剛健 巧技 阿修羅 精神力 ★血気 ★デスラッシュ 
29	0	430	2	魚雷魚	589	105	6	20072	724	25	3	水纏30 敏捷30 道連30 奪命30 復活30 応報30 	ディープブルー カタラクト 水の祝福 水霊力 五月雨 集気 氷水避け ★魔力凝縮 
29	0	431	1	八十八夜の忘れ霜	841	128	4	22350	762	25	5	水纏40 耐霊40 活力40 体力40 魔力40 反護40 	アクアレゾナンス ブリザード アイスフォール スノーホワイト 水の祝福 凍結耐性 緩歌縵舞 水霊力 
29	0	431	2	具現糸：蚕神を祀るモノ	772	122	3	19174	663	25	1	活力35 体力35 攻撃35 防御35 強撃35 強撃35 	ワロップ ビブラート 太陽 阿修羅 不屈 再生 
29	0	431	3	カマラサウルス	899	133	1	17597	595	25	1	道連40 道連40 体力40 体力40 活力40 活力40 	スペシャルタイム アイオリア サモン：ノーム 剛健 風起雲湧 不屈 召喚強化 
29	0	433	1	ベビードラゴン	143	66	23	22516	992	25	4	火撃15 炎上15 火纏15 耐火15 増幅15 強靭15 	マジックミサイル ファイアレイド ティンダー 血気 攻勢 火の祝福 環境変調特性 炎上耐性 ★フレイムレゾナンス ★魔力凝縮 
29	0	433	2	大黒猫	56	58	25	19529	936	25	3	連撃10 麻痺10 幸運10 敏捷10 魔力10 耐闇10 	チャージ ラッシュ クイック 猛攻 隠者 巧技 見切 ★ブレイドフォーム ★先制 
29	0	433	3	歩行軍手	66	60	24	20246	942	25	2	増幅10 攻撃10 反朧10 反衰10 回復10 器用10 	パワフルヒール マナ ヒール 隠者 肉体変調耐性 精神変調耐性 背水 強打 ★トランス ★ディビジョン 
29	0	453	1	甘酒婆	479	88	14	24892	951	25	1	心酔25 深手25 迫撃25 反護25 器用25 風柳25 	ドリンカー バトルダンス ディベスト デアデビル アサルト エナジータイド 猛攻 巧技 魔力凝縮 瑞星 ★血気 ★スカイハイ 
29	0	453	2	大毒茸	474	96	13	26531	985	25	3	疫25 狂25 復活25 反毒25 魔力25 魔力25 	ヴェノムスパウト シュリーク クラウン ウィルスゾーン ツインブラスト 肉体変調特性 精神変調特性 肉体変調耐性 環境変調耐性 瘴気 ★百孔千瘡 ★コンテイジョン 
29	0	453	3	蜃	684	107	9	24852	890	25	3	体力30 災30 耐災30 耐災30 敏捷30 敏捷30 	クリエイト：ワンダーランド ディープフリーズ ファイアスパウト ヒールミスト 隠者 環境変調特性 環境変調耐性 見切 蜃気楼 ★ディケイドミスト 
29	0	455	1	光の騎士	739	105	2	14470	522	25	1	麻痺35 幸運35 反光35 反反35 耐光35 耐闇35 	サモン：ウォリアー ブルーライトニング ライトジャベリン 光の祝福 召喚強化 紫電一閃 電光石火 
29	0	455	2	野人	772	122	1	15791	546	25	1	活力35 体力35 攻撃35 防御35 強撃35 強撃35 	ワロップ ビブラート 太陽 阿修羅 不屈 再生 
29	0	461	1	OL	831	108	1	13527	483	25	3	魔力35 壊裂35 連撃35 麻痺35 体力35 祝福35 	ザナドゥ デスラッシュ スペシャルタイム スペシャルポーション ディビジョン 先制 見切 治癒領域 光輝燦然 
29	0	461	2	キリン	819	112	5	20350	720	25	1	活力35 体力35 耐災35 耐疫35 攻撃35 光纏35 	トールハンマー 魔力凝縮 光の祝福 血気 朦朧耐性 集気 ★強打 
29	0	461	3	毒蜘蛛	539	107	10	26350	943	25	5	疫30 疫30 疫30 疫30 耐疫30 耐疫30 	ポイゾナスブラッド タクシックゾーン ヴェノムスパウト マイアズマ グレイブシンプトム 肉体変調特性 瘴気 不屈 闇の祝福 ★百孔千瘡 ★コンターギオ 
29	0	462	1	とら	484	98	14	28670	1055	25	1	攻撃25 麻痺25 気合25 器用25 追撃25 強撃25 	デスペラート インファイト ヴィクティム チェインリアクト チャージ クイック 剛健 巧技 阿修羅 精神力 ★血気 ★デスラッシュ 
29	0	462	2	マタギ	830	122	1	15824	546	25	5	攻撃35 地撃35 器用35 体力35 追撃35 追撃35 	ケイオティックチェイス イレイザー グリムリーパー シャークトゥース 先制 阿修羅 巧技 乱離骨灰 
29	0	462	3	マッスルボディ	724	100	4	16283	594	25	3	活力30 体力30 鎮痛30 強靭30 攻撃30 防御30 	エネルジコ フォレストアーム パワフルポーション ガオケレナ デコイ ブロック 剛健 堅守 炸裂 不屈 
29	0	463	1	インテリマン	776	103	2	14058	510	25	5	器用35 風纏35 体力35 奪命35 風撃35 鎮痛35 	ディメンションブレイク ガスト エアブレイド ディケイドゲイル 風の祝福 滅亡の風 神風 龍翔鳳舞 
29	0	463	2	カバ	834	114	1	14619	514	25	1	増勢35 攻撃35 闇纏35 活力35 防御35 反闇35 	ブラッドレイン ナイトフィーバー ドレインライフ デスブロウ インソウル 闇の祝福 闇特性回復 修復 起死回生 血気 
29	0	464	1	電波塔	832	124	1	16198	557	25	5	狂40 反乱40 活力40 体力40 攻撃40 防御40 	カームソング インディグネイション カオス スクリーム 催眠術 超音波 精神変調特性 先制 
29	0	468	1	ラフレシア	419	93	16	29073	1092	25	3	疫20 疫20 活力20 体力20 放痺20 放衰20 	コンテイジョン ヴェノムスパウト コロウドスパウト 肉体変調特性 瘴気 不屈 腐敗堕落 ★百孔千瘡 ★アスプ 
29	0	468	2	こぐま	96	77	26	31321	1273	25	1	強撃15 強撃15 防御15 命脈15 活力15 体力15 	フロウライフ カウンター デスペラート ブレイク 猛攻 堅守 太陽 背水 ★戴天 ★覇気 
29	0	468	3	捨て犬	774	107	5	19163	686	25	1	地纏35 攻撃35 反地35 反衰35 器用35 体力35 	モータルバイト ジャイアントラップル 猛攻 阿修羅 集気 逆襲 ★不屈 
29	0	470	1	《忘レ難キノロイ》	510	102	13	28950	1052	25	1	敏捷25 幸運25 舞石25 舞毒25 反護25 滑々25 	エレジー チキンハート ヴィジランス ハオマ 精神変調耐性 堅守 泡沫 再活性 見切 ★デスペラート ★ダストデビル 
29	0	470	2	《嘘ヲ見ツメル風》	534	110	12	30289	1076	25	5	守護30 防災30 風纏30 耐霊30 体力30 回復30 	ワールウィンド キュアサイクロン キュアブリーズ 神風 風特性回復 治癒領域 救済 風の祝福 ★水声山色 ★トキツカゼ 
29	0	470	3	《忌々シイ歌》	517	108	11	28023	1002	25	3	致命30 風撃30 風纏30 器用30 耐災30 耐疫30 	スカイハイ カラミティゲイル ウィンドコイル 風の祝福 衝撃波 瑞星 見切 一望千里 ★ストームブリンガー ★龍翔鳳舞 
29	0	474	1	ブラザー	793	124	4	21362	735	25	1	活力35 体力35 反撃35 反撃35 恐撃35 攻撃35 	イクスプロイト プランダー ムスケルクラフト ソルプレーザ メンブリュウ 怪力乱神 血気 二刀流 不屈 
29	0	474	2	リンゴさん	881	126	1	16507	565	25	4	祝福40 回復40 活力40 体力40 鎮痛40 命脈40 	サモン：ドライアド ハデスポムグラネイト フィンタン ミスティックパウダー 儀式召喚 山精木魅 背水 
29	0	474	3	V・J	474	96	13	26531	985	25	3	疫25 狂25 復活25 反毒25 魔力25 魔力25 	ヴェノムスパウト シュリーク クラウン ウィルスゾーン ツインブラスト 肉体変調特性 精神変調特性 肉体変調耐性 環境変調耐性 瘴気 ★百孔千瘡 ★コンテイジョン 
29	0	476	1	マタギ	830	122	4	20910	722	25	5	攻撃35 地撃35 器用35 体力35 追撃35 追撃35 	ケイオティックチェイス イレイザー グリムリーパー シャークトゥース 先制 阿修羅 巧技 乱離骨灰 
29	0	476	2	OL	831	108	3	16427	587	25	3	魔力35 壊裂35 連撃35 麻痺35 体力35 祝福35 	ザナドゥ デスラッシュ スペシャルタイム スペシャルポーション ディビジョン 先制 見切 治癒領域 光輝燦然 
29	0	476	3	捨てインコ	789	108	1	13560	484	25	5	攻撃35 器用35 体力35 体力35 命脈35 魔脈35 	クリスタルブラスト バトルダンス イグニス アイシクルランス ショックウェイブ グランドクラッシャー カレイドスコープ ダウンフォール 金剛不壊 心機掌握 千変万化 士気高揚 
29	0	481	1	アルラウネ	499	100	9	22946	838	25	5	防疫25 魅了25 地纏25 耐光25 耐水25 回復25 	フラワーバド フラワーバラッド ヒールハーブ クラウト 地の祝福 草根木皮 精神力 瘴気 地特性回復 ★救済 
29	0	481	2	ピエロ	530	93	7	18266	686	25	3	器用30 幸運30 舞撃30 舞魅30 心酔30 狂30 	クレイジーショー 泡沫 巧技 精神変調特性 治癒領域 ★悪夢 
29	0	481	3	魚雷魚	589	105	6	20072	724	25	3	水纏30 敏捷30 道連30 奪命30 復活30 応報30 	ディープブルー カタラクト 水の祝福 水霊力 五月雨 集気 氷水避け ★魔力凝縮 
29	0	485	1	捨てBB弾	788	114	2	16147	567	25	5	毒域35 痺域35 器用35 火纏35 疫35 耐疫35 	ファイアボルト スカーレットスキュア フレイムインパクト ヒートウェイブ デストロイ 衝撃波 七花八裂 巧技 百発百中 百孔千瘡 
29	0	485	2	ミカンさん	725	121	1	15709	543	25	3	回復35 耐狂35 鎮痛35 反護35 全護35 全護35 	マナポーション ポーションラッシュ ヒールポーション インスタントポーション クリエイト：メディカルリキッド 献身 変若水 天香桂花 覇気 
29	0	490	1	ちわわ	63	58	26	20241	968	25	3	奪命10 幸運10 活力10 体力10 復活10 器用10 	レッドアゲート イクスプロージョン セイクリットボム 隠者 瑠璃樹 再活性 精神力 ★火の祝福 ★フレイムレゾナンス 
29	0	491	1	暴走自転車	450	80	15	22501	898	25	3	風撃20 混乱20 狂20 器用20 敏捷20 追風20 	スクランブル デスラッシュ ラッシュ クイックレメディ 電光石火 混乱耐性 攻勢 対症下薬 神風 ★グラインドコア ★ストラテージュ 
29	0	491	2	イナゴ	429	82	14	22360	881	25	4	疫病20 風撃20 風纏20 器用20 魔力20 風柳20 	ストームブリンガー スカイハイ スクランブル ウィンドカッター 風の祝福 先制 一望千里 ★衝撃波 ★士気高揚 
29	0	491	3	暴走トラック	459	82	12	20286	800	25	1	攻撃25 増幅25 耐風25 耐闇25 奪命25 復活25 	クレイジーチューン ハードブレイク イレイザー 強打 攻勢 阿修羅 血気 ★先制 ★神風 
29	0	494	1	カラスくん	533	96	7	19069	708	25	1	壊裂30 狂30 耐狂30 敏捷30 幸運30 舞魅30 	チャームダンス カレイドスコープ パージ 光の祝福 高山流水 血気 見切 ★光霊力 
29	0	494	2	カマラサウルス	899	133	2	19483	659	25	1	道連40 道連40 体力40 体力40 活力40 活力40 	スペシャルタイム アイオリア サモン：ノーム 剛健 風起雲湧 不屈 召喚強化 
29	0	494	3	毒花	419	93	17	30269	1136	25	3	疫20 疫20 活力20 体力20 放痺20 放衰20 	コンテイジョン ヴェノムスパウト コロウドスパウト 肉体変調特性 瘴気 不屈 腐敗堕落 ★百孔千瘡 ★アスプ 
29	0	517	1	ヘカトンケイレス	760	117	5	21416	748	25	2	敏捷35 回復35 反撃35 体力35 光纏35 加速35 	ワイドプロテクション バトルダンス ナース リリーフ 光の祝福 光特性回復 薬師 対症下薬 戴天 ★起死回生 
29	0	517	2	沼ドラゴン	818	119	1	15335	533	25	2	奪命35 防疫35 闇纏35 鎮痛35 攻撃35 回復35 	ヴァンパイアピット ブラックヴェール ダークミスト ヴェノムスパウト 肉体変調特性 精神変調特性 闇特性回復 闇霊力 瘴気 
29	0	517	3	百更新後に消えるワニ	732	110	3	16881	599	25	1	深手35 致命35 迫撃35 迫撃35 攻撃35 器用35 	グラーシーザ フィアスファング グリムリーパー フェイタルポイント アサルト 阿修羅 金剛不壊 強打 再生 
29	0	527	1	洗濯機	335	86	21	31517	1217	25	3	魔力20 水纏20 鎮痛20 増幅20 活力20 攻撃20 	ディープブルー カタラクト バブルトラップ コンセントレイト 猛攻 太陽 肉体変調耐性 精神変調耐性 ★水の祝福 ★集気 
29	0	527	2	とら	484	98	10	23535	866	25	1	攻撃25 麻痺25 気合25 器用25 追撃25 強撃25 	デスペラート インファイト ヴィクティム チェインリアクト チャージ クイック 剛健 巧技 阿修羅 精神力 ★血気 ★デスラッシュ 
29	0	527	3	ラフレシア	419	93	14	26684	1002	25	3	疫20 疫20 活力20 体力20 放痺20 放衰20 	コンテイジョン ヴェノムスパウト コロウドスパウト 肉体変調特性 瘴気 不屈 腐敗堕落 ★百孔千瘡 ★アスプ 
29	0	530	1	AO-008/c　apatite	319	84	19	28463	1108	25	5	朦朧20 混乱20 器用20 敏捷20 風柳20 舞魅20 	カレイドスコープ ディスオーダー チャームダンス 朦朧耐性 混乱耐性 魅了耐性 精神変調特性 見切 ★旋風 ★悪夢 
29	0	530	2	泥	581	94	6	17299	646	25	3	舞火30 舞痺30 反火30 鎮痛30 命脈30 魔脈30 	ボンバルディエ マジックミサイル ヒートイミッター クリエイト：ホーミングトラップ 巧技 火の祝福 火霊力 金剛不壊 ★ジャイアントキル 
29	0	530	3	泥	506	89	9	19380	740	25	1	連撃25 麻痺25 活力25 耐闇25 攻撃25 器用25 	フィアスファング チェインリアクト 猛攻 阿修羅 血気 応酬 ★ドリンカー 
29	0	534	1	くわがた	693	112	9	26455	936	25	3	活力30 道連30 奪命30 奪命30 反撃30 鎮痛30 	ツインブラスト デスラッシュ 阿修羅 巧技 龍翔鳳舞 生殺与奪 ★ツインコンフリクト 
29	0	534	2	キノン	474	96	11	24044	893	25	3	疫25 狂25 復活25 反毒25 魔力25 魔力25 	ヴェノムスパウト シュリーク クラウン ウィルスゾーン ツインブラスト 肉体変調特性 精神変調特性 肉体変調耐性 環境変調耐性 瘴気 ★百孔千瘡 ★コンテイジョン 
29	0	534	3	木霊	534	110	10	27309	970	25	5	守護30 防災30 風纏30 耐霊30 体力30 回復30 	ワールウィンド キュアサイクロン キュアブリーズ 神風 風特性回復 治癒領域 救済 風の祝福 ★水声山色 ★トキツカゼ 
29	0	536	1	きのこマフィン	474	96	14	27774	1031	25	3	疫25 狂25 復活25 反毒25 魔力25 魔力25 	ヴェノムスパウト シュリーク クラウン ウィルスゾーン ツインブラスト 肉体変調特性 精神変調特性 肉体変調耐性 環境変調耐性 瘴気 ★百孔千瘡 ★コンテイジョン 
29	0	536	2	蜃	684	107	5	19116	684	25	3	体力30 災30 耐災30 耐災30 敏捷30 敏捷30 	クリエイト：ワンダーランド ディープフリーズ ファイアスパウト ヒールミスト 隠者 環境変調特性 環境変調耐性 見切 蜃気楼 ★ディケイドミスト 
29	0	536	3	しましまとらパン	484	98	16	31237	1150	25	1	攻撃25 麻痺25 気合25 器用25 追撃25 強撃25 	デスペラート インファイト ヴィクティム チェインリアクト チャージ クイック 剛健 巧技 阿修羅 精神力 ★血気 ★デスラッシュ 
29	0	544	1	捨てインコ	789	108	4	17919	640	25	5	攻撃35 器用35 体力35 体力35 命脈35 魔脈35 	クリスタルブラスト バトルダンス イグニス アイシクルランス ショックウェイブ グランドクラッシャー カレイドスコープ ダウンフォール 金剛不壊 心機掌握 千変万化 士気高揚 
29	0	546	1	山天狗	471	100	15	30809	1125	25	4	体力25 地撃25 快癒25 地纏25 体力25 魔力25 	サモン：ノーム ネイチャータイズ フラワーバド ストーンブラスト タービュレントブルーム 先制 隠者 召喚強化 ★スーティワルツ ★秘法妙薬 
29	0	546	2	キムナイヌ	455	98	14	28592	1053	25	1	活力25 攻撃25 防御25 器用25 反撃25 反撃25 	イレイザー ストライク アサルト アブソリュート 強打 猛攻 堅守 阿修羅 ★血気 ★背水 
29	0	546	3	ラフレシア	419	93	13	25488	957	25	3	疫20 疫20 活力20 体力20 放痺20 放衰20 	コンテイジョン ヴェノムスパウト コロウドスパウト 肉体変調特性 瘴気 不屈 腐敗堕落 ★百孔千瘡 ★アスプ 
29	0	548	1	空	564	114	11	30211	1062	25	1	全祝30 全護30 体力30 回復30 幸運30 耐狂30 	アジール ホーリーサークル ブレッシングレイン ディスインフェクト フォースフィールド 結界 変若水 治癒領域 救済 ★グランドウォール ★クリエイト：ワンダーランド 
29	0	548	2	空	760	117	5	21416	748	25	2	敏捷35 回復35 反撃35 体力35 光纏35 加速35 	ワイドプロテクション バトルダンス ナース リリーフ 光の祝福 光特性回復 薬師 対症下薬 戴天 ★起死回生 
29	0	548	3	大蟷螂	793	124	1	16165	556	25	1	活力35 体力35 反撃35 反撃35 恐撃35 攻撃35 	イクスプロイト プランダー ムスケルクラフト ソルプレーザ メンブリュウ 怪力乱神 血気 二刀流 不屈 
29	0	557	1	蜃	684	107	5	19116	684	25	3	体力30 災30 耐災30 耐災30 敏捷30 敏捷30 	クリエイト：ワンダーランド ディープフリーズ ファイアスパウト ヒールミスト 隠者 環境変調特性 環境変調耐性 見切 蜃気楼 ★ディケイドミスト 
29	0	557	2	大蟷螂	793	124	4	21362	735	25	1	活力35 体力35 反撃35 反撃35 恐撃35 攻撃35 	イクスプロイト プランダー ムスケルクラフト ソルプレーザ メンブリュウ 怪力乱神 血気 二刀流 不屈 
29	0	561	1	槍のアクマ	576	116	3	18166	635	25	3	活力30 体力30 攻撃30 器用30 器用30 器用30 	グラーシーザ スカイハイ ヒートウェイブ グリムリーパー 先制 巧技 獄炎陣 凍縛陣 
29	0	561	2	剣の精霊	793	124	2	17897	616	25	1	活力35 体力35 反撃35 反撃35 恐撃35 攻撃35 	イクスプロイト プランダー ムスケルクラフト ソルプレーザ メンブリュウ 怪力乱神 血気 二刀流 不屈 
29	0	561	3	スノードラゴン	841	128	1	16914	576	25	5	水纏40 耐霊40 活力40 体力40 魔力40 反護40 	アクアレゾナンス ブリザード アイスフォール スノーホワイト 水の祝福 凍結耐性 緩歌縵舞 水霊力 
29	0	564	1	河童	477	93	15	27798	1044	25	3	活力25 体力25 水纏25 防御25 耐光25 耐闇25 	アクアレゾナンス スティクス カタラクト アクアブランド 水の祝福 泡沫 精神力 隠者 ★五月雨 ★見切 
29	0	564	2	こぐま	96	77	22	27671	1124	25	1	強撃15 強撃15 防御15 命脈15 活力15 体力15 	フロウライフ カウンター デスペラート ブレイク 猛攻 堅守 太陽 背水 ★戴天 ★覇気 
29	0	564	3	土偶	58	80	21	28287	1129	25	2	敏捷15 敏捷15 体力15 体力15 魔力15 魔力15 	マーチ モラール スキューア パワフルヒール 瑠璃樹 隠者 聖音 地の祝福 ★バトルダンス ★ラッシュ 
29	0	577	1	木こり	808	121	2	17355	601	25	1	活力35 体力35 反風35 風撃35 攻撃35 風纏35 	エアブレイド カマイタチ エアスラッシュ ウィンドカッター サモン：トラッパー 秘法妙薬 剛健 瑠璃樹 風の祝福 
29	0	577	2	アルラウネ	499	100	10	24271	886	25	5	防疫25 魅了25 地纏25 耐光25 耐水25 回復25 	フラワーバド フラワーバラッド ヒールハーブ クラウト 地の祝福 草根木皮 精神力 瘴気 地特性回復 ★救済 ★ハーバルメディスン 
29	0	577	3	暴走トラック	459	82	13	21284	839	25	1	攻撃25 増幅25 耐風25 耐闇25 奪命25 復活25 	クレイジーチューン ハードブレイク イレイザー 強打 攻勢 阿修羅 血気 ★先制 ★神風 
29	0	580	1	『寸法』の亜人	373	79	17	23949	960	25	1	攻撃20 防御20 鎮痛20 反撃20 増幅20 強靭20 	カウンター ガーディアン ハードブレイク ストライク 太陽 猛攻 堅守 応酬 ★血気 ★炸裂 
29	0	580	2	振り鐘	242	65	21	20721	922	25	3	貫撃15 列撃15 敏捷15 風纏15 加速15 舞反15 	イクスプロイト ビブラート フォースフィールド 神風 不屈 風の祝福 阿修羅 ★再活性 ★血気 
29	0	580	3	『秘密』の花唇	499	100	14	29566	1080	25	5	防疫25 魅了25 地纏25 耐光25 耐水25 回復25 	フラワーバド フラワーバラッド ヒールハーブ クラウト 地の祝福 草根木皮 精神力 瘴気 地特性回復 ★救済 ★ハーバルメディスン 
29	0	581	1	ガルーダ	517	108	12	29473	1054	25	3	致命30 風撃30 風纏30 器用30 耐災30 耐疫30 	スカイハイ カラミティゲイル ウィンドコイル 風の祝福 衝撃波 瑞星 見切 一望千里 ★ストームブリンガー ★龍翔鳳舞 
29	0	581	2	ぞう	241	79	21	27731	1112	25	1	攻撃15 防御15 命脈15 鎮痛15 活力15 体力15 	エナジータイド チャージ コンテイン プロテクション 修復 太陽 珊瑚樹 環境変調耐性 堅守 ★フロウライフ ★エナジーウォール 
29	0	581	3	暴走自転車	450	80	15	22501	898	25	3	風撃20 混乱20 狂20 器用20 敏捷20 追風20 	スクランブル デスラッシュ ラッシュ クイックレメディ 電光石火 混乱耐性 攻勢 対症下薬 神風 ★グラインドコア ★ストラテージュ 
29	0	582	1	とら	484	98	10	23535	866	25	1	攻撃25 麻痺25 気合25 器用25 追撃25 強撃25 	デスペラート インファイト ヴィクティム チェインリアクト チャージ クイック 剛健 巧技 阿修羅 精神力 ★血気 ★デスラッシュ 
29	0	582	2	ランフォリンクス	719	119	7	25194	875	25	4	風纏35 乱域35 耐霊35 追風35 敏捷35 舞風35 	ブルーテンペスト ダストデビル ガスト エアスラッシュ ウィンドカッター 風の祝福 風霊力 龍翔鳳舞 旋風 ★スクランブル 
29	0	582	3	ケツァルコアトル	871	130	2	19067	648	25	5	魔力40 魔力40 充填40 耐霊40 祝福40 反射40 	サクラフィアンマ ドラウン ルーアッハ バンカー カンタレラ インソウル 百花繚乱 救済 治癒領域 蜃気楼 
29	0	585	1	ウルフ	80	75	22	26453	1092	25	1	攻撃15 連撃15 活力15 加速15 衰弱15 敏捷15 	チャージ クイック フィアスファング スイープ 猛攻 剛健 血気 見切 精神変調耐性 ★ブレイドフォーム ★モラール 
29	0	586	1	チビメデューサ	718	105	4	17230	621	25	4	地纏30 地纏30 耐霊30 奪命30 増勢30 耐疫30 	バインディング ペトリフィケーション ダンスマカブル フングラ ストーンブラスト フラワーバド 巧技 麻痺耐性 束縛耐性 地の祝福 死線 
29	0	586	2	カバ	834	114	3	17752	624	25	1	増勢35 攻撃35 闇纏35 活力35 防御35 反闇35 	ブラッドレイン ナイトフィーバー ドレインライフ デスブロウ インソウル 闇の祝福 闇特性回復 修復 起死回生 血気 
29	0	586	3	サラリーマン	872	110	2	15391	546	25	1	活力35 体力35 敏捷35 護持35 貫撃35 列撃35 	ライブラリ フォースフィールド モラール アジール ラッシュ 先制 見切 士気高揚 再活性 
29	0	588	1	かなぶん	760	117	1	14992	524	25	2	敏捷35 回復35 反撃35 体力35 光纏35 加速35 	ワイドプロテクション バトルダンス ナース リリーフ 光の祝福 光特性回復 薬師 対症下薬 戴天 
29	0	597	1	チビメデューサ	718	105	5	18627	672	25	4	地纏30 地纏30 耐霊30 奪命30 増勢30 耐疫30 	バインディング ペトリフィケーション ダンスマカブル フングラ ストーンブラスト フラワーバド 巧技 麻痺耐性 束縛耐性 地の祝福 死線 ★瘴気 
29	0	597	2	ハニワ	83	77	26	31201	1268	25	3	追撃10 強撃10 加速10 加速10 気合10 魔力10 	プチメテオカード マナ コンセントレイト ヒール 隠者 地の祝福 魔力凝縮 集気 ★レッドアゲート ★パワフルヒール 
29	0	597	3	ランフォリンクス	719	119	10	30124	1047	25	4	風纏35 乱域35 耐霊35 追風35 敏捷35 舞風35 	ブルーテンペスト ダストデビル ガスト エアスラッシュ ウィンドカッター 風の祝福 風霊力 龍翔鳳舞 旋風 ★スクランブル ★風起雲湧 
29	0	601	1	ケツァルコアトル	871	130	2	19067	648	25	5	魔力40 魔力40 充填40 耐霊40 祝福40 反射40 	サクラフィアンマ ドラウン ルーアッハ バンカー カンタレラ インソウル 百花繚乱 救済 治癒領域 蜃気楼 
29	0	601	2	ミカンさん	725	121	1	15709	543	25	3	回復35 耐狂35 鎮痛35 反護35 全護35 全護35 	マナポーション ポーションラッシュ ヒールポーション インスタントポーション クリエイト：メディカルリキッド 献身 変若水 天香桂花 覇気 
29	0	605	1	カバ	834	114	2	16185	569	25	1	増勢35 攻撃35 闇纏35 活力35 防御35 反闇35 	ブラッドレイン ナイトフィーバー ドレインライフ デスブロウ インソウル 闇の祝福 闇特性回復 修復 起死回生 血気 
29	0	605	2	ミカンさん	725	121	6	24126	834	25	3	回復35 耐狂35 鎮痛35 反護35 全護35 全護35 	マナポーション ポーションラッシュ ヒールポーション インスタントポーション クリエイト：メディカルリキッド 献身 変若水 天香桂花 覇気 ★対症下薬 
29	0	605	3	シンデレラ	929	204	1	36238	915	25	1	攻撃40 回復40 幸運40 光撃40 祝福40 守護40 	クリエイト：ウェポン クリエイト：マシンガン クリエイト：キャノン クリエイト：ラビリンス 水声山色 豪華絢爛 光輝燦然 緩歌縵舞 
29	0	612	1	バーテンダー	562	96	6	17875	663	25	2	回復30 水纏30 祝福30 幸運30 混乱30 反魅30 	コンフィデンス マインドブレイク アクアヒール ヒールミスト エナジータイド ブレッシングレイン 水の祝福 精神変調耐性 以毒制毒 五月雨 水特性回復 ★酔生夢死 
29	0	616	1	カメレオン	392	91	15	26942	1019	25	5	火纏20 水纏20 風纏20 地纏20 光纏20 闇纏20 	スヴィニール アンダークーリング ブロッサムグレイブ アンダーマイン デイドリーム 衝撃波 五月雨 悪夢 生殺与奪 電光石火 ★ディスエンチャント ★ストラテージュ 
29	0	616	2	土偶	58	80	23	30216	1206	25	2	敏捷15 敏捷15 体力15 体力15 魔力15 魔力15 	マーチ モラール スキューア パワフルヒール 瑠璃樹 隠者 聖音 地の祝福 ★バトルダンス ★ラッシュ 
29	0	616	3	ホブゴブリン	373	79	17	23949	960	25	1	攻撃20 防御20 鎮痛20 反撃20 増幅20 強靭20 	カウンター ガーディアン ハードブレイク ストライク 太陽 猛攻 堅守 応酬 ★血気 ★炸裂 
29	0	618	1	野人	772	122	3	19174	663	25	1	活力35 体力35 攻撃35 防御35 強撃35 強撃35 	ワロップ ビブラート 太陽 阿修羅 不屈 再生 
29	0	618	2	レイス	904	122	2	17483	605	25	5	活力40 活力40 体力40 体力40 闇纏40 蘇生40 	サモン：ナイトメア ドレインライフ オディウム ブラックヴェール 召喚強化 盲目耐性 瘴気 闇の祝福 
29	0	618	3	動く沼	827	116	1	14961	523	25	4	攻撃35 地纏35 放盲35 道連35 反護35 反護35 	ダンスマカブル ランドグラスプ グラビティブラスト デモリッシュ 地の祝福 時の牢 背水 大山鳴動 
29	0	624	1	ことら	484	98	10	23535	866	25	1	攻撃25 麻痺25 気合25 器用25 追撃25 強撃25 	デスペラート インファイト ヴィクティム チェインリアクト チャージ クイック 剛健 巧技 阿修羅 精神力 ★血気 ★デスラッシュ 
29	0	624	2	狛犬	564	114	9	27086	952	25	1	全祝30 全護30 体力30 回復30 幸運30 耐狂30 	アジール ホーリーサークル ブレッシングレイン ディスインフェクト フォースフィールド 結界 変若水 治癒領域 救済 ★グランドウォール 
29	0	624	3	ミカンさん	725	121	8	27493	950	25	3	回復35 耐狂35 鎮痛35 反護35 全護35 全護35 	マナポーション ポーションラッシュ ヒールポーション インスタントポーション クリエイト：メディカルリキッド 献身 変若水 天香桂花 覇気 ★対症下薬 
29	0	649	1	野人	772	122	2	17483	605	25	1	活力35 体力35 攻撃35 防御35 強撃35 強撃35 	ワロップ ビブラート 太陽 阿修羅 不屈 再生 
29	0	651	1	沼のマリオネット	827	116	3	18166	635	25	4	攻撃35 地纏35 放盲35 道連35 反護35 反護35 	ダンスマカブル ランドグラスプ グラビティブラスト デモリッシュ 地の祝福 時の牢 背水 大山鳴動 
29	0	651	2	塔のマリオネット	832	124	2	17933	617	25	5	狂40 反乱40 活力40 体力40 攻撃40 防御40 	カームソング インディグネイション カオス スクリーム 催眠術 超音波 精神変調特性 先制 
29	0	651	3	カマラサウルス	899	133	1	17597	595	25	1	道連40 道連40 体力40 体力40 活力40 活力40 	スペシャルタイム アイオリア サモン：ノーム 剛健 風起雲湧 不屈 召喚強化 
29	0	654	1	ホブゴブリン	373	79	18	24894	998	25	1	攻撃20 防御20 鎮痛20 反撃20 増幅20 強靭20 	カウンター ガーディアン ハードブレイク ストライク 太陽 猛攻 堅守 応酬 ★血気 ★炸裂 
29	0	663	1	石壁くん	55	56	26	18984	931	25	1	魔力10 幸運10 活力10 耐地10 防御10 体力10 	プロテクション ブロック ワイドプロテクション 火炎避け 太陽 剛健 瑠璃樹 守勢 ★背水 ★グランドウォール 
29	0	663	2	大カラスちゃん	59	74	25	28955	1196	25	2	攻撃10 深手10 風柳10 舞反10 器用10 敏捷10 	カラミティゲイル ワールウィンド インパクト エアブラスト 死線 士気高揚 見切 巧技 泡沫 ★カマイタチ ★インスージアズム 
29	0	664	1	バンブーマン	378	88	18	29350	1121	25	3	攻撃20 器用20 迫撃20 地纏20 深手20 致命20 	グロウスルーツ ブランチ スキューア 巧技 瑞星 不屈 快進撃 ★ダンスマカブル ★グランドレイジ 
29	0	673	1	蜃	684	107	4	17683	633	25	3	体力30 災30 耐災30 耐災30 敏捷30 敏捷30 	クリエイト：ワンダーランド ディープフリーズ ファイアスパウト ヒールミスト 隠者 環境変調特性 環境変調耐性 見切 蜃気楼 
29	0	673	2	とらくん	484	98	12	26103	961	25	1	攻撃25 麻痺25 気合25 器用25 追撃25 強撃25 	デスペラート インファイト ヴィクティム チェインリアクト チャージ クイック 剛健 巧技 阿修羅 精神力 ★血気 ★デスラッシュ 
29	0	673	3	大毒茸	474	96	14	27774	1031	25	3	疫25 狂25 復活25 反毒25 魔力25 魔力25 	ヴェノムスパウト シュリーク クラウン ウィルスゾーン ツインブラスト 肉体変調特性 精神変調特性 肉体変調耐性 環境変調耐性 瘴気 ★百孔千瘡 ★コンテイジョン 
29	0	691	1	炭人形	830	122	3	19214	663	25	5	攻撃35 地撃35 器用35 体力35 追撃35 追撃35 	ケイオティックチェイス イレイザー グリムリーパー シャークトゥース 先制 阿修羅 巧技 乱離骨灰 
29	0	691	2	スノードラゴン	841	128	1	16914	576	25	5	水纏40 耐霊40 活力40 体力40 魔力40 反護40 	アクアレゾナンス ブリザード アイスフォール スノーホワイト 水の祝福 凍結耐性 緩歌縵舞 水霊力 
29	0	695	1	スノードラゴン	841	128	2	18726	638	25	5	水纏40 耐霊40 活力40 体力40 魔力40 反護40 	アクアレゾナンス ブリザード アイスフォール スノーホワイト 水の祝福 凍結耐性 緩歌縵舞 水霊力 
29	0	695	2	捨てインコ	789	108	1	13560	484	25	5	攻撃35 器用35 体力35 体力35 命脈35 魔脈35 	クリスタルブラスト バトルダンス イグニス アイシクルランス ショックウェイブ グランドクラッシャー カレイドスコープ ダウンフォール 金剛不壊 心機掌握 千変万化 士気高揚 
29	0	709	1	へんしんちゃん	684	107	5	19116	684	25	3	体力30 災30 耐災30 耐災30 敏捷30 敏捷30 	クリエイト：ワンダーランド ディープフリーズ ファイアスパウト ヒールミスト 隠者 環境変調特性 環境変調耐性 見切 蜃気楼 ★ディケイドミスト 
29	0	709	2	マリーゴールドのワイト	142	74	26	29824	1231	25	1	腐食15 攻撃15 反撃15 反痺15 活力15 活力15 	ドレインライフ デスグラスプ ウィザー 逆襲 太陽 闇の祝福 瘴気 強打 ★不屈 ★デスブロウ 
29	0	709	3	KING OF 菌	474	96	14	27774	1031	25	3	疫25 狂25 復活25 反毒25 魔力25 魔力25 	ヴェノムスパウト シュリーク クラウン ウィルスゾーン ツインブラスト 肉体変調特性 精神変調特性 肉体変調耐性 環境変調耐性 瘴気 ★百孔千瘡 ★コンテイジョン 
29	0	713	1	ケットシー	533	96	13	26531	985	25	1	壊裂30 狂30 耐狂30 敏捷30 幸運30 舞魅30 	チャームダンス カレイドスコープ パージ 光の祝福 高山流水 血気 見切 ★光霊力 ★サモン：ヴァルキリー 
29	0	716	1	プリーン	841	128	3	20539	700	25	5	水纏40 耐霊40 活力40 体力40 魔力40 反護40 	アクアレゾナンス ブリザード アイスフォール スノーホワイト 水の祝福 凍結耐性 緩歌縵舞 水霊力 
29	0	716	2	ぷち彩香	899	133	2	19483	659	25	1	道連40 道連40 体力40 体力40 活力40 活力40 	スペシャルタイム アイオリア サモン：ノーム 剛健 風起雲湧 不屈 召喚強化 
29	0	722	1	レッサーパンダ	377	93	18	31372	1178	25	1	体力20 攻撃20 幸運20 器用20 魔力20 魔力20 	ストーンブラスト カース ティンダー ライトニング ウィンドカッター ウォーターフォール 隠者 再活性 精神力 魔力凝縮 ★エレメントフィールド ★治癒領域 
29	0	722	2	洗濯機	335	86	17	27220	1051	25	3	魔力20 水纏20 鎮痛20 増幅20 活力20 攻撃20 	ディープブルー カタラクト バブルトラップ コンセントレイト 猛攻 太陽 肉体変調耐性 精神変調耐性 ★水の祝福 ★集気 
29	0	722	3	マッドゴーレム	389	84	16	25254	986	25	3	反縛20 舞盲20 反護20 舞護20 活力20 防御20 	グランドウォール グラビティブラスト アースタンブア ストーンブラスト 堅守 背水 肉体変調耐性 不屈 ★地の祝福 ★プレシアンス 
29	0	732	1	ガルーダ	517	108	8	23675	846	25	3	致命30 風撃30 風纏30 器用30 耐災30 耐疫30 	スカイハイ カラミティゲイル ウィンドコイル 風の祝福 衝撃波 瑞星 見切 一望千里 ★ストームブリンガー 
29	0	732	-1		725	121	4	20759	717	25	3	回復35 耐狂35 鎮痛35 反護35 全護35 全護35 	マナポーション ポーションラッシュ ヒールポーション インスタントポーション クリエイト：メディカルリキッド 献身 変若水 天香桂花 覇気 
29	0	736	1	とら	484	98	11	24820	914	25	1	攻撃25 麻痺25 気合25 器用25 追撃25 強撃25 	デスペラート インファイト ヴィクティム チェインリアクト チャージ クイック 剛健 巧技 阿修羅 精神力 ★血気 ★デスラッシュ 
29	0	736	2	りゃみぃあ	505	107	10	26286	941	25	4	器用25 混乱25 鎮痛25 命脈25 耐疫25 耐狂25 	ドレインライフ プランダー サイケデリア ヴァンピール アルシナシオン 精神変調特性 精神変調耐性 悪夢 精神力 秘法妙薬 ★巧技 ★見切 
29	0	736	3	機械犬	581	94	7	18507	691	25	3	舞火30 舞痺30 反火30 鎮痛30 命脈30 魔脈30 	ボンバルディエ マジックミサイル ヒートイミッター クリエイト：ホーミングトラップ 巧技 火の祝福 火霊力 金剛不壊 ★ジャイアントキル 
29	0	743	1	ねこ	56	58	24	18942	907	25	3	連撃10 麻痺10 幸運10 敏捷10 魔力10 耐闇10 	チャージ ラッシュ クイック 猛攻 隠者 巧技 見切 ★ブレイドフォーム ★先制 
29	0	748	1	キリン	819	112	1	14245	504	25	1	活力35 体力35 耐災35 耐疫35 攻撃35 光纏35 	トールハンマー 魔力凝縮 光の祝福 血気 朦朧耐性 集気 
29	0	748	2	デコイドール：ダミーフルトン	474	96	14	27774	1031	25	3	疫25 狂25 復活25 反毒25 魔力25 魔力25 	ヴェノムスパウト シュリーク クラウン ウィルスゾーン ツインブラスト 肉体変調特性 精神変調特性 肉体変調耐性 環境変調耐性 瘴気 ★百孔千瘡 ★コンテイジョン 
29	0	748	3	ケットシー	533	96	8	20312	754	25	1	壊裂30 狂30 耐狂30 敏捷30 幸運30 舞魅30 	チャームダンス カレイドスコープ パージ 光の祝福 高山流水 血気 見切 ★光霊力 
29	0	751	1	歩行軍手	319	84	21	30545	1189	25	5	朦朧20 混乱20 器用20 敏捷20 風柳20 舞魅20 	カレイドスコープ ディスオーダー チャームダンス 朦朧耐性 混乱耐性 魅了耐性 精神変調特性 見切 ★旋風 ★悪夢 
29	0	751	2	ソースコロッケ	372	82	19	27271	1075	25	1	活力20 体力20 闇纏20 反腐20 防御20 敏捷20 	ラトゥンブロウ コロウドスパウト スティクス ピュリフィケーション 隠者 敗柳残花 先制 肉体変調特性 ★五月雨 ★数多の怨 
29	0	751	3	軍手大蛇	280	80	20	27224	1088	25	3	猛毒15 衰弱15 闇纏15 舞撃15 敏捷15 器用15 	ポイズンファング ウィザー ペレル ローレジスタンス 泡沫 肉体変調特性 肉体変調耐性 死線 巧技 ★再活性 ★覇気 
29	0	753	1	"影"	725	121	2	17392	601	25	3	回復35 耐狂35 鎮痛35 反護35 全護35 全護35 	マナポーション ポーションラッシュ ヒールポーション インスタントポーション クリエイト：メディカルリキッド 献身 変若水 天香桂花 覇気 
29	0	758	1	オオドジョウ	128	70	26	27307	1161	25	3	攻撃15 器用15 応報15 水纏15 耐火15 耐水15 	フローズンフォーム アイスソーン グレイシア 神威 五月雨 猛攻 水の祝福 凍結耐性 ★ビッグウェイブ ★阿修羅 
29	0	758	3	洗濯機	335	86	19	29368	1134	25	3	魔力20 水纏20 鎮痛20 増幅20 活力20 攻撃20 	ディープブルー カタラクト バブルトラップ コンセントレイト 猛攻 太陽 肉体変調耐性 精神変調耐性 ★水の祝福 ★集気 
29	0	760	1	悪い予感	427	79	16	23088	925	25	4	攻撃20 器用20 耐火20 耐風20 地纏20 耐光20 	ロックトラップ ストーンブラスト メテオ 太陽 猛攻 肉体変調耐性 不屈 ★地の祝福 ★血気 
29	0	760	2	生温い追風	71	72	23	26070	1090	25	4	風撃10 混乱10 敏捷10 体力10 加速10 幸運10 	プリディクション マーチ ブレイブハート エアスラッシュ 神風 治癒領域 見切 風の祝福 衝撃波 ★トランキュリティ ★救済 
29	0	760	3	大海の影	335	86	19	29368	1134	25	3	魔力20 水纏20 鎮痛20 増幅20 活力20 攻撃20 	ディープブルー カタラクト バブルトラップ コンセントレイト 猛攻 太陽 肉体変調耐性 精神変調耐性 ★水の祝福 ★集気 
29	0	762	1	ベビードラゴン	143	66	25	23955	1056	25	4	火撃15 炎上15 火纏15 耐火15 増幅15 強靭15 	マジックミサイル ファイアレイド ティンダー 血気 攻勢 火の祝福 環境変調特性 炎上耐性 ★フレイムレゾナンス ★魔力凝縮 
29	0	762	2	歩行軍手	66	60	24	20246	942	25	2	増幅10 攻撃10 反朧10 反衰10 回復10 器用10 	パワフルヒール マナ ヒール 隠者 肉体変調耐性 精神変調耐性 背水 強打 ★トランス ★ディビジョン 
29	0	762	3	化け狐	291	70	23	24805	1056	25	5	凍結15 衰弱15 耐闇15 耐闇15 闇纏15 闇纏15 	カースワード ミッドナイトカーテン ワンオンキル 精神変調耐性 呪音 瘴気 闇の祝福 隠者 ★悪夢 ★数多の怨 
29	0	771	1	大狼	529	105	8	22819	823	25	1	活力30 攻撃30 防御30 器用30 風撃30 地撃30 	フィアスファング チェインリアクト ヴィクティム チャージ 血気 死線 先制 阿修羅 ★ジェネラル 
29	0	771	2	ラフレシア	419	93	15	27878	1047	25	3	疫20 疫20 活力20 体力20 放痺20 放衰20 	コンテイジョン ヴェノムスパウト コロウドスパウト 肉体変調特性 瘴気 不屈 腐敗堕落 ★百孔千瘡 ★アスプ 
29	0	771	3	オオザリガニ	57	66	24	23123	1024	25	1	束縛10 衰弱10 命脈10 反反10 活力10 防御10 	カウンター スコーピオン スイープ 珊瑚樹 太陽 猛攻 堅守 ★ガーディアン ★エスコート 
29	0	778	1	韮マン	337	75	18	22966	948	25	1	地纏15 守護15 耐水15 耐光15 強靭15 回復15 	ハーバルメディスン ヒールハーブ ヴェノムスパウト 神威 肉体変調特性 瘴気 太陽 堅守 ★草根木皮 ★ニライカナイ 
29	0	778	2	大毒茸	474	96	15	29019	1078	25	3	疫25 狂25 復活25 反毒25 魔力25 魔力25 	ヴェノムスパウト シュリーク クラウン ウィルスゾーン ツインブラスト 肉体変調特性 精神変調特性 肉体変調耐性 環境変調耐性 瘴気 ★百孔千瘡 ★コンテイジョン 
29	0	778	3	大狼	529	105	13	29806	1075	25	1	活力30 攻撃30 防御30 器用30 風撃30 地撃30 	フィアスファング チェインリアクト ヴィクティム チャージ 血気 死線 先制 阿修羅 ★ジェネラル ★背水 
29	0	789	1	蜃	684	107	7	21983	787	25	3	体力30 災30 耐災30 耐災30 敏捷30 敏捷30 	クリエイト：ワンダーランド ディープフリーズ ファイアスパウト ヒールミスト 隠者 環境変調特性 環境変調耐性 見切 蜃気楼 ★ディケイドミスト 
29	0	789	2	こぐま	96	77	26	31321	1273	25	1	強撃15 強撃15 防御15 命脈15 活力15 体力15 	フロウライフ カウンター デスペラート ブレイク 猛攻 堅守 太陽 背水 ★戴天 ★覇気 
29	0	789	3	とら	484	98	10	23535	866	25	1	攻撃25 麻痺25 気合25 器用25 追撃25 強撃25 	デスペラート インファイト ヴィクティム チェインリアクト チャージ クイック 剛健 巧技 阿修羅 精神力 ★血気 ★デスラッシュ 
29	0	799	1	たにし	750	112	1	14276	504	25	1	防災35 水撃35 防御35 鎮痛35 回復35 水纏35 	クリエイト：フラッド ブロック エナジーウォール タイトロープ エナジータイド 太陽 水の祝福 水特性回復 水霊力 修復 
29	0	799	2	スノードラゴン	841	128	3	20539	700	25	5	水纏40 耐霊40 活力40 体力40 魔力40 反護40 	アクアレゾナンス ブリザード アイスフォール スノーホワイト 水の祝福 凍結耐性 緩歌縵舞 水霊力 
29	0	799	3	わに	732	110	2	15391	546	25	1	深手35 致命35 迫撃35 迫撃35 攻撃35 器用35 	グラーシーザ フィアスファング グリムリーパー フェイタルポイント アサルト 阿修羅 金剛不壊 強打 再生 
29	0	805	1	大黒猫	56	58	27	20699	992	25	3	連撃10 麻痺10 幸運10 敏捷10 魔力10 耐闇10 	チャージ ラッシュ クイック 猛攻 隠者 巧技 見切 ★ブレイドフォーム ★先制 
29	0	805	2	バニーガール	327	72	22	25238	1055	25	4	共鳴15 回復15 鎮痛15 反反15 快癒15 快癒15 	サモン：スライム ヒールポーション ヒーリングソング 召喚強化 治癒領域 献身 隠者 ★祝福の詩 ★クリスタルウォール 
29	0	805	3	とら	484	98	15	29955	1103	25	1	攻撃25 麻痺25 気合25 器用25 追撃25 強撃25 	デスペラート インファイト ヴィクティム チェインリアクト チャージ クイック 剛健 巧技 阿修羅 精神力 ★血気 ★デスラッシュ 
29	0	806	1	煙々羅	488	84	11	20065	784	25	5	盲目25 朦朧25 防御25 器用25 防災25 防狂25 	ガスト アゲンスト キュアサイクロン キュアブリーズ ヒールウィンド 薬師 風の祝福 風特性回復 結界 救済 ★スカイハイ ★超音波 
29	0	806	2	座敷童子	501	86	10	19761	763	25	3	祝福25 防狂25 命脈25 魔脈25 体力25 回復25 	ラッキータイム プリディクション チキンハート ルージィグージィ ノーマライズ 献身 結界 精神変調耐性 見切 救済 ★ディビジョン ★サルベイション 
29	0	807	1	暴走ハーレー	450	80	16	23466	937	25	3	風撃20 混乱20 狂20 器用20 敏捷20 追風20 	スクランブル デスラッシュ ラッシュ クイックレメディ 電光石火 混乱耐性 攻勢 対症下薬 神風 ★グラインドコア ★ストラテージュ 
29	0	807	2	執事オーガ	520	90	8	18798	711	25	1	活力25 体力25 攻撃25 防御25 鎮痛25 命脈25 	ハードブレイク ストライク ブレイク ローレジスタンス ローエレメンツ 集気 猛攻 堅守 戴天 ★背水 
29	0	807	3	傘おばけ	428	89	13	23851	911	25	4	反射20 体力20 魔力20 回復20 水纏20 共鳴20 	ディープブルー ブレッシングレイン ビッグウェイブ アクアリカバー アクアヒール エナジータイド 水の祝福 水特性回復 火炎避け 氷水避け 背水 見切 ★五月雨 ★スティクス 
29	0	808	1	沼ピクシー	432	86	15	25152	971	25	5	魔力20 治癒20 体力20 闇纏20 防疫20 防狂20 	ウィザー ドレインライフ ヴァンパイアピット ボロウライフ 隠者 献身 薬師 結界 ★闇特性回復 ★救済 
29	0	808	2	煙々羅	488	84	14	23177	905	25	5	盲目25 朦朧25 防御25 器用25 防災25 防狂25 	ガスト アゲンスト キュアサイクロン キュアブリーズ ヒールウィンド 薬師 風の祝福 風特性回復 結界 救済 ★スカイハイ ★超音波 
29	0	812	1	ぬ	774	107	5	19163	686	25	1	地纏35 攻撃35 反地35 反衰35 器用35 体力35 	モータルバイト ジャイアントラップル 猛攻 阿修羅 集気 逆襲 ★不屈 
29	0	812	2	キリン	819	112	4	18824	666	25	1	活力35 体力35 耐災35 耐疫35 攻撃35 光纏35 	トールハンマー 魔力凝縮 光の祝福 血気 朦朧耐性 集気 
29	0	812	3	ミカンさん	725	121	2	17392	601	25	3	回復35 耐狂35 鎮痛35 反護35 全護35 全護35 	マナポーション ポーションラッシュ ヒールポーション インスタントポーション クリエイト：メディカルリキッド 献身 変若水 天香桂花 覇気 
29	0	814	1	野人	772	122	3	19174	663	25	1	活力35 体力35 攻撃35 防御35 強撃35 強撃35 	ワロップ ビブラート 太陽 阿修羅 不屈 再生 
29	0	821	1	回避領域	55	56	27	19536	958	25	1	魔力10 幸運10 活力10 耐地10 防御10 体力10 	プロテクション ブロック ワイドプロテクション 火炎避け 太陽 剛健 瑠璃樹 守勢 ★背水 ★グランドウォール 
29	0	821	2	物攻領域	58	80	26	33109	1322	25	2	敏捷15 敏捷15 体力15 体力15 魔力15 魔力15 	マーチ モラール スキューア パワフルヒール 瑠璃樹 隠者 聖音 地の祝福 ★バトルダンス ★ラッシュ 
29	0	821	3	炎上領域	143	66	22	21798	960	25	4	火撃15 炎上15 火纏15 耐火15 増幅15 強靭15 	マジックミサイル ファイアレイド ティンダー 血気 攻勢 火の祝福 環境変調特性 炎上耐性 ★フレイムレゾナンス ★魔力凝縮 
29	0	840	1	とら	484	98	12	26103	961	25	1	攻撃25 麻痺25 気合25 器用25 追撃25 強撃25 	デスペラート インファイト ヴィクティム チェインリアクト チャージ クイック 剛健 巧技 阿修羅 精神力 ★血気 ★デスラッシュ 
29	0	840	2	OL	831	108	2	14977	535	25	3	魔力35 壊裂35 連撃35 麻痺35 体力35 祝福35 	ザナドゥ デスラッシュ スペシャルタイム スペシャルポーション ディビジョン 先制 見切 治癒領域 光輝燦然 
29	0	847	1	一葉	335	86	17	27220	1051	25	3	魔力20 水纏20 鎮痛20 増幅20 活力20 攻撃20 	ディープブルー カタラクト バブルトラップ コンセントレイト 猛攻 太陽 肉体変調耐性 精神変調耐性 ★水の祝福 ★集気 
29	0	847	2	一葉	83	77	26	31201	1268	25	3	追撃10 強撃10 加速10 加速10 気合10 魔力10 	プチメテオカード マナ コンセントレイト ヒール 隠者 地の祝福 魔力凝縮 集気 ★レッドアゲート ★パワフルヒール 
29	0	847	3	一葉	327	72	19	22741	951	25	4	共鳴15 回復15 鎮痛15 反反15 快癒15 快癒15 	サモン：スライム ヒールポーション ヒーリングソング 召喚強化 治癒領域 献身 隠者 ★祝福の詩 ★クリスタルウォール 
29	0	852	1	軍鶏	475	86	12	21847	844	25	4	風撃25 衰弱25 攻撃25 器用25 致命25 迫撃25 	デスラッシュ 生殺与奪 光輝燦然 応酬 攻勢 ★デスブランド ★スカイハイ 
29	0	852	2	オーガ	520	90	8	18798	711	25	1	活力25 体力25 攻撃25 防御25 鎮痛25 命脈25 	ハードブレイク ストライク ブレイク ローレジスタンス ローエレメンツ 集気 猛攻 堅守 戴天 ★背水 
29	0	852	3	ケットシー	533	96	7	19069	708	25	1	壊裂30 狂30 耐狂30 敏捷30 幸運30 舞魅30 	チャームダンス カレイドスコープ パージ 光の祝福 高山流水 血気 見切 ★光霊力 
29	0	861	1	木こり	808	121	2	17355	601	25	1	活力35 体力35 反風35 風撃35 攻撃35 風纏35 	エアブレイド カマイタチ エアスラッシュ ウィンドカッター サモン：トラッパー 秘法妙薬 剛健 瑠璃樹 風の祝福 
29	0	862	1	アルラウネ	499	100	13	28243	1031	25	5	防疫25 魅了25 地纏25 耐光25 耐水25 回復25 	フラワーバド フラワーバラッド ヒールハーブ クラウト 地の祝福 草根木皮 精神力 瘴気 地特性回復 ★救済 ★ハーバルメディスン 
29	0	862	2	ベビードラゴン	143	66	22	21798	960	25	4	火撃15 炎上15 火纏15 耐火15 増幅15 強靭15 	マジックミサイル ファイアレイド ティンダー 血気 攻勢 火の祝福 環境変調特性 炎上耐性 ★フレイムレゾナンス ★魔力凝縮 
29	0	862	3	沼ペンギン	372	82	19	27271	1075	25	1	活力20 体力20 闇纏20 反腐20 防御20 敏捷20 	ラトゥンブロウ コロウドスパウト スティクス ピュリフィケーション 隠者 敗柳残花 先制 肉体変調特性 ★五月雨 ★数多の怨 
29	0	865	1	金平糖（ワイルド風味）	772	122	4	20866	722	25	1	活力35 体力35 攻撃35 防御35 強撃35 強撃35 	ワロップ ビブラート 太陽 阿修羅 不屈 再生 
29	0	865	2	金平糖（蜜柑味）	725	121	3	19076	659	25	3	回復35 耐狂35 鎮痛35 反護35 全護35 全護35 	マナポーション ポーションラッシュ ヒールポーション インスタントポーション クリエイト：メディカルリキッド 献身 変若水 天香桂花 覇気 
29	0	869	1	ランブルフィッシュ	339	72	17	21166	884	25	2	火撃20 麻痺20 反火20 火纏20 舞炎20 獄炎20 	レッドゾーン デストロイ レッドショック イグニス マスフレイム クリムゾンスカイ 火の祝福 炎上耐性 火炎避け 凍結耐性 攻勢 ★血気 ★阿修羅 
29	0	869	2	ポルカドットスティングレイ	539	107	9	24912	892	25	5	疫30 疫30 疫30 疫30 耐疫30 耐疫30 	ポイゾナスブラッド タクシックゾーン ヴェノムスパウト マイアズマ グレイブシンプトム 肉体変調特性 瘴気 不屈 闇の祝福 ★百孔千瘡 
29	0	869	3	ヴァンパイアクラブ	547	108	8	23731	848	25	3	全祝30 全祝30 舞撃30 舞祝30 攻撃30 加速30 	インペイル デスラッシュ グラインドコア アブソリュート デスペラート 猛攻 神護 精神力 幸星 ★血気 
29	0	871	1	捨て猫	585	98	7	19683	724	25	1	心酔30 致命30 反反30 舞反30 器用30 幸運30 	モラール グリムリーパー フェイタルポイント クリーンヒット ピンポイント 猛攻 巧技 士気高揚 強打 電光石火 ★心機掌握 
29	0	871	2	アルラウネ	499	100	12	26918	983	25	5	防疫25 魅了25 地纏25 耐光25 耐水25 回復25 	フラワーバド フラワーバラッド ヒールハーブ クラウト 地の祝福 草根木皮 精神力 瘴気 地特性回復 ★救済 ★ハーバルメディスン 
29	0	871	3	SUISUIクラゲカー	547	108	9	25185	900	25	3	全祝30 全祝30 舞撃30 舞祝30 攻撃30 加速30 	インペイル デスラッシュ グラインドコア アブソリュート デスペラート 猛攻 神護 精神力 幸星 ★血気 
29	0	875	1	毒蜘蛛	539	107	7	22038	789	25	5	疫30 疫30 疫30 疫30 耐疫30 耐疫30 	ポイゾナスブラッド タクシックゾーン ヴェノムスパウト マイアズマ グレイブシンプトム 肉体変調特性 瘴気 不屈 闇の祝福 ★百孔千瘡 
29	0	877	1	歩行軍手	66	60	24	20246	942	25	2	増幅10 攻撃10 反朧10 反衰10 回復10 器用10 	パワフルヒール マナ ヒール 隠者 肉体変調耐性 精神変調耐性 背水 強打 ★トランス ★ディビジョン 
29	0	877	2	ウルフ	80	75	23	27327	1128	25	1	攻撃15 連撃15 活力15 加速15 衰弱15 敏捷15 	チャージ クイック フィアスファング スイープ 猛攻 剛健 血気 見切 精神変調耐性 ★ブレイドフォーム ★モラール 
29	0	884	1	疾走ネギ聖人	71	72	24	26902	1125	25	4	風撃10 混乱10 敏捷10 体力10 加速10 幸運10 	プリディクション マーチ ブレイブハート エアスラッシュ 神風 治癒領域 見切 風の祝福 衝撃波 ★トランキュリティ ★救済 
29	0	884	2	ジャンボゼミネギ聖人	242	65	23	22134	985	25	3	貫撃15 列撃15 敏捷15 風纏15 加速15 舞反15 	イクスプロイト ビブラート フォースフィールド 神風 不屈 風の祝福 阿修羅 ★再活性 ★血気 
29	0	884	3	ロングノーズネギ聖人	241	79	21	27731	1112	25	1	攻撃15 防御15 命脈15 鎮痛15 活力15 体力15 	エナジータイド チャージ コンテイン プロテクション 修復 太陽 珊瑚樹 環境変調耐性 堅守 ★フロウライフ ★エナジーウォール 
29	0	890	1	捨てBB弾	788	114	1	14585	512	25	5	毒域35 痺域35 器用35 火纏35 疫35 耐疫35 	ファイアボルト スカーレットスキュア フレイムインパクト ヒートウェイブ デストロイ 衝撃波 七花八裂 巧技 百発百中 百孔千瘡 
29	0	900	1	ピエロ	530	93	8	19458	731	25	3	器用30 幸運30 舞撃30 舞魅30 心酔30 狂30 	クレイジーショー 泡沫 巧技 精神変調特性 治癒領域 ★悪夢 
29	0	900	2	チビメデューサ	718	105	7	21422	772	25	4	地纏30 地纏30 耐霊30 奪命30 増勢30 耐疫30 	バインディング ペトリフィケーション ダンスマカブル フングラ ストーンブラスト フラワーバド 巧技 麻痺耐性 束縛耐性 地の祝福 死線 ★瘴気 
29	0	900	3	魚雷魚	589	105	5	18671	673	25	3	水纏30 敏捷30 道連30 奪命30 復活30 応報30 	ディープブルー カタラクト 水の祝福 水霊力 五月雨 集気 氷水避け ★魔力凝縮 
29	0	915	1	ダンデライオン	81	63	23	20877	947	25	1	魅了15 光撃15 光纏15 反光15 放魅15 器用15 	カタルシス ライトニング パージ 血気 集気 猛攻 光の祝福 ★サンダーフォーム ★不屈 
29	0	915	2	ベビードラゴン	143	66	22	21798	960	25	4	火撃15 炎上15 火纏15 耐火15 増幅15 強靭15 	マジックミサイル ファイアレイド ティンダー 血気 攻勢 火の祝福 環境変調特性 炎上耐性 ★フレイムレゾナンス ★魔力凝縮 
29	0	927	1	たにし	750	112	2	15806	558	25	1	防災35 水撃35 防御35 鎮痛35 回復35 水纏35 	クリエイト：フラッド ブロック エナジーウォール タイトロープ エナジータイド 太陽 水の祝福 水特性回復 水霊力 修復 
29	0	927	2	野人	772	122	1	15791	546	25	1	活力35 体力35 攻撃35 防御35 強撃35 強撃35 	ワロップ ビブラート 太陽 阿修羅 不屈 再生 
29	0	931	1	アルノルディ	419	93	15	27878	1047	25	3	疫20 疫20 活力20 体力20 放痺20 放衰20 	コンテイジョン ヴェノムスパウト コロウドスパウト 肉体変調特性 瘴気 不屈 腐敗堕落 ★百孔千瘡 ★アスプ 
29	0	931	2	シツナ	536	94	9	20860	782	25	4	快癒25 魔力25 耐狂25 奪命25 闇纏25 体力25 	ナイトフィーバー ミッドナイトカーテン マインドブレイク ルージィグージィ ボロウライフ 闇の祝福 悪夢 酔生夢死 精神力 ★ミゼラブルメモリー 
29	0	931	3	バニリムさん	327	72	22	25238	1055	25	4	共鳴15 回復15 鎮痛15 反反15 快癒15 快癒15 	サモン：スライム ヒールポーション ヒーリングソング 召喚強化 治癒領域 献身 隠者 ★祝福の詩 ★クリスタルウォール 
29	0	932	1	捨て犬	774	107	3	16289	583	25	1	地纏35 攻撃35 反地35 反衰35 器用35 体力35 	モータルバイト ジャイアントラップル 猛攻 阿修羅 集気 逆襲 
29	0	932	2	スノードラゴン	841	128	2	18726	638	25	5	水纏40 耐霊40 活力40 体力40 魔力40 反護40 	アクアレゾナンス ブリザード アイスフォール スノーホワイト 水の祝福 凍結耐性 緩歌縵舞 水霊力 
29	0	932	3	レッサードラゴン	391	94	16	29371	1097	25	5	火撃20 炎上20 反火20 反痺20 攻撃20 火纏20 	クリムゾンスカイ ヒドラジン バーニングサースト フレイムインパクト オイルファイア レッドショック 阿修羅 炎上耐性 火炎避け 烽火連天 星火燎原 ★火の祝福 ★ボンバルディエ 
29	0	936	1	カバ	834	114	1	14619	514	25	1	増勢35 攻撃35 闇纏35 活力35 防御35 反闇35 	ブラッドレイン ナイトフィーバー ドレインライフ デスブロウ インソウル 闇の祝福 闇特性回復 修復 起死回生 血気 
29	0	936	2	スノードラゴン	841	128	4	22350	762	25	5	水纏40 耐霊40 活力40 体力40 魔力40 反護40 	アクアレゾナンス ブリザード アイスフォール スノーホワイト 水の祝福 凍結耐性 緩歌縵舞 水霊力 
29	0	936	3	キリン	819	112	2	15771	558	25	1	活力35 体力35 耐災35 耐疫35 攻撃35 光纏35 	トールハンマー 魔力凝縮 光の祝福 血気 朦朧耐性 集気 
29	0	938	1	ニンジャKAZE	396	77	18	23929	973	25	5	攻撃20 器用20 追風20 反乱20 風纏20 風撃20 	ブルーゲイル ショックウェイブ リワインド エアスラッシュ ウィンドカッター ウィンドコイル 風の祝福 神風 衝撃波 旋風 血気 ★インパクト ★スカイハイ 
29	0	938	2	リンゴさん	881	126	2	18275	626	25	4	祝福40 回復40 活力40 体力40 鎮痛40 命脈40 	サモン：ドライアド ハデスポムグラネイト フィンタン ミスティックパウダー 儀式召喚 山精木魅 背水 
29	0	938	3	飛来する瓦礫	368	77	21	26758	1087	25	2	強撃20 追撃20 活力20 体力20 攻撃20 器用20 	ブレイク クイック ピンポイント ペネトレイト スイープ 猛攻 堅守 太陽 隠者 ★ストライク ★インファイト 
29	0	955	1	沼御前	257	77	22	27565	1121	25	3	攻撃15 道連15 復活15 復活15 舞毒15 舞凍15 	デスキャズム ブラッドアイズ ウィークネス 盲目耐性 再活性 攻勢 血気 死線 ★泡沫 ★阿修羅 
29	0	955	2	こぐま	96	77	26	31321	1273	25	1	強撃15 強撃15 防御15 命脈15 活力15 体力15 	フロウライフ カウンター デスペラート ブレイク 猛攻 堅守 太陽 背水 ★戴天 ★覇気 
29	0	955	3	洗濯機	335	86	19	29368	1134	25	3	魔力20 水纏20 鎮痛20 増幅20 活力20 攻撃20 	ディープブルー カタラクト バブルトラップ コンセントレイト 猛攻 太陽 肉体変調耐性 精神変調耐性 ★水の祝福 ★集気 
29	0	957	1	『獣』	368	77	17	23110	939	25	2	強撃20 追撃20 活力20 体力20 攻撃20 器用20 	ブレイク クイック ピンポイント ペネトレイト スイープ 猛攻 堅守 太陽 隠者 ★ストライク ★インファイト 
29	0	957	2	『幻影』	488	84	12	21102	824	25	5	盲目25 朦朧25 防御25 器用25 防災25 防狂25 	ガスト アゲンスト キュアサイクロン キュアブリーズ ヒールウィンド 薬師 風の祝福 風特性回復 結界 救済 ★スカイハイ ★超音波 
29	0	957	3	『巨人』	459	82	13	21284	839	25	1	攻撃25 増幅25 耐風25 耐闇25 奪命25 復活25 	クレイジーチューン ハードブレイク イレイザー 強打 攻勢 阿修羅 血気 ★先制 ★神風 
29	0	958	1	アルラウネ	499	100	9	22946	838	25	5	防疫25 魅了25 地纏25 耐光25 耐水25 回復25 	フラワーバド フラワーバラッド ヒールハーブ クラウト 地の祝福 草根木皮 精神力 瘴気 地特性回復 ★救済 
29	0	958	2	機械犬	581	94	7	18507	691	25	3	舞火30 舞痺30 反火30 鎮痛30 命脈30 魔脈30 	ボンバルディエ マジックミサイル ヒートイミッター クリエイト：ホーミングトラップ 巧技 火の祝福 火霊力 金剛不壊 ★ジャイアントキル 
29	0	958	3	インキュバス	536	94	10	22065	827	25	4	快癒25 魔力25 耐狂25 奪命25 闇纏25 体力25 	ナイトフィーバー ミッドナイトカーテン マインドブレイク ルージィグージィ ボロウライフ 闇の祝福 悪夢 酔生夢死 精神力 ★ミゼラブルメモリー ★オミナスドリーム 
29	0	970	1	骨ウルフ	371	80	19	26359	1052	25	3	攻撃20 放衰20 道連20 復活20 闇撃20 衰弱20 	デスキャズム ナイトフィーバー デスブランド ペレル ワンオンキル 瘴気 不屈 猛攻 死線 ★クランブル ★闇の祝福 
29	0	970	2	ウルフ	80	75	23	27327	1128	25	1	攻撃15 連撃15 活力15 加速15 衰弱15 敏捷15 	チャージ クイック フィアスファング スイープ 猛攻 剛健 血気 見切 精神変調耐性 ★ブレイドフォーム ★モラール 
29	0	970	3	こぐま	96	77	22	27671	1124	25	1	強撃15 強撃15 防御15 命脈15 活力15 体力15 	フロウライフ カウンター デスペラート ブレイク 猛攻 堅守 太陽 背水 ★戴天 ★覇気 
29	0	971	1	カバ	834	114	3	17752	624	25	1	増勢35 攻撃35 闇纏35 活力35 防御35 反闇35 	ブラッドレイン ナイトフィーバー ドレインライフ デスブロウ インソウル 闇の祝福 闇特性回復 修復 起死回生 血気 
29	0	971	2	キリン	819	112	2	15771	558	25	1	活力35 体力35 耐災35 耐疫35 攻撃35 光纏35 	トールハンマー 魔力凝縮 光の祝福 血気 朦朧耐性 集気 
29	0	971	3	捨てインコ	789	108	1	13560	484	25	5	攻撃35 器用35 体力35 体力35 命脈35 魔脈35 	クリスタルブラスト バトルダンス イグニス アイシクルランス ショックウェイブ グランドクラッシャー カレイドスコープ ダウンフォール 金剛不壊 心機掌握 千変万化 士気高揚 
29	0	974	1	ケツァルコアトル	871	130	2	19067	648	25	5	魔力40 魔力40 充填40 耐霊40 祝福40 反射40 	サクラフィアンマ ドラウン ルーアッハ バンカー カンタレラ インソウル 百花繚乱 救済 治癒領域 蜃気楼 
29	0	974	2	キリン	819	112	1	14245	504	25	1	活力35 体力35 耐災35 耐疫35 攻撃35 光纏35 	トールハンマー 魔力凝縮 光の祝福 血気 朦朧耐性 集気 
29	0	975	1	捨てインコ	789	108	6	20826	744	25	5	攻撃35 器用35 体力35 体力35 命脈35 魔脈35 	クリスタルブラスト バトルダンス イグニス アイシクルランス ショックウェイブ グランドクラッシャー カレイドスコープ ダウンフォール 金剛不壊 心機掌握 千変万化 士気高揚 ★百花繚乱 
29	0	975	2	蜃	684	107	5	19116	684	25	3	体力30 災30 耐災30 耐災30 敏捷30 敏捷30 	クリエイト：ワンダーランド ディープフリーズ ファイアスパウト ヒールミスト 隠者 環境変調特性 環境変調耐性 見切 蜃気楼 ★ディケイドミスト 
29	0	975	3	チビメデューサ	718	105	4	17230	621	25	4	地纏30 地纏30 耐霊30 奪命30 増勢30 耐疫30 	バインディング ペトリフィケーション ダンスマカブル フングラ ストーンブラスト フラワーバド 巧技 麻痺耐性 束縛耐性 地の祝福 死線 
29	0	976	1	ラフレシア	419	93	13	25488	957	25	3	疫20 疫20 活力20 体力20 放痺20 放衰20 	コンテイジョン ヴェノムスパウト コロウドスパウト 肉体変調特性 瘴気 不屈 腐敗堕落 ★百孔千瘡 ★アスプ 
29	0	977	1	かなぶん	760	117	1	14992	524	25	2	敏捷35 回復35 反撃35 体力35 光纏35 加速35 	ワイドプロテクション バトルダンス ナース リリーフ 光の祝福 光特性回復 薬師 対症下薬 戴天 
29	0	988	1	蜃	684	107	5	19116	684	25	3	体力30 災30 耐災30 耐災30 敏捷30 敏捷30 	クリエイト：ワンダーランド ディープフリーズ ファイアスパウト ヒールミスト 隠者 環境変調特性 環境変調耐性 見切 蜃気楼 ★ディケイドミスト 
29	0	988	2	歩行軍手	66	60	25	20873	972	25	2	増幅10 攻撃10 反朧10 反衰10 回復10 器用10 	パワフルヒール マナ ヒール 隠者 肉体変調耐性 精神変調耐性 背水 強打 ★トランス ★ディビジョン 
29	0	988	3	ラフレシア	419	93	15	27878	1047	25	3	疫20 疫20 活力20 体力20 放痺20 放衰20 	コンテイジョン ヴェノムスパウト コロウドスパウト 肉体変調特性 瘴気 不屈 腐敗堕落 ★百孔千瘡 ★アスプ 
29	0	990	1	ダンデライオン	81	63	22	20210	917	25	1	魅了15 光撃15 光纏15 反光15 放魅15 器用15 	カタルシス ライトニング パージ 血気 集気 猛攻 光の祝福 ★サンダーフォーム ★不屈 
29	0	990	2	こめたそ	319	84	21	30545	1189	25	5	朦朧20 混乱20 器用20 敏捷20 風柳20 舞魅20 	カレイドスコープ ディスオーダー チャームダンス 朦朧耐性 混乱耐性 魅了耐性 精神変調特性 見切 ★旋風 ★悪夢 
29	0	990	3	大蛇	280	80	20	27224	1088	25	3	猛毒15 衰弱15 闇纏15 舞撃15 敏捷15 器用15 	ポイズンファング ウィザー ペレル ローレジスタンス 泡沫 肉体変調特性 肉体変調耐性 死線 巧技 ★再活性 ★覇気 
29	0	1000	1	春千佳【蜃】	684	107	5	19116	684	25	3	体力30 災30 耐災30 耐災30 敏捷30 敏捷30 	クリエイト：ワンダーランド ディープフリーズ ファイアスパウト ヒールミスト 隠者 環境変調特性 環境変調耐性 見切 蜃気楼 ★ディケイドミスト 
29	0	1000	2	春千佳【思】	772	122	4	20866	722	25	1	活力35 体力35 攻撃35 防御35 強撃35 強撃35 	ワロップ ビブラート 太陽 阿修羅 不屈 再生 
29	0	1000	3	春千佳【影】	881	126	3	20045	686	25	4	祝福40 回復40 活力40 体力40 鎮痛40 命脈40 	サモン：ドライアド ハデスポムグラネイト フィンタン ミスティックパウダー 儀式召喚 山精木魅 背水 
29	0	1011	1	エウヘロプス	909	135	1	17971	605	25	3	地纏40 地纏40 活力40 攻撃40 防御40 鎮痛40 	アースシンパシー ナタナエル グランドクラッシャー グランドレイジ 太陽 剛健 大山鳴動 不屈 
29	0	1011	2	土偶	58	80	26	33109	1322	25	2	敏捷15 敏捷15 体力15 体力15 魔力15 魔力15 	マーチ モラール スキューア パワフルヒール 瑠璃樹 隠者 聖音 地の祝福 ★バトルダンス ★ラッシュ 
29	0	1011	3	ラフレシア	419	93	13	25488	957	25	3	疫20 疫20 活力20 体力20 放痺20 放衰20 	コンテイジョン ヴェノムスパウト コロウドスパウト 肉体変調特性 瘴気 不屈 腐敗堕落 ★百孔千瘡 ★アスプ 
29	0	1019	1	シャーク・ザ・リッパー	719	119	7	25194	875	25	4	風纏35 乱域35 耐霊35 追風35 敏捷35 舞風35 	ブルーテンペスト ダストデビル ガスト エアスラッシュ ウィンドカッター 風の祝福 風霊力 龍翔鳳舞 旋風 ★スクランブル 
29	0	1019	2	とらげちゃん	484	98	11	24820	914	25	1	攻撃25 麻痺25 気合25 器用25 追撃25 強撃25 	デスペラート インファイト ヴィクティム チェインリアクト チャージ クイック 剛健 巧技 阿修羅 精神力 ★血気 ★デスラッシュ 
29	0	1019	3	ぞんげちゃん	684	107	4	17683	633	25	3	体力30 災30 耐災30 耐災30 敏捷30 敏捷30 	クリエイト：ワンダーランド ディープフリーズ ファイアスパウト ヒールミスト 隠者 環境変調特性 環境変調耐性 見切 蜃気楼 
29	0	1026	1	級長戸辺命	776	103	3	15419	560	25	5	器用35 風纏35 体力35 奪命35 風撃35 鎮痛35 	ディメンションブレイク ガスト エアブレイド ディケイドゲイル 風の祝福 滅亡の風 神風 龍翔鳳舞 
29	0	1026	2	建御名方命	808	121	2	17355	601	25	1	活力35 体力35 反風35 風撃35 攻撃35 風纏35 	エアブレイド カマイタチ エアスラッシュ ウィンドカッター サモン：トラッパー 秘法妙薬 剛健 瑠璃樹 風の祝福 
29	0	1026	3	エウヘロプス	909	135	1	17971	605	25	3	地纏40 地纏40 活力40 攻撃40 防御40 鎮痛40 	アースシンパシー ナタナエル グランドクラッシャー グランドレイジ 太陽 剛健 大山鳴動 不屈 
29	0	1032	1	執事C	335	86	21	31517	1217	25	3	魔力20 水纏20 鎮痛20 増幅20 活力20 攻撃20 	ディープブルー カタラクト バブルトラップ コンセントレイト 猛攻 太陽 肉体変調耐性 精神変調耐性 ★水の祝福 ★集気 
29	0	1032	2	執事B	373	79	18	24894	998	25	1	攻撃20 防御20 鎮痛20 反撃20 増幅20 強靭20 	カウンター ガーディアン ハードブレイク ストライク 太陽 猛攻 堅守 応酬 ★血気 ★炸裂 
29	0	1032	3	執事A	419	93	17	30269	1136	25	3	疫20 疫20 活力20 体力20 放痺20 放衰20 	コンテイジョン ヴェノムスパウト コロウドスパウト 肉体変調特性 瘴気 不屈 腐敗堕落 ★百孔千瘡 ★アスプ 
29	0	1033	1	ほこちゃん	66	60	24	20246	942	25	2	増幅10 攻撃10 反朧10 反衰10 回復10 器用10 	パワフルヒール マナ ヒール 隠者 肉体変調耐性 精神変調耐性 背水 強打 ★トランス ★ディビジョン 
29	0	1036	1	捨てインコ	789	108	1	13560	484	25	5	攻撃35 器用35 体力35 体力35 命脈35 魔脈35 	クリスタルブラスト バトルダンス イグニス アイシクルランス ショックウェイブ グランドクラッシャー カレイドスコープ ダウンフォール 金剛不壊 心機掌握 千変万化 士気高揚 
29	0	1037	1	廃車	547	108	12	29544	1056	25	3	全祝30 全祝30 舞撃30 舞祝30 攻撃30 加速30 	インペイル デスラッシュ グラインドコア アブソリュート デスペラート 猛攻 神護 精神力 幸星 ★血気 ★戴天 
29	0	1037	2	洗濯機	335	86	19	29368	1134	25	3	魔力20 水纏20 鎮痛20 増幅20 活力20 攻撃20 	ディープブルー カタラクト バブルトラップ コンセントレイト 猛攻 太陽 肉体変調耐性 精神変調耐性 ★水の祝福 ★集気 
29	0	1037	3	ダンデライオン	81	63	23	20877	947	25	1	魅了15 光撃15 光纏15 反光15 放魅15 器用15 	カタルシス ライトニング パージ 血気 集気 猛攻 光の祝福 ★サンダーフォーム ★不屈 
29	0	1044	1	霊獣ゴリラ	772	122	7	25943	897	25	1	活力35 体力35 攻撃35 防御35 強撃35 強撃35 	ワロップ ビブラート 太陽 阿修羅 不屈 再生 ★ソードブレイカー 
29	0	1044	2	大蟷螂	793	124	6	24825	854	25	1	活力35 体力35 反撃35 反撃35 恐撃35 攻撃35 	イクスプロイト プランダー ムスケルクラフト ソルプレーザ メンブリュウ 怪力乱神 血気 二刀流 不屈 ★ソードブレイカー 
29	0	1044	3	廃車	547	108	5	19372	692	25	3	全祝30 全祝30 舞撃30 舞祝30 攻撃30 加速30 	インペイル デスラッシュ グラインドコア アブソリュート デスペラート 猛攻 神護 精神力 幸星 ★血気 
29	0	1046	1	道端ガムマン	54	52	27	16701	881	25	5	火撃10 器用10 復活10 反撃10 命脈10 幸運10 	ペネトレイト スコーピオン アサルト 猛攻 殺界 先制 隠者 ★キーンフォーム ★リンクブレイク 
29	0	1065	1	いぬ	506	89	9	19380	740	25	1	連撃25 麻痺25 活力25 耐闇25 攻撃25 器用25 	フィアスファング チェインリアクト 猛攻 阿修羅 血気 応酬 ★ドリンカー 
29	0	1065	2	ねこ	585	98	6	18400	677	25	1	心酔30 致命30 反反30 舞反30 器用30 幸運30 	モラール グリムリーパー フェイタルポイント クリーンヒット ピンポイント 猛攻 巧技 士気高揚 強打 電光石火 ★心機掌握 
29	0	1094	1	蜃	684	107	4	17683	633	25	3	体力30 災30 耐災30 耐災30 敏捷30 敏捷30 	クリエイト：ワンダーランド ディープフリーズ ファイアスパウト ヒールミスト 隠者 環境変調特性 環境変調耐性 見切 蜃気楼 
29	0	1100	1	ミカンさん	725	121	5	22443	776	25	3	回復35 耐狂35 鎮痛35 反護35 全護35 全護35 	マナポーション ポーションラッシュ ヒールポーション インスタントポーション クリエイト：メディカルリキッド 献身 変若水 天香桂花 覇気 ★対症下薬 
29	0	1123	1	ルリヤ	718	105	4	17230	621	25	4	地纏30 地纏30 耐霊30 奪命30 増勢30 耐疫30 	バインディング ペトリフィケーション ダンスマカブル フングラ ストーンブラスト フラワーバド 巧技 麻痺耐性 束縛耐性 地の祝福 死線 
29	0	1123	2	憑鬼《妲己》	507	93	9	20710	777	25	5	盲目25 衰弱25 闇纏25 攻撃25 耐疫25 耐狂25 	オディウム ワンオンキル デスグラスプ アウトレイジ ダウンフォール 闇の祝福 攻勢 見切 強打 ★ドレインライフ 
29	0	1123	3	ルリヤ	539	107	6	20601	737	25	5	疫30 疫30 疫30 疫30 耐疫30 耐疫30 	ポイゾナスブラッド タクシックゾーン ヴェノムスパウト マイアズマ グレイブシンプトム 肉体変調特性 瘴気 不屈 闇の祝福 ★百孔千瘡 
29	0	1132	1	木こり	808	121	4	20715	717	25	1	活力35 体力35 反風35 風撃35 攻撃35 風纏35 	エアブレイド カマイタチ エアスラッシュ ウィンドカッター サモン：トラッパー 秘法妙薬 剛健 瑠璃樹 風の祝福 
29	0	1132	2	野人	772	122	3	19174	663	25	1	活力35 体力35 攻撃35 防御35 強撃35 強撃35 	ワロップ ビブラート 太陽 阿修羅 不屈 再生 
29	0	1132	3	電波塔	832	124	2	17933	617	25	5	狂40 反乱40 活力40 体力40 攻撃40 防御40 	カームソング インディグネイション カオス スクリーム 催眠術 超音波 精神変調特性 先制 
29	0	1144	1	うつろな目をしたヤンキー	60	54	26	17606	894	25	1	地撃10 攻撃10 地纏10 反地10 耐疫10 気合10 	グランドクラッシャー アイアンナックル ブレイク 猛攻 地の祝福 血気 先制 ★グランドレイジ ★フォレストアーム 
29	0	1144	2	うつろな目をした歩行軍手	66	60	25	20873	972	25	2	増幅10 攻撃10 反朧10 反衰10 回復10 器用10 	パワフルヒール マナ ヒール 隠者 肉体変調耐性 精神変調耐性 背水 強打 ★トランス ★ディビジョン 
29	0	1144	3	はぐきメタル	419	93	16	29073	1092	25	3	疫20 疫20 活力20 体力20 放痺20 放衰20 	コンテイジョン ヴェノムスパウト コロウドスパウト 肉体変調特性 瘴気 不屈 腐敗堕落 ★百孔千瘡 ★アスプ 
29	0	1171	1	アルラウネ	499	100	13	28243	1031	25	5	防疫25 魅了25 地纏25 耐光25 耐水25 回復25 	フラワーバド フラワーバラッド ヒールハーブ クラウト 地の祝福 草根木皮 精神力 瘴気 地特性回復 ★救済 ★ハーバルメディスン 
29	0	1181	1	わんこのつがい	774	107	3	16289	583	25	1	地纏35 攻撃35 反地35 反衰35 器用35 体力35 	モータルバイト ジャイアントラップル 猛攻 阿修羅 集気 逆襲 
29	0	1181	2	ヒャクヤクコボルト	419	93	18	31463	1181	25	3	疫20 疫20 活力20 体力20 放痺20 放衰20 	コンテイジョン ヴェノムスパウト コロウドスパウト 肉体変調特性 瘴気 不屈 腐敗堕落 ★百孔千瘡 ★アスプ 
29	0	1181	3	どぜう様	128	70	25	26513	1128	25	3	攻撃15 器用15 応報15 水纏15 耐火15 耐水15 	フローズンフォーム アイスソーン グレイシア 神威 五月雨 猛攻 水の祝福 凍結耐性 ★ビッグウェイブ ★阿修羅 
29	0	1192	1	ダンデライオンの影	81	63	25	22211	1008	25	1	魅了15 光撃15 光纏15 反光15 放魅15 器用15 	カタルシス ライトニング パージ 血気 集気 猛攻 光の祝福 ★サンダーフォーム ★不屈 
29	0	1192	2	闇の騎士	803	107	1	13382	479	25	3	腐食35 攻撃35 反闇35 反盲35 耐光35 耐闇35 	デッドライン デスブランド ペレル シャドウラーカー 阿修羅 闇の祝福 数多の怨 活殺自在 
29	0	1192	3	岩巨人の影	476	103	13	29024	1054	25	3	反地25 反地25 攻撃25 防御25 全祝25 地纏25 	クリスタルウォール グランドウォール デモリッシュ グランドクラッシャー 共存共栄 堅守 強打 地の祝福 ★大崩壊 ★血気 
29	0	1197	1	毒蜘蛛	539	107	6	20601	737	25	5	疫30 疫30 疫30 疫30 耐疫30 耐疫30 	ポイゾナスブラッド タクシックゾーン ヴェノムスパウト マイアズマ グレイブシンプトム 肉体変調特性 瘴気 不屈 闇の祝福 ★百孔千瘡 
29	0	1197	2	かぶとむし	683	110	5	19814	704	25	1	活力30 防御30 鎮痛30 命脈30 舞朧30 舞撃30 	エネルジコ フォレストアーム ブロック エナジータイド アルクス 環境変調耐性 背水 金剛不壊 戴天 再生 ★グランドウォール 
29	0	1197	3	ケツァルコアトル	871	130	2	19067	648	25	5	魔力40 魔力40 充填40 耐霊40 祝福40 反射40 	サクラフィアンマ ドラウン ルーアッハ バンカー カンタレラ インソウル 百花繚乱 救済 治癒領域 蜃気楼 
29	0	1203	1	スノードラゴン	841	128	3	20539	700	25	5	水纏40 耐霊40 活力40 体力40 魔力40 反護40 	アクアレゾナンス ブリザード アイスフォール スノーホワイト 水の祝福 凍結耐性 緩歌縵舞 水霊力 
29	0	1203	2	カマラサウルス	899	133	2	19483	659	25	1	道連40 道連40 体力40 体力40 活力40 活力40 	スペシャルタイム アイオリア サモン：ノーム 剛健 風起雲湧 不屈 召喚強化 
29	0	1208	1	雪女	494	105	12	28476	1027	25	5	凍縛25 水撃25 反水25 水纏25 器用25 凍結25 	アイスミラー スノーホワイト アイシクルランス アイスソーン 凍結耐性 水の祝福 凍縛陣 瑞星 氷水避け ★アクアレゾナンス ★巧技 
29	0	1208	2	疾走雑草	71	72	25	27734	1160	25	4	風撃10 混乱10 敏捷10 体力10 加速10 幸運10 	プリディクション マーチ ブレイブハート エアスラッシュ 神風 治癒領域 見切 風の祝福 衝撃波 ★トランキュリティ ★救済 
29	0	1208	3	化け狸	460	84	15	24296	946	25	4	魅了20 魅了20 加速20 体力20 攻撃20 器用20 	ブレイドフォーム キーンフォーム ビューティーフォーム サイケデリア チェインリアクト チャージ 隠者 瑠璃樹 精神力 高山流水 ★電光石火 ★光輝燦然 
29	0	1229	1	稲刈り機	77	65	26	24133	1075	25	1	器用10 器用10 体力10 体力10 貫撃10 深手10 	ペネトレイト レーザービーム インペイル 剛健 攻勢 快進撃 巧技 ★白虹貫日 ★スポイル 
29	0	1229	2	くわがた	693	112	6	21876	774	25	3	活力30 道連30 奪命30 奪命30 反撃30 鎮痛30 	ツインブラスト デスラッシュ 阿修羅 巧技 龍翔鳳舞 生殺与奪 ★ツインコンフリクト 
29	0	1229	3	ベビードラゴン	143	66	23	22516	992	25	4	火撃15 炎上15 火纏15 耐火15 増幅15 強靭15 	マジックミサイル ファイアレイド ティンダー 血気 攻勢 火の祝福 環境変調特性 炎上耐性 ★フレイムレゾナンス ★魔力凝縮 
29	0	1230	1	バンシー	727	108	3	16427	587	25	4	闇纏30 壊裂30 道連30 放縛30 反闇30 舞闇30 	デスキャズム ブラックヴェール マインドブレイク アバンダン 殺界 超音波 大叫喚 再活性 
29	0	1230	2	たにし	750	112	2	15806	558	25	1	防災35 水撃35 防御35 鎮痛35 回復35 水纏35 	クリエイト：フラッド ブロック エナジーウォール タイトロープ エナジータイド 太陽 水の祝福 水特性回復 水霊力 修復 
29	0	1230	3	電波塔	832	124	1	16198	557	25	5	狂40 反乱40 活力40 体力40 攻撃40 防御40 	カームソング インディグネイション カオス スクリーム 催眠術 超音波 精神変調特性 先制 
29	0	1231	1	白い蝶	474	96	11	24044	893	25	3	疫25 狂25 復活25 反毒25 魔力25 魔力25 	ヴェノムスパウト シュリーク クラウン ウィルスゾーン ツインブラスト 肉体変調特性 精神変調特性 肉体変調耐性 環境変調耐性 瘴気 ★百孔千瘡 ★コンテイジョン 
29	0	1231	2	白い狼	772	122	4	20866	722	25	1	活力35 体力35 攻撃35 防御35 強撃35 強撃35 	ワロップ ビブラート 太陽 阿修羅 不屈 再生 
29	0	1231	3	リンゴさん	881	126	1	16507	565	25	4	祝福40 回復40 活力40 体力40 鎮痛40 命脈40 	サモン：ドライアド ハデスポムグラネイト フィンタン ミスティックパウダー 儀式召喚 山精木魅 背水 
29	0	1239	1	チビメデューサ	718	105	4	17230	621	25	4	地纏30 地纏30 耐霊30 奪命30 増勢30 耐疫30 	バインディング ペトリフィケーション ダンスマカブル フングラ ストーンブラスト フラワーバド 巧技 麻痺耐性 束縛耐性 地の祝福 死線 
29	0	1239	2	バニーガール	327	72	23	26070	1090	25	4	共鳴15 回復15 鎮痛15 反反15 快癒15 快癒15 	サモン：スライム ヒールポーション ヒーリングソング 召喚強化 治癒領域 献身 隠者 ★祝福の詩 ★クリスタルウォール 
29	0	1239	3	ラミア	505	107	12	29153	1044	25	4	器用25 混乱25 鎮痛25 命脈25 耐疫25 耐狂25 	ドレインライフ プランダー サイケデリア ヴァンピール アルシナシオン 精神変調特性 精神変調耐性 悪夢 精神力 秘法妙薬 ★巧技 ★見切 
29	0	1240	1	捨て猫	585	98	10	23535	866	25	1	心酔30 致命30 反反30 舞反30 器用30 幸運30 	モラール グリムリーパー フェイタルポイント クリーンヒット ピンポイント 猛攻 巧技 士気高揚 強打 電光石火 ★心機掌握 ★グラーシーザ 
29	0	1240	2	大毒茸	474	96	13	26531	985	25	3	疫25 狂25 復活25 反毒25 魔力25 魔力25 	ヴェノムスパウト シュリーク クラウン ウィルスゾーン ツインブラスト 肉体変調特性 精神変調特性 肉体変調耐性 環境変調耐性 瘴気 ★百孔千瘡 ★コンテイジョン 
29	0	1240	3	コカトリス	510	102	9	23521	854	25	1	敏捷25 幸運25 舞石25 舞毒25 反護25 滑々25 	エレジー チキンハート ヴィジランス ハオマ 精神変調耐性 堅守 泡沫 再活性 見切 ★デスペラート 
29	0	1244	1	火狩さん【憑依】	61	56	27	19412	954	25	1	攻撃10 器用10 活力10 体力10 防御10 敏捷10 	ブレイク ブレイクスルー ハードブレイク 衰弱耐性 剛健 背水 強打 死線 ★血気 ★雑草魂 
29	0	1244	2	インテリマン	776	103	3	15419	560	25	5	器用35 風纏35 体力35 奪命35 風撃35 鎮痛35 	ディメンションブレイク ガスト エアブレイド ディケイドゲイル 風の祝福 滅亡の風 神風 龍翔鳳舞 
29	0	1244	3	巨大蟻	689	102	4	16736	608	25	1	麻痺30 衰弱30 鎮痛30 反護30 命脈30 風柳30 	デスペラート フィアスファング インファイト 血気 背水 金剛不壊 再生 逆襲 
29	0	1253	1	ウルフ	80	75	22	26453	1092	25	1	攻撃15 連撃15 活力15 加速15 衰弱15 敏捷15 	チャージ クイック フィアスファング スイープ 猛攻 剛健 血気 見切 精神変調耐性 ★ブレイドフォーム ★モラール 
29	0	1263	1	でっかいハマグリ	684	107	6	20550	736	25	3	体力30 災30 耐災30 耐災30 敏捷30 敏捷30 	クリエイト：ワンダーランド ディープフリーズ ファイアスパウト ヒールミスト 隠者 環境変調特性 環境変調耐性 見切 蜃気楼 ★ディケイドミスト 
29	0	1263	2	拾ったBB弾	788	114	5	20835	732	25	5	毒域35 痺域35 器用35 火纏35 疫35 耐疫35 	ファイアボルト スカーレットスキュア フレイムインパクト ヒートウェイブ デストロイ 衝撃波 七花八裂 巧技 百発百中 百孔千瘡 ★火の祝福 
29	0	1263	3	かぶとむし	683	110	4	18328	651	25	1	活力30 防御30 鎮痛30 命脈30 舞朧30 舞撃30 	エネルジコ フォレストアーム ブロック エナジータイド アルクス 環境変調耐性 背水 金剛不壊 戴天 再生 
29	0	1268	1	シンデレラ	929	204	1	36238	915	25	1	攻撃40 回復40 幸運40 光撃40 祝福40 守護40 	クリエイト：ウェポン クリエイト：マシンガン クリエイト：キャノン クリエイト：ラビリンス 水声山色 豪華絢爛 光輝燦然 緩歌縵舞 
29	0	1268	2	マッスルボディ	724	100	3	14964	546	25	3	活力30 体力30 鎮痛30 強靭30 攻撃30 防御30 	エネルジコ フォレストアーム パワフルポーション ガオケレナ デコイ ブロック 剛健 堅守 炸裂 不屈 
29	0	1268	3	ひつじさん	899	133	2	19483	659	25	1	道連40 道連40 体力40 体力40 活力40 活力40 	スペシャルタイム アイオリア サモン：ノーム 剛健 風起雲湧 不屈 召喚強化 
29	0	1278	1	動く蓮根	880	121	2	17392	601	25	4	貫撃40 麻痺40 反毒40 反衰40 疫病40 疫病40 	ブレイクスルー インペイル ペネトレイト 幸星 星河一天 白虹貫日 紫電一閃 士気高揚 
29	0	1278	2	瘴気煙	923	124	1	16165	556	25	4	毒域40 盲域40 反痺40 反腐40 疫40 舞衰40 	ブラーゼン ワールウィンド トキツカゼ 瘴気 不屈 肉体変調特性 四百四病 
29	0	1289	1	全自動せんたくき	327	72	22	25238	1055	25	4	共鳴15 回復15 鎮痛15 反反15 快癒15 快癒15 	サモン：スライム ヒールポーション ヒーリングソング 召喚強化 治癒領域 献身 隠者 ★祝福の詩 ★クリスタルウォール 
29	0	1289	2	ドラム式せんたくき	96	77	21	26758	1087	25	1	強撃15 強撃15 防御15 命脈15 活力15 体力15 	フロウライフ カウンター デスペラート ブレイク 猛攻 堅守 太陽 背水 ★戴天 ★覇気 
29	0	1289	3	二槽式せんたくき	391	94	19	32993	1233	25	5	火撃20 炎上20 反火20 反痺20 攻撃20 火纏20 	クリムゾンスカイ ヒドラジン バーニングサースト フレイムインパクト オイルファイア レッドショック 阿修羅 炎上耐性 火炎避け 烽火連天 星火燎原 ★火の祝福 ★ボンバルディエ 
29	0	1296	1	コアトルさん	871	130	2	19067	648	25	5	魔力40 魔力40 充填40 耐霊40 祝福40 反射40 	サクラフィアンマ ドラウン ルーアッハ バンカー カンタレラ インソウル 百花繚乱 救済 治癒領域 蜃気楼 
29	0	1296	2	スノードラゴン	841	128	1	16914	576	25	5	水纏40 耐霊40 活力40 体力40 魔力40 反護40 	アクアレゾナンス ブリザード アイスフォール スノーホワイト 水の祝福 凍結耐性 緩歌縵舞 水霊力 
29	0	1303	1	フォーミュラ	581	94	7	18507	691	25	3	舞火30 舞痺30 反火30 鎮痛30 命脈30 魔脈30 	ボンバルディエ マジックミサイル ヒートイミッター クリエイト：ホーミングトラップ 巧技 火の祝福 火霊力 金剛不壊 ★ジャイアントキル 
29	0	1303	2	スカーレット	772	122	5	22559	780	25	1	活力35 体力35 攻撃35 防御35 強撃35 強撃35 	ワロップ ビブラート 太陽 阿修羅 不屈 再生 ★ソードブレイカー 
29	0	1303	3	くわがた	693	112	4	18824	666	25	3	活力30 道連30 奪命30 奪命30 反撃30 鎮痛30 	ツインブラスト デスラッシュ 阿修羅 巧技 龍翔鳳舞 生殺与奪 
29	0	1307	1	大狼	529	105	8	22819	823	25	1	活力30 攻撃30 防御30 器用30 風撃30 地撃30 	フィアスファング チェインリアクト ヴィクティム チャージ 血気 死線 先制 阿修羅 ★ジェネラル 
29	0	1310	1	ケットシー	533	96	8	20312	754	25	1	壊裂30 狂30 耐狂30 敏捷30 幸運30 舞魅30 	チャームダンス カレイドスコープ パージ 光の祝福 高山流水 血気 見切 ★光霊力 
29	0	1310	2	雪女	494	105	15	32676	1178	25	5	凍縛25 水撃25 反水25 水纏25 器用25 凍結25 	アイスミラー スノーホワイト アイシクルランス アイスソーン 凍結耐性 水の祝福 凍縛陣 瑞星 氷水避け ★アクアレゾナンス ★巧技 
29	0	1310	3	大狼	529	105	12	28408	1024	25	1	活力30 攻撃30 防御30 器用30 風撃30 地撃30 	フィアスファング チェインリアクト ヴィクティム チャージ 血気 死線 先制 阿修羅 ★ジェネラル ★背水 
29	0	1312	1	バンシー	727	108	8	23675	846	25	4	闇纏30 壊裂30 道連30 放縛30 反闇30 舞闇30 	デスキャズム ブラックヴェール マインドブレイク アバンダン 殺界 超音波 大叫喚 再活性 ★不屈 
29	0	1312	2	キラービー	68	68	26	26050	1128	25	4	猛毒10 麻痺10 反撃10 貫撃10 疫10 器用10 	デアデビル アサルト ピンポイント ペネトレイト 幸星 快進撃 猛毒陣 肉体変調特性 巧技 ★インペイル ★キーンフォーム 
29	0	1312	3	陸鮎	500	91	11	22323	844	25	1	活力25 体力25 防御25 敏捷25 水纏25 快癒25 	サモン：ノーム ウォーターフォール 召喚強化 連携攻撃 超過適応 堅牢堅固 ★ディープフォレスト ★サモン：エンペラー 
29	0	1314	1	こぐま	96	77	22	27671	1124	25	1	強撃15 強撃15 防御15 命脈15 活力15 体力15 	フロウライフ カウンター デスペラート ブレイク 猛攻 堅守 太陽 背水 ★戴天 ★覇気 
29	0	1314	2	蜃	684	107	8	23417	838	25	3	体力30 災30 耐災30 耐災30 敏捷30 敏捷30 	クリエイト：ワンダーランド ディープフリーズ ファイアスパウト ヒールミスト 隠者 環境変調特性 環境変調耐性 見切 蜃気楼 ★ディケイドミスト 
29	0	1314	3	化け狸	460	84	15	24296	946	25	4	魅了20 魅了20 加速20 体力20 攻撃20 器用20 	ブレイドフォーム キーンフォーム ビューティーフォーム サイケデリア チェインリアクト チャージ 隠者 瑠璃樹 精神力 高山流水 ★電光石火 ★光輝燦然 
29	0	1315	1	ミニパンダ	79	66	26	24673	1087	25	1	攻撃10 致命10 治癒10 充填10 道連10 復活10 	クリーンヒット ディベスト クリエイト：ウェポン フェイタルポイント 巧技 死線 攻勢 猛攻 ★血気 ★先制 
29	0	1315	2	蝦蟇	489	94	12	24542	917	25	2	束縛25 強靭25 鎮痛25 滑々25 活力25 防御25 	フロウライフ フローズンフォーム アクアブランド フリーズノート チャクラグラント 阿修羅 水の祝福 瑞星 火炎避け 氷水避け ★水特性回復 ★エナジータイド 
29	0	1315	3	かぶとむし	683	110	5	19814	704	25	1	活力30 防御30 鎮痛30 命脈30 舞朧30 舞撃30 	エネルジコ フォレストアーム ブロック エナジータイド アルクス 環境変調耐性 背水 金剛不壊 戴天 再生 ★グランドウォール 
29	0	1336	1	ベビードラゴン	143	66	24	23235	1024	25	4	火撃15 炎上15 火纏15 耐火15 増幅15 強靭15 	マジックミサイル ファイアレイド ティンダー 血気 攻勢 火の祝福 環境変調特性 炎上耐性 ★フレイムレゾナンス ★魔力凝縮 
29	0	1336	2	幻像の従者	244	66	23	22407	992	25	1	攻撃15 獄炎15 器用15 復活15 火纏15 幸運15 	レッドゾーン デストロイ レッドショック 炎上耐性 混乱耐性 獄炎陣 巧技 火の祝福 ★フレイムレゾナンス ★ジャイアントキル 
29	0	1336	3	バニーガール	327	72	19	22741	951	25	4	共鳴15 回復15 鎮痛15 反反15 快癒15 快癒15 	サモン：スライム ヒールポーション ヒーリングソング 召喚強化 治癒領域 献身 隠者 ★祝福の詩 ★クリスタルウォール 
29	0	1341	1	こぐま	96	77	21	26758	1087	25	1	強撃15 強撃15 防御15 命脈15 活力15 体力15 	フロウライフ カウンター デスペラート ブレイク 猛攻 堅守 太陽 背水 ★戴天 ★覇気 
29	0	1341	2	ラフレシア	419	93	18	31463	1181	25	3	疫20 疫20 活力20 体力20 放痺20 放衰20 	コンテイジョン ヴェノムスパウト コロウドスパウト 肉体変調特性 瘴気 不屈 腐敗堕落 ★百孔千瘡 ★アスプ 
29	0	1341	3	炎使い	339	72	17	21166	884	25	2	火撃20 麻痺20 反火20 火纏20 舞炎20 獄炎20 	レッドゾーン デストロイ レッドショック イグニス マスフレイム クリムゾンスカイ 火の祝福 炎上耐性 火炎避け 凍結耐性 攻勢 ★血気 ★阿修羅 
29	0	1345	1	ハナ(炎使い)	339	72	21	24507	1024	25	2	火撃20 麻痺20 反火20 火纏20 舞炎20 獄炎20 	レッドゾーン デストロイ レッドショック イグニス マスフレイム クリムゾンスカイ 火の祝福 炎上耐性 火炎避け 凍結耐性 攻勢 ★血気 ★阿修羅 
29	0	1345	2	沼御前	257	77	19	24840	1010	25	3	攻撃15 道連15 復活15 復活15 舞毒15 舞凍15 	デスキャズム ブラッドアイズ ウィークネス 盲目耐性 再活性 攻勢 血気 死線 ★泡沫 ★阿修羅 
29	0	1345	3	炎使い	339	72	17	21166	884	25	2	火撃20 麻痺20 反火20 火纏20 舞炎20 獄炎20 	レッドゾーン デストロイ レッドショック イグニス マスフレイム クリムゾンスカイ 火の祝福 炎上耐性 火炎避け 凍結耐性 攻勢 ★血気 ★阿修羅 
29	0	1353	1	犬の灰	564	114	11	30211	1062	25	1	全祝30 全護30 体力30 回復30 幸運30 耐狂30 	アジール ホーリーサークル ブレッシングレイン ディスインフェクト フォースフィールド 結界 変若水 治癒領域 救済 ★グランドウォール ★クリエイト：ワンダーランド 
29	0	1353	2	リンゴさん	881	126	1	16507	565	25	4	祝福40 回復40 活力40 体力40 鎮痛40 命脈40 	サモン：ドライアド ハデスポムグラネイト フィンタン ミスティックパウダー 儀式召喚 山精木魅 背水 
29	0	1353	3	チビメデューサ	718	105	7	21422	772	25	4	地纏30 地纏30 耐霊30 奪命30 増勢30 耐疫30 	バインディング ペトリフィケーション ダンスマカブル フングラ ストーンブラスト フラワーバド 巧技 麻痺耐性 束縛耐性 地の祝福 死線 ★瘴気 
29	0	1364	1	捨て犬	774	107	4	17726	634	25	1	地纏35 攻撃35 反地35 反衰35 器用35 体力35 	モータルバイト ジャイアントラップル 猛攻 阿修羅 集気 逆襲 
29	0	1364	2	キムナイヌ	455	98	18	33714	1241	25	1	活力25 攻撃25 防御25 器用25 反撃25 反撃25 	イレイザー ストライク アサルト アブソリュート 強打 猛攻 堅守 阿修羅 ★血気 ★背水 
29	0	1364	3	ロックドラゴン	817	126	1	16540	566	25	1	地纏35 耐疫35 活力35 防御35 命脈35 応報35 	グランドウォール バンカー メテオ グランドクラッシャー 地の祝福 大崩壊 剛健 不屈 
29	0	1371	1	かなぶん	760	117	5	21416	748	25	2	敏捷35 回復35 反撃35 体力35 光纏35 加速35 	ワイドプロテクション バトルダンス ナース リリーフ 光の祝福 光特性回復 薬師 対症下薬 戴天 ★起死回生 
29	0	1371	2	チビメデューサ	718	105	4	17230	621	25	4	地纏30 地纏30 耐霊30 奪命30 増勢30 耐疫30 	バインディング ペトリフィケーション ダンスマカブル フングラ ストーンブラスト フラワーバド 巧技 麻痺耐性 束縛耐性 地の祝福 死線 
29	0	1371	3	木こり	808	121	3	19036	659	25	1	活力35 体力35 反風35 風撃35 攻撃35 風纏35 	エアブレイド カマイタチ エアスラッシュ ウィンドカッター サモン：トラッパー 秘法妙薬 剛健 瑠璃樹 風の祝福 
29	0	1372	1	ミカンさん	725	121	4	20759	717	25	3	回復35 耐狂35 鎮痛35 反護35 全護35 全護35 	マナポーション ポーションラッシュ ヒールポーション インスタントポーション クリエイト：メディカルリキッド 献身 変若水 天香桂花 覇気 
29	0	1372	2	秘書	760	117	5	21416	748	25	2	敏捷35 回復35 反撃35 体力35 光纏35 加速35 	ワイドプロテクション バトルダンス ナース リリーフ 光の祝福 光特性回復 薬師 対症下薬 戴天 ★起死回生 
29	0	1372	3	各務	534	110	10	27309	970	25	5	守護30 防災30 風纏30 耐霊30 体力30 回復30 	ワールウィンド キュアサイクロン キュアブリーズ 神風 風特性回復 治癒領域 救済 風の祝福 ★水声山色 ★トキツカゼ 
29	0	1395	1	マーレ	143	66	25	23955	1056	25	4	火撃15 炎上15 火纏15 耐火15 増幅15 強靭15 	マジックミサイル ファイアレイド ティンダー 血気 攻勢 火の祝福 環境変調特性 炎上耐性 ★フレイムレゾナンス ★魔力凝縮 
29	0	1397	1	カマラサウルス	899	133	1	17597	595	25	1	道連40 道連40 体力40 体力40 活力40 活力40 	スペシャルタイム アイオリア サモン：ノーム 剛健 風起雲湧 不屈 召喚強化 
29	0	1397	2	アライ「Hyper」	335	86	17	27220	1051	25	3	魔力20 水纏20 鎮痛20 増幅20 活力20 攻撃20 	ディープブルー カタラクト バブルトラップ コンセントレイト 猛攻 太陽 肉体変調耐性 精神変調耐性 ★水の祝福 ★集気 
29	0	1397	3	ケシィ	533	96	8	20312	754	25	1	壊裂30 狂30 耐狂30 敏捷30 幸運30 舞魅30 	チャームダンス カレイドスコープ パージ 光の祝福 高山流水 血気 見切 ★光霊力 
29	0	1401	1	オオホタル	62	68	27	26686	1157	25	5	敏捷10 回復10 反射10 舞反10 祝福10 舞祝10 	ディム リリーフ ラディウス 結界 見切 隠者 光特性回復 光の祝福 ★ブレス ★ナース 
29	0	1401	2	スケルトン	118	72	25	27850	1164	25	1	深手15 腐朽15 闇纏15 治癒15 器用15 復活15 	ペレル シャドウラーカー デッドライン 敗柳残花 背水 死線 猛攻 巧技 ★デスブランド ★クランブル 
29	0	1401	3	狛犬	564	114	6	22398	787	25	1	全祝30 全護30 体力30 回復30 幸運30 耐狂30 	アジール ホーリーサークル ブレッシングレイン ディスインフェクト フォースフィールド 結界 変若水 治癒領域 救済 ★グランドウォール 
29	0	1416	1	大蟷螂	793	124	3	19629	675	25	1	活力35 体力35 反撃35 反撃35 恐撃35 攻撃35 	イクスプロイト プランダー ムスケルクラフト ソルプレーザ メンブリュウ 怪力乱神 血気 二刀流 不屈 
29	0	1416	2	ミカンさん	725	121	2	17392	601	25	3	回復35 耐狂35 鎮痛35 反護35 全護35 全護35 	マナポーション ポーションラッシュ ヒールポーション インスタントポーション クリエイト：メディカルリキッド 献身 変若水 天香桂花 覇気 
29	0	1433	1	メロンさん	78	70	27	27972	1191	25	3	守護10 回復10 耐地10 耐光10 幸運10 魔力10 	ブレッシングレイン アクアリカバー カタラクト ウォーターフォール 水の祝福 水特性回復 結界 堅守 隠者 ★アクアレゾナンス ★クライオセラピー 
29	0	1433	2	野人	772	122	2	17483	605	25	1	活力35 体力35 攻撃35 防御35 強撃35 強撃35 	ワロップ ビブラート 太陽 阿修羅 不屈 再生 
29	0	1433	3	ラフレシア	419	93	13	25488	957	25	3	疫20 疫20 活力20 体力20 放痺20 放衰20 	コンテイジョン ヴェノムスパウト コロウドスパウト 肉体変調特性 瘴気 不屈 腐敗堕落 ★百孔千瘡 ★アスプ 
29	0	1467	1	大ガラス	59	74	26	29824	1231	25	2	攻撃10 深手10 風柳10 舞反10 器用10 敏捷10 	カラミティゲイル ワールウィンド インパクト エアブラスト 死線 士気高揚 見切 巧技 泡沫 ★カマイタチ ★インスージアズム 
29	0	1467	2	捨て猫	585	98	6	18400	677	25	1	心酔30 致命30 反反30 舞反30 器用30 幸運30 	モラール グリムリーパー フェイタルポイント クリーンヒット ピンポイント 猛攻 巧技 士気高揚 強打 電光石火 ★心機掌握 
29	0	1467	3	沼ドラゴン	818	119	2	16978	590	25	2	奪命35 防疫35 闇纏35 鎮痛35 攻撃35 回復35 	ヴァンパイアピット ブラックヴェール ダークミスト ヴェノムスパウト 肉体変調特性 精神変調特性 闇特性回復 闇霊力 瘴気 
29	0	1478	1	ビーストゼレ	529	105	8	22819	823	25	1	活力30 攻撃30 防御30 器用30 風撃30 地撃30 	フィアスファング チェインリアクト ヴィクティム チャージ 血気 死線 先制 阿修羅 ★ジェネラル 
29	0	1478	2	ネクロ	484	98	14	28670	1055	25	1	攻撃25 麻痺25 気合25 器用25 追撃25 強撃25 	デスペラート インファイト ヴィクティム チェインリアクト チャージ クイック 剛健 巧技 阿修羅 精神力 ★血気 ★デスラッシュ 
29	0	1478	3	ぷちゼレ	534	110	7	22839	811	25	5	守護30 防災30 風纏30 耐霊30 体力30 回復30 	ワールウィンド キュアサイクロン キュアブリーズ 神風 風特性回復 治癒領域 救済 風の祝福 ★水声山色 
29	0	1481	1	マタギ	830	122	1	15824	546	25	5	攻撃35 地撃35 器用35 体力35 追撃35 追撃35 	ケイオティックチェイス イレイザー グリムリーパー シャークトゥース 先制 阿修羅 巧技 乱離骨灰 
29	0	1481	2	小☆悪魔	507	93	10	21905	822	25	5	盲目25 衰弱25 闇纏25 攻撃25 耐疫25 耐狂25 	オディウム ワンオンキル デスグラスプ アウトレイジ ダウンフォール 闇の祝福 攻勢 見切 強打 ★ドレインライフ ★数多の怨 
29	0	1481	3	岩竜	817	126	2	18311	627	25	1	地纏35 耐疫35 活力35 防御35 命脈35 応報35 	グランドウォール バンカー メテオ グランドクラッシャー 地の祝福 大崩壊 剛健 不屈 
29	0	1482	1	3足歩行の軍手人形	66	60	23	19619	913	25	2	増幅10 攻撃10 反朧10 反衰10 回復10 器用10 	パワフルヒール マナ ヒール 隠者 肉体変調耐性 精神変調耐性 背水 強打 ★トランス ★ディビジョン 
29	0	1491	1	サボテン	501	86	11	20840	805	25	3	祝福25 防狂25 命脈25 魔脈25 体力25 回復25 	ラッキータイム プリディクション チキンハート ルージィグージィ ノーマライズ 献身 結界 精神変調耐性 見切 救済 ★ディビジョン ★サルベイション 
29	0	1491	2	ガルーダ	517	108	7	22225	794	25	3	致命30 風撃30 風纏30 器用30 耐災30 耐疫30 	スカイハイ カラミティゲイル ウィンドコイル 風の祝福 衝撃波 瑞星 見切 一望千里 ★ストームブリンガー 
29	0	1491	3	狛犬	564	114	4	19272	677	25	1	全祝30 全護30 体力30 回復30 幸運30 耐狂30 	アジール ホーリーサークル ブレッシングレイン ディスインフェクト フォースフィールド 結界 変若水 治癒領域 救済 
29	0	1495	1	ランフォリンクス	719	119	9	28479	990	25	4	風纏35 乱域35 耐霊35 追風35 敏捷35 舞風35 	ブルーテンペスト ダストデビル ガスト エアスラッシュ ウィンドカッター 風の祝福 風霊力 龍翔鳳舞 旋風 ★スクランブル 
29	0	1495	2	森野 洋成	319	84	20	29504	1149	25	5	朦朧20 混乱20 器用20 敏捷20 風柳20 舞魅20 	カレイドスコープ ディスオーダー チャームダンス 朦朧耐性 混乱耐性 魅了耐性 精神変調特性 見切 ★旋風 ★悪夢 
29	0	1495	3	手塚 歩	66	60	24	20246	942	25	2	増幅10 攻撃10 反朧10 反衰10 回復10 器用10 	パワフルヒール マナ ヒール 隠者 肉体変調耐性 精神変調耐性 背水 強打 ★トランス ★ディビジョン 
29	0	1520	1	大百足	453	94	17	30489	1143	25	3	猛毒25 麻痺25 反毒25 反衰25 疫25 耐疫25 	ポイズンファング ペレル 肉体変調特性 闇の祝福 数多の怨 殺界 ★百孔千瘡 ★ミゼラブルメモリー 
29	0	1520	2	沼ペンギン	372	82	16	24276	957	25	1	活力20 体力20 闇纏20 反腐20 防御20 敏捷20 	ラトゥンブロウ コロウドスパウト スティクス ピュリフィケーション 隠者 敗柳残花 先制 肉体変調特性 ★五月雨 ★数多の怨 
29	0	1529	1	煙々羅	488	84	13	22140	865	25	5	盲目25 朦朧25 防御25 器用25 防災25 防狂25 	ガスト アゲンスト キュアサイクロン キュアブリーズ ヒールウィンド 薬師 風の祝福 風特性回復 結界 救済 ★スカイハイ ★超音波 
29	0	1529	2	わに	732	110	5	19861	705	25	1	深手35 致命35 迫撃35 迫撃35 攻撃35 器用35 	グラーシーザ フィアスファング グリムリーパー フェイタルポイント アサルト 阿修羅 金剛不壊 強打 再生 ★ベスチャルファング 
29	0	1529	3	ファントム	537	100	10	24207	884	25	3	追撃30 追撃30 反衰30 反乱30 舞朧30 舞魅30 	アノイアンストラップ イービルトラップ ラブトラップ キャプチャートラップ 数多の怨 夢幻泡影 瘴気 超音波 ★見切 ★サモン：ナイトメア 
29	0	1534	1	アルラウネ	499	100	10	24271	886	25	5	防疫25 魅了25 地纏25 耐光25 耐水25 回復25 	フラワーバド フラワーバラッド ヒールハーブ クラウト 地の祝福 草根木皮 精神力 瘴気 地特性回復 ★救済 ★ハーバルメディスン 
29	0	1534	2	大狼	529	105	8	22819	823	25	1	活力30 攻撃30 防御30 器用30 風撃30 地撃30 	フィアスファング チェインリアクト ヴィクティム チャージ 血気 死線 先制 阿修羅 ★ジェネラル 
29	0	1534	3	ファントム	537	100	7	20246	739	25	3	追撃30 追撃30 反衰30 反乱30 舞朧30 舞魅30 	アノイアンストラップ イービルトラップ ラブトラップ キャプチャートラップ 数多の怨 夢幻泡影 瘴気 超音波 ★見切 
29	0	1539	1	ぞう	241	79	20	26786	1074	25	1	攻撃15 防御15 命脈15 鎮痛15 活力15 体力15 	エナジータイド チャージ コンテイン プロテクション 修復 太陽 珊瑚樹 環境変調耐性 堅守 ★フロウライフ ★エナジーウォール 
29	0	1539	2	炎使い	339	72	17	21166	884	25	2	火撃20 麻痺20 反火20 火纏20 舞炎20 獄炎20 	レッドゾーン デストロイ レッドショック イグニス マスフレイム クリムゾンスカイ 火の祝福 炎上耐性 火炎避け 凍結耐性 攻勢 ★血気 ★阿修羅 
29	0	1541	1	鬼火	70	70	26	27307	1161	25	5	炎上10 麻痺10 反火10 反炎10 火纏10 復活10 	イグニス ファイアダンス ファイアレイド レッドゾーン 火の祝福 環境変調耐性 肉体変調耐性 精神変調耐性 炎上耐性 火炎避け ★大爆発 ★不屈 
29	0	1541	2	テバサキ	59	74	25	28955	1196	25	2	攻撃10 深手10 風柳10 舞反10 器用10 敏捷10 	カラミティゲイル ワールウィンド インパクト エアブラスト 死線 士気高揚 見切 巧技 泡沫 ★カマイタチ ★インスージアズム 
29	0	1541	3	レイ	419	93	17	30269	1136	25	3	疫20 疫20 活力20 体力20 放痺20 放衰20 	コンテイジョン ヴェノムスパウト コロウドスパウト 肉体変調特性 瘴気 不屈 腐敗堕落 ★百孔千瘡 ★アスプ 
29	0	1547	1	ベビードラゴン	143	66	25	23955	1056	25	4	火撃15 炎上15 火纏15 耐火15 増幅15 強靭15 	マジックミサイル ファイアレイド ティンダー 血気 攻勢 火の祝福 環境変調特性 炎上耐性 ★フレイムレゾナンス ★魔力凝縮 
29	0	1547	2	暴走トラック	459	82	12	20286	800	25	1	攻撃25 増幅25 耐風25 耐闇25 奪命25 復活25 	クレイジーチューン ハードブレイク イレイザー 強打 攻勢 阿修羅 血気 ★先制 ★神風 
29	0	1547	3	ダンデライオン	81	63	23	20877	947	25	1	魅了15 光撃15 光纏15 反光15 放魅15 器用15 	カタルシス ライトニング パージ 血気 集気 猛攻 光の祝福 ★サンダーフォーム ★不屈 
29	0	1594	1	岩投げ師	427	79	15	22140	887	25	4	攻撃20 器用20 耐火20 耐風20 地纏20 耐光20 	ロックトラップ ストーンブラスト メテオ 太陽 猛攻 肉体変調耐性 不屈 ★地の祝福 ★血気 
29	0	1594	2	炎使い	339	72	18	22002	919	25	2	火撃20 麻痺20 反火20 火纏20 舞炎20 獄炎20 	レッドゾーン デストロイ レッドショック イグニス マスフレイム クリムゾンスカイ 火の祝福 炎上耐性 火炎避け 凍結耐性 攻勢 ★血気 ★阿修羅 
29	0	1594	3	ホスト	282	68	19	20642	895	25	2	貫撃15 快癒15 敏捷15 舞反15 回復15 水纏15 	アクアシェル アクアリカバー ブラッドアイズ 水特性回復 見切 献身 祝福の詩 朦朧耐性 逆襲 ★水の祝福 ★不屈 
29	0	1600	1	セスジキノボリスパイダー	539	107	8	23475	840	25	5	疫30 疫30 疫30 疫30 耐疫30 耐疫30 	ポイゾナスブラッド タクシックゾーン ヴェノムスパウト マイアズマ グレイブシンプトム 肉体変調特性 瘴気 不屈 闇の祝福 ★百孔千瘡 
29	0	1600	2	ゴールデンアントライオン	689	102	7	20808	756	25	1	麻痺30 衰弱30 鎮痛30 反護30 命脈30 風柳30 	デスペラート フィアスファング インファイト 血気 背水 金剛不壊 再生 逆襲 ★再活性 
29	0	1600	3	ストレリチア	789	108	6	20826	744	25	5	攻撃35 器用35 体力35 体力35 命脈35 魔脈35 	クリスタルブラスト バトルダンス イグニス アイシクルランス ショックウェイブ グランドクラッシャー カレイドスコープ ダウンフォール 金剛不壊 心機掌握 千変万化 士気高揚 ★百花繚乱 
29	0	1601	1	ジェーン	324	70	18	20944	891	25	5	器用15 回復15 増幅15 耐狂15 地纏15 地纏15 	ヒールハーブ グランドクラッシャー スキューア 剛健 献身 猛攻 隠者 ★地の祝福 ★不屈 
29	0	1601	2	ジロさん	520	90	8	18798	711	25	1	活力25 体力25 攻撃25 防御25 鎮痛25 命脈25 	ハードブレイク ストライク ブレイク ローレジスタンス ローエレメンツ 集気 猛攻 堅守 戴天 ★背水 
29	0	1601	3	闇の騎士	803	107	1	13382	479	25	3	腐食35 攻撃35 反闇35 反盲35 耐光35 耐闇35 	デッドライン デスブランド ペレル シャドウラーカー 阿修羅 闇の祝福 数多の怨 活殺自在 
29	0	1615	1	肉の壁	323	79	18	24987	1001	25	1	疫15 反毒15 耐疫15 反毒15 活力15 防御15 	インヴァージョン ヴェノムスパウト ファゾム 氷水避け 隠者 攻勢 肉体変調特性 集気 ★グレイブシンプトム ★血気 
29	0	1615	2	レッサードラゴン	391	94	17	30578	1143	25	5	火撃20 炎上20 反火20 反痺20 攻撃20 火纏20 	クリムゾンスカイ ヒドラジン バーニングサースト フレイムインパクト オイルファイア レッドショック 阿修羅 炎上耐性 火炎避け 烽火連天 星火燎原 ★火の祝福 ★ボンバルディエ 
29	0	1615	3	傘おばけ	428	89	16	27205	1039	25	4	反射20 体力20 魔力20 回復20 水纏20 共鳴20 	ディープブルー ブレッシングレイン ビッグウェイブ アクアリカバー アクアヒール エナジータイド 水の祝福 水特性回復 火炎避け 氷水避け 背水 見切 ★五月雨 ★スティクス 
29	0	1664	1	五次元ガマクチ	684	107	4	17683	633	25	3	体力30 災30 耐災30 耐災30 敏捷30 敏捷30 	クリエイト：ワンダーランド ディープフリーズ ファイアスパウト ヒールミスト 隠者 環境変調特性 環境変調耐性 見切 蜃気楼 
29	0	1664	2	内蔵志望	724	100	3	14964	546	25	3	活力30 体力30 鎮痛30 強靭30 攻撃30 防御30 	エネルジコ フォレストアーム パワフルポーション ガオケレナ デコイ ブロック 剛健 堅守 炸裂 不屈 
29	0	1664	3	セールサウルッス	899	133	2	19483	659	25	1	道連40 道連40 体力40 体力40 活力40 活力40 	スペシャルタイム アイオリア サモン：ノーム 剛健 風起雲湧 不屈 召喚強化 
29	0	1667	1	炎使い	339	72	18	22002	919	25	2	火撃20 麻痺20 反火20 火纏20 舞炎20 獄炎20 	レッドゾーン デストロイ レッドショック イグニス マスフレイム クリムゾンスカイ 火の祝福 炎上耐性 火炎避け 凍結耐性 攻勢 ★血気 ★阿修羅 
29	0	1667	2	くわがた	693	112	3	17297	612	25	3	活力30 道連30 奪命30 奪命30 反撃30 鎮痛30 	ツインブラスト デスラッシュ 阿修羅 巧技 龍翔鳳舞 生殺与奪 
29	0	1667	3	大狼	529	105	7	21422	772	25	1	活力30 攻撃30 防御30 器用30 風撃30 地撃30 	フィアスファング チェインリアクト ヴィクティム チャージ 血気 死線 先制 阿修羅 ★ジェネラル 
29	0	1684	1	暴走自転車	450	80	16	23466	937	25	3	風撃20 混乱20 狂20 器用20 敏捷20 追風20 	スクランブル デスラッシュ ラッシュ クイックレメディ 電光石火 混乱耐性 攻勢 対症下薬 神風 ★グラインドコア ★ストラテージュ 
29	0	1684	2	傘おばけ	428	89	14	24971	954	25	4	反射20 体力20 魔力20 回復20 水纏20 共鳴20 	ディープブルー ブレッシングレイン ビッグウェイブ アクアリカバー アクアヒール エナジータイド 水の祝福 水特性回復 火炎避け 氷水避け 背水 見切 ★五月雨 ★スティクス 
29	0	1684	3	ピエロ	530	93	7	18266	686	25	3	器用30 幸運30 舞撃30 舞魅30 心酔30 狂30 	クレイジーショー 泡沫 巧技 精神変調特性 治癒領域 ★悪夢 
29	0	1701	1	狼男	506	89	9	19380	740	25	1	連撃25 麻痺25 活力25 耐闇25 攻撃25 器用25 	フィアスファング チェインリアクト 猛攻 阿修羅 血気 応酬 ★ドリンカー 
29	0	1701	2	機械犬	581	94	7	18507	691	25	3	舞火30 舞痺30 反火30 鎮痛30 命脈30 魔脈30 	ボンバルディエ マジックミサイル ヒートイミッター クリエイト：ホーミングトラップ 巧技 火の祝福 火霊力 金剛不壊 ★ジャイアントキル 
29	0	1705	1	モミジ？	507	93	11	23099	867	25	5	盲目25 衰弱25 闇纏25 攻撃25 耐疫25 耐狂25 	オディウム ワンオンキル デスグラスプ アウトレイジ ダウンフォール 闇の祝福 攻勢 見切 強打 ★ドレインライフ ★数多の怨 
29	0	1705	2	機械犬	581	94	6	17299	646	25	3	舞火30 舞痺30 反火30 鎮痛30 命脈30 魔脈30 	ボンバルディエ マジックミサイル ヒートイミッター クリエイト：ホーミングトラップ 巧技 火の祝福 火霊力 金剛不壊 ★ジャイアントキル 
29	0	1708	1	キャンピングカー	459	82	13	21284	839	25	1	攻撃25 増幅25 耐風25 耐闇25 奪命25 復活25 	クレイジーチューン ハードブレイク イレイザー 強打 攻勢 阿修羅 血気 ★先制 ★神風 
29	0	1708	2	野人	772	122	1	15791	546	25	1	活力35 体力35 攻撃35 防御35 強撃35 強撃35 	ワロップ ビブラート 太陽 阿修羅 不屈 再生 
29	0	1708	3	エキセントリックボンバー	530	93	8	19458	731	25	3	器用30 幸運30 舞撃30 舞魅30 心酔30 狂30 	クレイジーショー 泡沫 巧技 精神変調特性 治癒領域 ★悪夢 
29	0	1723	1	酔っ払い	588	98	5	17070	628	25	1	攻撃30 攻撃30 幸運30 幸運30 体力30 体力30 	ドリンカー クワシール トランス ムスケルクラフト ハードブレイク クレイジーチューン ハオマ 逆襲 秘法妙薬 強打 酔生夢死 百薬之長 ★緩歌縵舞 
29	0	1723	2	エウヘロプス	909	135	1	17971	605	25	3	地纏40 地纏40 活力40 攻撃40 防御40 鎮痛40 	アースシンパシー ナタナエル グランドクラッシャー グランドレイジ 太陽 剛健 大山鳴動 不屈 
29	0	1723	3	野人	772	122	2	17483	605	25	1	活力35 体力35 攻撃35 防御35 強撃35 強撃35 	ワロップ ビブラート 太陽 阿修羅 不屈 再生 
29	0	1754	1	ジャン・ドゥーヤ	683	110	4	18328	651	25	1	活力30 防御30 鎮痛30 命脈30 舞朧30 舞撃30 	エネルジコ フォレストアーム ブロック エナジータイド アルクス 環境変調耐性 背水 金剛不壊 戴天 再生 
29	0	1754	2	インテリマン	776	103	3	15419	560	25	5	器用35 風纏35 体力35 奪命35 風撃35 鎮痛35 	ディメンションブレイク ガスト エアブレイド ディケイドゲイル 風の祝福 滅亡の風 神風 龍翔鳳舞 
29	0	1759	1	ばうむへーくん	808	121	2	17355	601	25	1	活力35 体力35 反風35 風撃35 攻撃35 風纏35 	エアブレイド カマイタチ エアスラッシュ ウィンドカッター サモン：トラッパー 秘法妙薬 剛健 瑠璃樹 風の祝福 
29	0	1759	2	ロックドラゴン	817	126	1	16540	566	25	1	地纏35 耐疫35 活力35 防御35 命脈35 応報35 	グランドウォール バンカー メテオ グランドクラッシャー 地の祝福 大崩壊 剛健 不屈 
29	0	1768	1	インテリマン	776	103	3	15419	560	25	5	器用35 風纏35 体力35 奪命35 風撃35 鎮痛35 	ディメンションブレイク ガスト エアブレイド ディケイドゲイル 風の祝福 滅亡の風 神風 龍翔鳳舞 
29	0	1776	1	インテリマン	776	103	2	14058	510	25	5	器用35 風纏35 体力35 奪命35 風撃35 鎮痛35 	ディメンションブレイク ガスト エアブレイド ディケイドゲイル 風の祝福 滅亡の風 神風 龍翔鳳舞 
