result_no	generate_no	e_no	name	skill_id	made_e_no	
03	1	1	 MBT！	3
03	1	1	 Jack of Betrayer	136
03	1	1	 ・・・…………	36
03	1	2	 原初	2
03	1	2	 人生終了シリーズ『頭上から鉄骨』	24
03	1	2	 永遠に☆Good☆Night	43
03	1	3	 式符【蓬】	5
03	1	3	 傍観	68
03	1	3	 風花符『サニースノウ』	19
03	1	4	 井戸の水	5
03	1	4	 エスコート	163
03	1	4	 創造・父上2号	101
03	1	5	 怒張	1
03	1	5	 光呪符	21
03	1	5	 名刺	136
03	1	6	 刺突	1
03	1	6	 世界樹の葉の葉脈	5
03	1	6	 光の翼	19
03	1	7	 闇に融ける影	3
03	1	7	 愚者	24
03	1	7	 下弦ノ月	133
03	1	8	 RECOVERY	5
03	1	8	 火線	57
03	1	9	 生命の簒奪者、強欲	1
03	1	9	 式符【椿】	137
03	1	9	 最適化パッチ	146
03	1	10	 通りすがりのヤンキーがガン！	1
03	1	10	 尖ったカード	200
03	1	11	 癒しの祈り	5
03	1	11	 第二のカード	179
03	1	11	 癒	5
03	1	12	 コモントントン	1
03	1	12	 竜の祝福	18
03	1	12	 燃焼	17
03	1	13	 絶対温寒(レッドアンドブルー)	1
03	1	13	 私を可愛がってね	237
03	1	13	 愛の証明	35
03	1	14	 タラコの嘆き	1
03	1	14	 【菩提樹】	164
03	1	14	 イヌガミ	142
03	1	15	 緊急治療#1	5
03	1	15	 鼠と竜のゲーム	21
03	1	15	 点抜敵面	24
03	1	16	 幻術：傷などなかった	5
03	1	16	 白亜ノ龍爪	125
03	1	16	 メルティ・ウェブ	28
03	1	17	 纏う呂色は彩りを喰らいて	2
03	1	17	 シーアーチン	165
03	1	17	 目からビーム！	107
03	1	18	 クイック+	3
03	1	18	 応急手当	28
03	1	18	 1Stシングル～シングル鐘～	27
03	1	19	 針の絵が描かれたカード	2
03	1	19	 不幸の一撃	212
03	1	19	 フォーポイントシュート	139
03	1	20	 メーコノヒール	5
03	1	20	 一杯の紅茶	28
03	1	20	 アクセルフォームI	196
03	1	21	 初心者ポーション	5
03	1	21	 サポートオブペガサス	19
03	1	22	 curar	5
03	1	22	 『隠者の毒蜘蛛』	69
03	1	23	 戦場に突然のピザ配達！	2
03	1	23	 桜花狂咲	211
03	1	23	 ガラクタの夢	160
03	1	24	 古びた写真	2
03	1	24	 魔女の黒霧	22
03	1	24	 歌符:バトルソング	147
03	1	25	 配給タイム	5
03	1	25	 浸食する光	21
03	1	25	 狂咲	211
03	1	26	 すいかひーる	5
03	1	26	 ブレイク・初級	1
03	1	26	 処置	5
03	1	27	 炉端焼き	5
03	1	27	 エビフレディ	102
03	1	27	 キープテリトリー	149
03	1	28	 ダイナミックエントリーだ！	2
03	1	30	 妖精花【フェアリーギフト】	5
03	1	30	 『四ツ辻の怪』	24
03	1	30	 ウィンドリング	75
03	1	31	 戦車のアルカナ	1
03	1	31	 薬草	88
03	1	31	 エボニー・スパークス	50
03	1	32	 25mm連装機関砲+	2
03	1	32	 ボロウライフ	45
03	1	33	 【昏い闇が飲み込む】	1
03	1	33	 鳴江怪物絵札-気間暮波風	30
03	1	33	 ディスカード・トレイ	5
03	1	35	 土・水・空気<ｻﾝﾄﾘﾆﾃｨ>	5
03	1	35	 バトルソング	147
03	1	35	 スプリング・ステップ	216
03	1	36	 入門編1-1	2
03	1	36	 デストニアス・バスター	20
03	1	37	 猫の手	2
03	1	37	 掃除	136
03	1	37	 斥力砲	136
03	1	38	 ソイレント・グリーン	5
03	1	38	 なんか良さげな祝福を	60
03	1	38	 ナイフが描かれたカード	107
03	1	39	 ヤサシイキモチ	88
03	1	39	 『アウトバーン』	93
03	1	40	 狐拳・一尾	2
03	1	40	 反撃大好きクラブ	43
03	1	40	 具現化『刀』	38
03	1	41	 女神の御手	5
03	1	41	 乱舞	160
03	1	41	 或る整備士の余暇	147
03	1	42	 一の刀	1
03	1	43	 偽りの聖職者	5
03	1	43	 少年の思惑	21
03	1	43	 心優しいスノウマン	5
03	1	44	 ハズレくじ	4
03	1	45	 手榴弾	4
03	1	45	 応急処置	5
03	1	45	 炎の印章	50
03	1	46	 スナイパー	2
03	1	46	 けしゴム	136
03	1	46	 クレープシュゼット	17
03	1	47	 吉凶禍福	2
03	1	48	 貫きの矢	2
03	1	48	 無謀な突撃	136
03	1	49	 ランチカードNo.1	3
03	1	49	 歩く茸	221
03	1	50	 ブレイク	1
03	1	50	 スカイディバイド	153
03	1	50	 ナースおにいさん	65
03	1	52	 治療	5
03	1	52	 喰らう	142
03	1	52	 本当にあった怖いアパート	115
03	1	53	 季節外れの花火大会	1
03	1	53	 エアスラスト	139
03	1	53	 翠雨	5
03	1	54	 影札のスペードA	1
03	1	54	 触手パンチ	136
03	1	54	 Battlesong	147
03	1	55	 『if』	4
03	1	55	 珍獣ミゼラブル☆おうた	147
03	1	55	 《鏡映シノ燃華：炎上》	50
03	1	57	 白く包み込むもの	136
03	1	57	 熱く踊れ	50
03	1	58	 サイダードロップ	5
03	1	58	 アンジニティ対策メモ	149
03	1	59	 打ち抜く力	2
03	1	59	 あしたをつかめ！エリカビーム！	136
03	1	59	 ぶらすとー	4
03	1	60	 往復モップストライク	3
03	1	60	 まっちょエキサイト	16
03	1	61	 ポイントが半端なスタンプカード	5
03	1	61	 HIGHになるしゅわしゅわ	25
03	1	61	 通りすがりのおもち型せいめいたい	29
03	1	62	 ストレッチのコツ	5
03	1	62	 水色の結晶	18
03	1	62	 覚メ破ラヌ泥濘ノ夢	203
03	1	63	 バケツクラッシュ	4
03	1	63	 夕暮れ	134
03	1	63	 血界	149
03	1	64	 ヒール	5
03	1	64	 『怪異備品録』＜鼬の薬壺＞	28
03	1	64	 筋肉増強剤『ネラレミンB』	146
03	1	65	 薬学知識	5
03	1	65	 火焔球	137
03	1	65	 ニヒール	5
03	1	68	 ふろふき大根	2
03	1	68	 フォーリンダウン	24
03	1	68	 蔦	84
03	1	69	 絆創膏	5
03	1	69	 栄養ドリンク	16
03	1	69	 面影	106
03	1	70	 狼は吠える	1
03	1	70	 イレイザー	136
03	1	70	 エレシュキガルの加護	45
03	1	71	 違法薬物摂取	5
03	1	71	 毒を以て	28
03	1	71	 欲望を見渡す瞳	150
03	1	72	 斬り下ろし	1
03	1	72	 ファイアボール	137
03	1	72	 野良犬は落す	147
03	1	73	 世界樹の葉の葉脈	5
03	1	73	 書類の落書き･ヨロク1	221
03	1	73	 エアシュート	33
03	1	74	 ブレイク	1
03	1	75	 ハト魔法：ハトピンポイント	2
03	1	75	 獅子座のカード	26
03	1	76	 夜を裂く花片	2
03	1	76	 マリシャスエッジ	156
03	1	76	 掃除	136
03	1	77	 幻想の藻海	32
03	1	77	 少年Q	147
03	1	79	 缶ヒール	5
03	1	79	 Casino Royale	136
03	1	79	 駆け抜ける猫	33
03	1	80	 癒す	5
03	1	81	 愉快痛快ボンバー	2
03	1	81	 春一番	165
03	1	81	 撥ねる水銀の『ルトゥチ』	26
03	1	83	 低品質な治療薬	5
03	1	83	 瞑想	67
03	1	83	 毒蛾の舞	25
03	1	85	 幻香のやすらぎ	5
03	1	85	 BANKAラーメン	18
03	1	85	 M.a.lugens	109
03	1	86	 小さな小さな幸運	5
03	1	86	 ゴキゲンな音楽データ	147
03	1	86	 疾風一陣	2
03	1	87	 押し花	5
03	1	87	 双頭	16
03	1	87	 ちくわでスープを飲む技術	142
03	1	88	 癒しの力	5
03	1	88	 逃げないで！	136
03	1	88	 なんとドロドロしたもの	5
03	1	89	 ヒール	5
03	1	89	 おいしい水	18
03	1	89	 ソングオブマインド	147
03	1	91	 守護天使	1
03	1	91	 めんつゆ	5
03	1	93	 スイング	1
03	1	93	 マキシム・ショット	137
03	1	93	 紅薔薇の残香	59
03	1	94	 支援攻撃	136
03	1	95	 ねこの写真	5
03	1	95	 『無垢』/1収束・生命	28
03	1	95	 MOD:PAIN EDGE	37
03	1	96	 イヌガミ	1
03	1	96	 纏わりつく1ページ	143
03	1	96	 クリムゾンブレイク	52
03	1	97	 マリオネット	1
03	1	97	 エキサイト	16
03	1	97	 ブリーズエッジ	32
03	1	98	 ヒール+	5
03	1	98	 キラーウルフのカード	136
03	1	98	 幸せの色	214
03	1	99	 癒やしの雫	5
03	1	100	 きずぐすり(あまくち)	5
03	1	101	 アップルパイ	113
03	1	102	 ブレイク	1
03	1	102	 平和の王国	200
03	1	102	 蛍草	215
03	1	103	 ブラックスワン	107
03	1	103	 かっこいいフォームはこうするのだ	196
03	1	104	 殴り書きのメモ	2
03	1	104	 ルーンブレード『陣風断』	153
03	1	104	 天からの贈り物	24
03	1	107	 快方『ルスティカ』	5
03	1	107	 光明の簒奪者、強欲	22
03	1	107	 デリシャス上海は毎日営業中！！	197
03	1	109	 占星術：使い捨てカード	4
03	1	109	 Battlesong	147
03	1	109	 ファイアーボール	137
03	1	110	 秘符【愚者】	1
03	1	110	 赤よりも焃き赫	142
03	1	110	 守護天使	136
03	1	111	 ストロボ	2
03	1	111	 怨霊ストレングス	26
03	1	112	 すごいくいっく	3
03	1	112	 ポメポメアタック！	1
03	1	112	 お前の足は汚泥の中	23
03	1	113	 The die is cast	5
03	1	113	 井戸の水	18
03	1	113	 スターレインドラグーン	147
03	1	114	 目からビーム！	2
03	1	114	 お試し回復	5
03	1	114	 ふくびき券	147
03	1	116	 星条旗よ永遠なれ	5
03	1	116	 繧ｭ繝･繧｢繝?ぅ繧ｸ繝ｼ繧ｺ	134
03	1	116	 やる気が出なかったごめんね☆	38
03	1	117	 渡りの魔力	3
03	1	117	 移ろい一閃	1
03	1	118	 ダブルアタック	3
03	1	118	 紅い棘	222
03	1	118	 Card:protection	29
03	1	120	 一刀	136
03	1	121	 癒しの歌声	66
03	1	121	 イレイザー	136
03	1	122	 テキトウナモノ・ブレイク	1
03	1	122	 ・　・…………	16
03	1	122	 タヌ氣功	136
03	1	123	 けだま投げ	1
03	1	123	 和気	5
03	1	123	 なんということのないピンポ	2
03	1	124	 記録：非敵対的魔族従者	5
03	1	124	 害虫駆除	107
03	1	124	 降リ流レヨ雷霆	24
03	1	125	 ヒール（仮）	5
03	1	125	 ピュアブライト	18
03	1	125	 短命の盾	79
03	1	126	 "QUIQSAND"	3
03	1	126	 威圧	150
03	1	126	 蝕穢	102
03	1	128	 ブルコンテナ	1
03	1	128	 隷属化	102
03	1	130	 エーレンベルク	5
03	1	130	 イバラキッス！	139
03	1	130	 薬草	88
03	1	131	 薔薇の芳香	5
03	1	131	 轟雷爆進	136
03	1	132	 今を楽しんで	5
03	1	132	 もりもりんシール・B	140
03	1	132	 イレイザー	136
03	1	134	 チャレンジメニュー制覇の証	1
03	1	134	 パラダイムシフト	18
03	1	135	 最初の一打	1
03	1	135	 散桜の術剣士・雛罌粟	27
03	1	135	 ひんやりアイスバー	18
03	1	136	 柔らかき橙の風	5
03	1	136	 利運の灯	113
03	1	136	 リザレクティア	28
03	1	137	 花の香り	5
03	1	137	 黒塊	107
03	1	137	 オールドファッション	5
03	1	138	 阿片せつせつ	5
03	1	138	 バトルソング	147
03	1	138	 粘度９０%	235
03	1	139	 針縫い	2
03	1	139	 蝕穢	102
03	1	139	 エビフレディ	102
03	1	140	 ショップカード	2
03	1	140	 嵐の前兆	5
03	1	140	 はじけ醤油	139
03	1	142	 雷帝杵	4
03	1	142	 【使解】よく分からない何か	125
03	1	143	 真・ブレイク	1
03	1	143	 窮猫神を屠る	107
03	1	143	 真・ラッシュ	25
03	1	144	 アナライザー！	150
03	1	144	 その行進を止めよ	40
03	1	145	 ヒノデから世界へ	137
03	1	145	 アイシクルランス	181
03	1	146	 ヒール	5
03	1	146	 『無題』	139
03	1	148	 破魔のコトダマ	2
03	1	148	 集中狙撃	164
03	1	151	 治癒	5
03	1	151	 媚薬	28
03	1	151	 段原うどん店メニュー表	150
03	1	152	 リビルド	5
03	1	152	 S＆W M19	136
03	1	152	 夕焼け	134
03	1	155	 クイック	3
03	1	155	 花茶	18
03	1	155	 地獄突き	2
03	1	156	 落日の灯火	4
03	1	156	 どらごんだっしゅ	76
03	1	156	 寄り添う雨脚	184
03	1	157	 荊の街で	5
03	1	157	 《鏡映シノ激情：加速》	53
03	1	157	 オートヒール	59
03	1	158	 ヒール	5
03	1	158	 うぱのいるとこ	18
03	1	158	 たそがれ	136
03	1	159	 星花	4
03	1	159	 カッ！	90
03	1	159	 見えない熱華	167
03	1	161	 書類の落書き･退勤したら酒飲もう	5
03	1	161	 たこ焼きを焼くオバチャン	18
03	1	161	 識札	60
03	1	163	 アタック	1
03	1	163	 無名のカード	3
03	1	163	 簡易式防御壁	29
03	1	165	 ブレイク！	1
03	1	165	 いれいざー	136
03	1	165	 紅い棘	142
03	1	166	 試作回復術	5
03	1	166	 生命開花：幼生アクアリウム	18
03	1	167	 ブラックマイン	2
03	1	167	 カード(様式9号)	5
03	1	167	 エリアスレッド	135
03	1	168	 ますみブロマイド	4
03	1	168	 お人形さん、おいで	137
03	1	170	 基本へ帰れ	5
03	1	170	 愛情一本ドリンク	2
03	1	170	 ますみブロマイド	49
03	1	172	 叫閃	2
03	1	172	 つよいいれいざー	136
03	1	173	 妖精のブレイク	1
03	1	173	 お試しカード	5
03	1	173	 獣将デスデモール	43
03	1	175	 煌めき堕つる銀の星塊	24
03	1	175	 解封	16
03	1	176	 光る霊珠	5
03	1	176	 愛の証明	16
03	1	176	 サイキック	33
03	1	177	 クイックカード	3
03	1	177	 大蛇貫	84
03	1	177	 白の通り道	136
03	1	179	 おいものスープ	5
03	1	179	 夢幻泡影	24
03	1	179	 回帰する少女・ヘンリエッテ	16
03	1	180	 信仰の花	5
03	1	180	 癒しの施し	18
03	1	181	 地味な色のカード	5
03	1	181	 黒ノ影塊	142
03	1	181	 H2	64
03	1	182	 やっこさんガードエリア	5
03	1	182	 まほう：フレイムブラスター	57
03	1	183	 そうりょちゃんの絵	5
03	1	183	 恵みの雨	253
03	1	183	 紙頼み	137
03	1	184	 一閃	2
03	1	184	 Card:blessing	98
03	1	184	 美味しくて癒やされる素敵な紅茶	18
03	1	185	 ドリンク割引券	5
03	1	185	 劫火の魂	206
03	1	185	 鼓舞の呪い	26
03	1	186	 小アルカナ：ソードの6	4
03	1	186	 最期の砦	5
03	1	186	 癒しの水	18
03	1	187	 ロート	1
03	1	187	 豪快腐れ外道	148
03	1	187	 鳴江怪物絵札-T-転鱗嵐龍砲	189
03	1	190	 ★1　想之内 生丸	2
03	1	190	 ヒーラーの心得	146
03	1	190	 硝子傘と雨	147
03	1	191	 特性『毒の体』	4
03	1	191	 リジェネレイト	5
03	1	191	 八文字長義	146
03	1	192	 二日酔いにはシジミ汁！	5
03	1	192	 ものすごくがんばる全力ダッシュ	196
03	1	192	 敗け知らずの死抗う深緋	73
03	1	193	 癒しの力	5
03	1	193	 フォックストロット	19
03	1	193	 パワフルボイス	26
03	1	194	 やせ我慢	5
03	1	194	 冥境止水	149
03	1	194	 炎の狩場	52
03	1	195	 デストニアス・ナックル	2
03	1	195	 戦闘補助	30
03	1	195	 ハンドスピナー	156
03	1	197	 せせらぎ	5
03	1	197	 戦争は虚しい	74
03	1	198	 鼠と竜のゲーム	5
03	1	198	 兎少女のカード	136
03	1	198	 ひつじのまほう	139
03	1	199	 紅葉	5
03	1	199	 コバルトブルー	30
03	1	199	 アネマート	87
03	1	200	 タンブルシューート	4
03	1	200	 FrustRation	251
03	1	200	 呪符～タキオン～	71
03	1	201	 安寧の一息	5
03	1	201	 吐き戻せ、人生を	2
03	1	201	 桜の下の少年	5
03	1	204	 くいっく	3
03	1	204	 蜂の一刺	153
03	1	204	 ブレイクのカード	1
03	1	205	 Assist	5
03	1	206	 このこどこのこ【癒】	5
03	1	207	 無限再生	5
03	1	207	 天使の輪（蛍光灯）	21
03	1	207	 自刎の刃	229
03	1	208	 エドウィンシャワー！	5
03	1	208	 女学生の嗜み	136
03	1	208	 おいしいごはん	28
03	1	209	 さわやかなチーズケーキ	88
03	1	211	 癒しの奇跡(小)	5
03	1	211	 「ちょっと肉ついたんじゃない？」	1
03	1	211	 半竜の咎	26
03	1	212	 ポチ召喚	235
03	1	213	 速撃	3
03	1	213	 蠢く物	235
03	1	213	 N：【生徒会室】伊上 司	1
03	1	214	 修繕	5
03	1	214	 颪	139
03	1	214	 神拳・星砕	110
03	1	215	 二点射	3
03	1	216	 ブラスト	4
03	1	216	 こけこ	193
03	1	216	 錬金術の火	137
03	1	217	 ねんどうりょく	4
03	1	217	 どんどん食べてね	28
03	1	217	 幻惑の光	91
03	1	218	 マキシム・インパクト	2
03	1	218	 水銀の滴り	143
03	1	218	 どらごんたっくる	76
03	1	219	 薔薇の雫	18
03	1	220	 鎖縛の記憶	1
03	1	220	 アイフェイヨ～ン	60
03	1	220	 とくせいどりんく	254
03	1	221	 付喪神・木狗	2
03	1	221	 クイックシンクロン	139
03	1	221	 守護者創造	239
03	1	224	 俺チャンの記念すべき一枚目！	4
03	1	224	 河原で拾った人体の奥義書	94
03	1	224	 ツラサナイン	254
03	1	225	 ピンポイント	2
03	1	226	 珈琲の試供品	5
03	1	226	 自己防衛システム【視界干渉】	150
03	1	226	 反撃をしよう	43
03	1	227	 月牙	1
03	1	227	 星煌凝結	38
03	1	227	 人生終了シリーズ『投身の巻添え』	24
03	1	228	 VERANDERING	1
03	1	228	 ルナファーファ	187
03	1	228	 ひふみ祝詞	201
03	1	229	 ブレイク	1
03	1	229	 破魂	140
03	1	230	 Frangit	1
03	1	230	 癒しのカード	5
03	1	230	 [R] 炎の翼	29
03	1	231	 ハンティングセンス	2
03	1	231	 ア゛ア゛ア゛ア゛ァァ…………	3
03	1	231	 精神拡張	126
03	1	233	 差し入れおにぎり	5
03	1	233	 たらいなのー	24
03	1	233	 加護	29
03	1	236	 黒の楔	3
03	1	236	 衝動買い	119
03	1	236	 年寄りの冷や水	62
03	1	238	 S：W	158
03	1	239	 聖癒	5
03	1	239	 S-cak	2
03	1	239	 感覚消失	234
03	1	240	 フォックストロット	3
03	1	240	 幻光の花 -陽光-	21
03	1	240	 残火	57
03	1	241	 ファーストエイド	5
03	1	241	 ウィンドリング	75
03	1	241	 【CODE】ピュリフィカシオン	5
03	1	242	 英雄譚の1ページ目	5
03	1	242	 超エキサイト	16
03	1	242	 チェーンバインド	23
03	1	243	 風伯さん	3
03	1	243	 定期券	136
03	1	243	 無垢の白薔薇	5
03	1	244	 ブラインドネス	92
03	1	244	 ハンマー	51
03	1	245	 ウトリクラリア サンダーソニー	5
03	1	245	 錆びたネームタグ	156
03	1	245	 蒐集装幀ビブリオ	142
03	1	247	 タバコ2カートン	139
03	1	249	 ナレハテの欠片	5
03	1	249	 エキサイト	16
03	1	249	 アキレス腱固め	136
03	1	250	 癒える花月	5
03	1	250	 スペードのデュース	107
03	1	250	 ハードラック	4
03	1	252	 衝撃	1
03	1	252	 トッピング追加！	116
03	1	252	 武極･異之型	16
03	1	254	 急所狙い	2
03	1	254	 予測斬撃	78
03	1	254	 魔犬の遠吠え	5
03	1	255	 怠惰の断片	1
03	1	255	 ペルソナ：アガシオン	158
03	1	255	 ローズウォーター	28
03	1	256	 救急キット	5
03	1	256	 鎌鼬	139
03	1	258	 《縛炎》	31
03	1	262	 暫定絆創膏	5
03	1	262	 地図にない村	142
03	1	263	 ヒールレイン	5
03	1	264	 ヒール	5
03	1	264	 枯れ落ちた八月	28
03	1	264	 フランメ・プファール	173
03	1	266	 ネコジャラストレングス	26
03	1	266	 纏わりつく札	150
03	1	267	 目に突きたてられた針の記憶	2
03	1	267	 獅子座のカード	42
03	1	267	 ドロレス嬢の普通の名刺	159
03	1	269	 若き新樹の癒し	5
03	1	269	 試薬メルクリウス	30
03	1	269	 インコの歌手	237
03	1	270	 鉄槌	4
03	1	270	 アクアヒール	18
03	1	270	 繧｢繝峨ヰ繝ｳ繝??繧ｸ	129
03	1	271	 名刺	1
03	1	273	 ルナティッククライ	16
03	1	273	 怠惰なるなる破壊神	202
03	1	274	 パン	5
03	1	274	 論破電爆（ロジックボム）	170
03	1	274	 試験加速装置壱式	25
03	1	275	 斥力発動	1
03	1	275	 "SQREW"	4
03	1	275	 リミテッド	234
03	1	277	 くろやぎらいしゅう。	1
03	1	277	 マイクオブリリシズム/楽	147
03	1	277	 灰燼	146
03	1	278	 にゃーん	5
03	1	278	 休息	254
03	1	278	 踊る阿呆に見る阿呆	16
03	1	279	 シを呼ぶ一手	2
03	1	279	 追憶	139
03	1	279	 ゴリラッシュ	16
03	1	280	 艶々なカード	5
03	1	280	 Onyx	50
03	1	280	 反抗期	20
03	1	281	 喫茶店【Shamrock】	5
03	1	281	 風の迷い子	75
03	1	281	 きらりん★ヒール	60
03	1	282	 アンカースマッシュ	1
03	1	282	 打ち抜く力	2
03	1	282	 ハイド&セイヴ	35
03	1	283	 ブレイクアタック	1
03	1	283	 消去	136
03	1	283	 剥製作成	143
03	1	285	 BANKAラーメン	5
03	1	285	 ディスペアニードル	142
03	1	285	 protection	29
03	1	286	 手作りおまじない	5
03	1	286	 響き渡るさえずり	147
03	1	286	 回避光弾	33
03	1	287	 Code:Heal	5
03	1	287	 MOUSE	76
03	1	287	 紫霧の呪縛	36
03	1	288	 あの日の記憶	4
03	1	288	 エリアスレッド	135
03	1	288	 謳え、癒水	134
03	1	289	 治癒のオルゴールカード	5
03	1	289	 閃光のカード	71
03	1	289	 ニアースルー	25
03	1	290	 緊急ヒール	5
03	1	290	 マジカルタライ	24
03	1	290	 糧への仕込み	170
03	1	291	 Cエアスラスト	139
03	1	292	 ぶんまわし	1
03	1	292	 水辺	18
03	1	296	 【X】【赤】	137
03	1	296	 巨乳への憎しみ	160
03	1	297	 狼召喚Lv1	158
03	1	297	 貪噛	118
03	1	298	 コーラの空き瓶	2
03	1	298	 ろるけきちゃん	113
03	1	298	 なんでもすいこむ	142
03	1	300	 投げダーツ	2
03	1	300	 服が吸い取る	142
03	1	300	 アクアスピット	189
03	1	301	 んええスキル名迷うなぁ	1
03	1	301	 手鏡	35
03	1	302	 インスタントコーヒー	5
03	1	302	 巨乳への飽くなき憎悪	4
03	1	302	 治療の歌	5
03	1	306	 珍獣だッッッ	1
03	1	306	 【呪】	105
03	1	306	 爛漫の桜餅	28
03	1	307	 ふぁぼ☆	2
03	1	307	 保険証	5
03	1	307	 人魚姫	237
03	1	308	 ローズオブノーペインダイ	2
03	1	308	 あやしい手が描かれたカード	142
03	1	308	 ロックナックル	20
03	1	309	 ”アルター・エゴ”vo1	1
03	1	309	 ブレーク	1
03	1	309	 埴輪（シルフ）	194
03	1	312	 遠心力を使ってもう一回！	3
03	1	312	 段原うどん店紹介カード	1
03	1	312	 出番待ち・オン・ザ・鉄棒	21
03	1	314	 Z.O.N.E.	19
03	1	314	 嬉々芽吹き日和	152
03	1	315	 花精魔術：穿根	2
03	1	315	 心優しいスノウマン	135
03	1	315	 46&2	227
03	1	318	 おいしいお水	18
03	1	318	 屍術師のナレハテ	235
03	1	320	 ライフオブソウル	5
03	1	320	 ドリーミングドラグーン	186
03	1	320	 仄かな心火	16
03	1	321	 こわすぜ～！	1
03	1	321	 まちをまもるよ	76
03	1	321	 ドレインアタック	129
03	1	322	 ブレイク	1
03	1	322	 貝米継高校学食食券	5
03	1	322	 氷牢	32
03	1	323	 コネクト・リンカイザー	41
03	1	324	 猫の癒し	1
03	1	324	 シェイドスプリット	137
03	1	324	 唸れ！砂入り布袋！	44
03	1	326	 生ける死神の大鎌	4
03	1	327	 影『Luxria_Lv1』	2
03	1	327	 荊街八景	136
03	1	327	 拾った木の棒	2
03	1	328	 ピコピコハンマー	74
03	1	328	 スタミナドリンク	254
03	1	329	 破裂のカード	4
03	1	329	 全裸中年男性大行進	205
03	1	329	 上を向いて歩こう	24
03	1	330	 殴打したい気持ち	1
03	1	330	 びぶら～と	27
03	1	330	 C：T	24
03	1	333	 POLC3PM	1
03	1	333	 殺界刀陣	136
03	1	333	 ブラックアサルト	107
03	1	335	 ヒール	5
03	1	335	 リフレクション	35
03	1	335	 物防強化	30
03	1	336	 １ターンの攻防	5
03	1	336	 癒しの色	5
03	1	336	 スキルカード：エアスラスト	139
03	1	337	 ハーブティー	5
03	1	338	 鎌鼬	84
03	1	338	 ホライズンブルー	135
03	1	340	 平癒祈願	5
03	1	340	 アクセルフォーム！	196
03	1	340	 Heavy "R"ain	178
03	1	341	 ”みなと”	1
03	1	341	 足枷の柵	142
03	1	341	 ストーンブラスト	20
03	1	342	 クイックカード	3
03	1	342	 ホーネット	136
03	1	342	 いぬイレイザー	136
03	1	346	 まちをまもるよ	2
03	1	346	 バケツ	18
03	1	346	 メジェド様は治めたい	135
03	1	347	 ブラックアサルト	107
03	1	347	 御守り	26
03	1	348	 築城	3
03	1	348	 [泥にはまり込んだ車輪:停滞]	150
03	1	348	 クイックのカード	3
03	1	350	 ブレイク	1
03	1	350	 舌なめずり	116
03	1	350	 初期治療	5
03	1	351	 麻痺毒の瓶	143
03	1	352	 無地のカード	5
03	1	352	 アドレナリン	42
03	1	352	 追風	19
03	1	353	 ツクナミ丘陵のおいしい水	5
03	1	353	 ふわもこひーる	18
03	1	353	 土竜叩き	16
03	1	354	 キーーーーーック！！！	1
03	1	354	 その行進を止めよ	40
03	1	354	 火球	137
03	1	355	 ヒール	5
03	1	355	 絵本【人魚姫】	18
03	1	355	 シャドウエッジ	156
03	1	356	 主よ、憐れみ給え	5
03	1	356	 みずのさかなのうた	66
03	1	356	 英雄の鼓動	146
03	1	357	 ちゃぶ台返し	3
03	1	357	 ソフト耳栓	29
03	1	359	 無我夢中のカード	1
03	1	359	 天からの贈り物	24
03	1	359	 イレイザーのカード	136
03	1	361	 しゅぱしゅぱしゃかしゃか	156
03	1	361	 ラッシュ	25
03	1	362	 にせメタルパンチ	1
03	1	362	 レジェンド	98
03	1	362	 はじまりの季節に	5
03	1	363	 バレンタインチョコ	5
03	1	363	 交牙雷硬剣	60
03	1	363	 聖水	18
03	1	365	 薬草Lv1	5
03	1	365	 十種神宝	201
03	1	365	 DSN309(打倒リーダー！)	5
03	1	366	 無銘の札	2
03	1	366	 即席狙撃	136
03	1	366	 いれいざーさん	136
03	1	370	 アミューズメント景品「鰐淵さん」	5
03	1	370	 夜駆	164
03	1	370	 水鉄砲α	178
03	1	371	 はがねのくちばし	1
03	1	371	 ソニックブーム	77
03	1	371	 桜のお菓子	29
03	1	372	 癒しの力	5
03	1	372	 加護	28
03	1	372	 バーストメカニズム	160
03	1	375	 フォールアウト	1
03	1	375	 ヒーローのテーマ	50
03	1	375	 No.3「交錯」	142
03	1	377	 ブラスト	4
03	1	377	 レコンキスタ	153
03	1	377	 セイレーンの呼び符	237
03	1	378	 【魔界錬金術師】マリアネッタ	4
03	1	378	 跳ねるクラッカー	140
03	1	378	 クロスブレイク	136
03	1	379	 千変万化の影	5
03	1	380	 おいしいステーキ	133
03	1	380	 光の祝福	60
03	1	381	 無名のカード	3
03	1	381	 煎じ薬	28
03	1	381	 水銀の滴り	113
03	1	382	 お札	5
03	1	382	 紫札ー癒ー	5
03	1	382	 アイスブランド	149
03	1	383	 琴符「リラ弾く歌の猫」	5
03	1	383	 暗符	22
03	1	385	 非時香菓の欠片	5
03	1	385	 ソテリアコラスィ	187
03	1	385	 マッチ売りの少女	17
03	1	388	 ブレイク１	1
03	1	388	 聖なる浄火	18
03	1	388	 カフェインチャージ	238
03	1	389	 クーポンチケット	5
03	1	389	 ヒール	5
03	1	389	 萎びたクロッカス	142
03	1	390	 跳ねるシャチ	4
03	1	390	 ヤドクガエル★★	203
03	1	390	 力を溜める	146
03	1	391	 錠壊し	1
03	1	391	 へたな遠吠え	134
03	1	391	 冷却スプレー	62
03	1	392	 強化術・瞬	3
03	1	392	 《熱熾》	17
03	1	392	 宝石の祝福	136
03	1	393	 幻光の花 -薫香-	5
03	1	393	 支援砲撃	136
03	1	393	 涼風	18
03	1	395	 リボ払いクレジット	5
03	1	395	 しろくま	62
03	1	395	 指先ロイヤルミルクティ	17
03	1	396	 【SR】始まりの冬の日	5
03	1	396	 守式壱型 霧雨	29
03	1	397	 簡易治療	5
03	1	397	 アタックフォトン	146
03	1	397	 配給タイム	184
03	1	398	 出張！ヤザキパン！！	5
03	1	398	 クイック	235
03	1	398	 試製・束縛仏術２	115
03	1	399	 今は儚き朧の緋鎌	3
03	1	399	 痛覚遮断	135
03	1	399	 怠惰の断片	35
03	1	400	 応急手当	5
03	1	400	 輝光刃	71
03	1	400	 【落下する鉄皿の一片】	24
03	1	402	 宇宙流転	5
03	1	402	 支援攻撃	136
03	1	402	 ストロボ	26
03	1	403	 『いたいのとんでけ』	5
03	1	403	 ビブラトントン	27
03	1	404	 ヒール	5
03	1	404	 根腐れ	148
03	1	404	 位置詐称	121
03	1	405	 六五式拳銃	1
03	1	405	 癒しの音色	18
03	1	405	 ペルソナ：アガシオン	158
03	1	406	 サイコー☆キネシス	5
03	1	406	 悪魔の契約	28
03	1	406	 タライも馬鹿にできない。	24
03	1	407	 しつけ糸	38
03	1	408	 スキルカード：ヒール	5
03	1	408	 限定	249
03	1	408	 テンション上がって来ましたよぉ！	16
03	1	409	 アクセス・バーガンディ！	147
03	1	409	 トレミー星団	96
03	1	410	 れーやちゃんだぞ！	1
03	1	410	 黒き魔女	137
03	1	410	 ☆2［でふぉるめ］淳太	16
03	1	411	 唯唯諾諾	4
03	1	411	 仁王立ち	248
03	1	412	 曖昧トリップ	1
03	1	412	 燃える戦場	147
03	1	412	 【G - H - U】	149
03	1	413	 唯唯諾諾	4
03	1	413	 暗符	22
03	1	414	 埴輪ブラスト	1
03	1	414	 デストニアス・ラッシュ	205
03	1	415	 ブレイク	1
03	1	415	 ゲリラ戦指南	103
03	1	415	 正義執行	154
03	1	416	 ライトヒール	5
03	1	416	 まごうことなきタライ	24
03	1	416	 救急略奪	118
03	1	417	 反射の奇跡	35
03	1	418	 緑の懐中時計	5
03	1	418	 囚われる傷	5
03	1	419	 ――　壊　音　――	5
03	1	419	 GE・Ammophillia欽玄	148
03	1	419	 鎌鼬	84
03	1	420	 ネプチューンオオカブト★★	1
03	1	420	 これいる？	23
03	1	420	 殺界刀陣	136
03	1	421	 ウルトラチャージ	3
03	1	421	 流速制御・偽	189
03	1	421	 試作パン	5
03	1	422	 蒼の癒し	5
03	1	422	 社畜召還	235
03	1	427	 ドーピング	5
03	1	427	 なやみ	22
03	1	427	 異能回復ゼリー	28
03	1	428	 駆け抜ける影	3
03	1	428	 黒のアルカナ	137
03	1	428	 ワン（オートヒール）	59
03	1	429	 孤道のテティ	5
03	1	429	 レモネード	18
03	1	429	 ヘイルストーンⅢ	68
03	1	430	 B	1
03	1	430	 [SR]シェアハピ	28
03	1	430	 癒水	5
03	1	431	 ゴキゲンな音楽データ	147
03	1	432	 ブレイク	1
03	1	432	 その胸の反逆心	17
03	1	432	 ファビリアのイレイザー	136
03	1	433	 不思議なカード	5
03	1	433	 荊の蒲公英	80
03	1	433	 芽吹つぼみ	20
03	1	434	 摂食	142
03	1	436	 カルネージフレア	4
03	1	436	 そこそこ強いパンチ	73
03	1	436	 ショップカード	21
03	1	438	 見ると吐き気のする癒しのカード	5
03	1	438	 癒しの水	18
03	1	438	 『導火線』	137
03	1	439	 召喚術式：成果	235
03	1	439	 感情の欠片	136
03	1	442	 八九三突蹴	3
03	1	442	 運命操作：タライ	24
03	1	444	 ペーパーヒール	5
03	1	444	 ダークネス	22
03	1	444	 アキュラシィ	44
03	1	445	 “紙の上の自由”	5
03	1	445	 屍術師のナレハテ	235
03	1	445	 朝の支度	69
03	1	446	 始まりの手	2
03	1	446	 Discharge	160
03	1	446	 棘 [ハリ]	164
03	1	447	 ひ〜る	5
03	1	447	 鳥子の割引券	147
03	1	447	 証拠隠滅！	136
03	1	448	 試験データ01	3
03	1	448	 フラグメントスナイプ	136
03	1	448	 『道』の共有	29
03	1	451	 強化の光	146
03	1	451	 神韻流貫手	84
03	1	454	 手刀	1
03	1	454	 医療空間	130
03	1	454	 飢餓蝦蟇の舌打	136
03	1	455	 ボディタッチ	2
03	1	455	 タヌ突き	3
03	1	455	 暴走魔力	137
03	1	457	 いしつぶて	1
03	1	457	 芸人魂	24
03	1	457	 マッチ売りのレイ	17
03	1	458	 真言符・小呪	4
03	1	458	 示すは時の流れ	139
03	1	458	 ジャッカル	205
03	1	459	 きずぐすり	5
03	1	459	 【御手洗 忍】	136
03	1	459	 ラッシュ	25
03	1	460	 闇に潜むもの	1
03	1	461	 癒やしメモ	5
03	1	461	 （カード名仮）	136
03	1	462	 翻弄	3
03	1	462	 吶喊	2
03	1	462	 照準	23
03	1	463	 『桜橋の力-散-』	4
03	1	463	 薔薇の香水	5
03	1	463	 応急処置	67
03	1	464	 救急キット	5
03	1	464	 ハイヒール	5
03	1	465	 錬鉄の黄金眼	1
03	1	465	 具現化『剣』	38
03	1	465	 獣性の解放	103
03	1	466	 猫ノ為ノ袋小路	5
03	1	466	 ブロック（仮）	79
03	1	466	 拒絶	68
03	1	467	 応急処置	5
03	1	467	 キャッチ＆リリース	129
03	1	467	 にゃーん	107
03	1	468	 明日も残業	143
03	1	468	 紅月の六花クッキー	103
03	1	469	 踊る阿呆に見る阿呆	4
03	1	469	 たたいてかぶってジャンケンポン	74
03	1	469	 プルガトリウム・キャロル	97
03	1	471	 クラッシュハウンド	1
03	1	471	 イレイザー	136
03	1	471	 つかう カード わりとなおす	134
03	1	472	 街の記憶/α	4
03	1	472	 1おくまんえん(2)	136
03	1	472	 オケヤの商機	139
03	1	473	 Live and Let Die	1
03	1	474	 タヌキック	1
03	1	475	 ＿	1
03	1	475	 死中活劇	5
03	1	476	 毛糸玉爆弾	4
03	1	476	 蜘蛛の子	235
03	1	476	 雷装符	95
03	1	478	 Funeral director	5
03	1	478	 三方輪火	167
03	1	478	 ゲーティアLⅣ	29
03	1	479	 悪魔の拳	1
03	1	479	 ショップカード	1
03	1	479	 バケツヘルム卿のパトロール	44
03	1	481	 暗黒の祝福	5
03	1	481	 役満	108
03	1	481	 ですぱれいと	100
03	1	482	 フレアレイ	4
03	1	482	 凍てつく氷の瞳	181
03	1	482	 ファイアボール	137
03	1	484	 手翼	1
03	1	484	 天使の祈り	60
03	1	485	 無謀な突撃	2
03	1	485	 守護の捨て石	29
03	1	485	 『桜橋の力-雨-』	137
03	1	486	 癒水	5
03	1	486	 渦炎	137
03	1	486	 シェアハピ	28
03	1	487	 リカレントボイス	5
03	1	487	 エアスラスト	139
03	1	487	 月白の煙	23
03	1	488	 感情の欠片	2
03	1	490	 Ful	1
03	1	490	 ジャッカル	205
03	1	490	 カバーリング	79
03	1	491	 最初の神からの恵み	5
03	1	492	 嫌よ嫌よも好きのうち	5
03	1	492	 世間体	228
03	1	492	 チアー＆ファイア	147
03	1	493	 プラシーボ符術	4
03	1	493	 冷凍保存	18
03	1	493	 "かみせい"	136
03	1	494	 ブラスト	4
03	1	494	 M.a.lugens	109
03	1	494	 マキシム・ブラスター	173
03	1	495	 ヒール	5
03	1	495	 突撃指示	87
03	1	495	 アクア・ランサー	165
03	1	496	 はたきぎり	136
03	1	497	 痛いよー	3
03	1	497	 人魚姫	237
03	1	497	 触手足払い	143
03	1	498	 ヒール	5
03	1	498	 あなたに、力を！	60
03	1	498	 アブダクション	31
03	1	500	 朝凪	3
03	1	500	 降り注ぐタライ	24
03	1	502	 仮初めの追憶	2
03	1	502	 紅い金糸雀の歌	4
03	1	502	 ブブゼラ	27
03	1	503	 ハルシ	1
03	1	503	 ここはどこ【縛】	115
03	1	503	 「悪い世界」	73
03	1	504	 ヒール	5
03	1	504	 色褪せた暴風雨	199
03	1	505	 ライズエナジー	146
03	1	506	 触手びんた	1
03	1	506	 三連突き	164
03	1	507	 つきだし	1
03	1	507	 ふぃじかるぶーすと。	146
03	1	507	 クリエイト：ファントム	101
03	1	508	 独りの街	5
03	1	508	 タイキック	164
03	1	508	 ブラッドバースト	16
03	1	509	 レモン牛乳	5
03	1	509	 ブラスト	4
03	1	509	 C/粘着床	143
03	1	510	 アルカナ：力	206
03	1	510	 オトメロン	21
03	1	512	 ヤケイの清水	5
03	1	512	 生命の水	18
03	1	512	 If	29
03	1	513	 水の癒し	5
03	1	513	 癒しの雨	184
03	1	513	 レコンキスタ	153
03	1	515	 無制限砲撃の構え	4
03	1	515	 吶喊陣	25
03	1	515	 トキワ工房機動兵派遣申請書	204
03	1	516	 蝶の舞	5
03	1	516	 無傷と等号	18
03	1	516	 ヒッポ	28
03	1	517	 ブースト	3
03	1	517	 ねこねこインパクト	16
03	1	517	 渡りの魔力	3
03	1	518	 清めの一撃	1
03	1	518	 大土槌	154
03	1	518	 コブラツイスト	136
03	1	519	 ウルトラクイック	3
03	1	519	 キラッ☆	21
03	1	520	 ピンポイント	2
03	1	520	 闇を裂く凶刃	1
03	1	521	 ヒール	5
03	1	521	 ヒール	5
03	1	521	 ナパームジェム	137
03	1	522	 ヒーリングベア	5
03	1	522	 燃え盛る炎	137
03	1	522	 大判焼き	28
03	1	523	 ジャケットパージ	1
03	1	523	 少年は騙る	216
03	1	523	 スターフラグメンツ	40
03	1	524	 不在通知（メリーさん）[ヒール]	5
03	1	524	 制縛：力み	110
03	1	526	 なにかドロドロしたもの	5
03	1	526	 成れの果て	235
03	1	526	 1おくまんえん(3)	136
03	1	527	 男の二段殴り	3
03	1	527	 かにパルサー	96
03	1	527	 絶対温寒	136
03	1	528	 ピンポイント	2
03	1	528	 紅月の六花ケーキ	103
03	1	528	 試作呪術	142
03	1	529	 はぇえの。	136
03	1	529	 棘の祈り	210
03	1	531	 ラ･ヒール	5
03	1	531	 D02_h_potion	28
03	1	533	 ピンク頭のクソ猫耳	4
03	1	533	 記憶召喚《リヴァイアサン》	168
03	1	533	 トーガ・キリュー	84
03	1	534	 活力の光	5
03	1	534	 吸魂	45
03	1	535	 ロールテール	25
03	1	535	 バニー部	20
03	1	536	 慄くほどおいしい水	5
03	1	536	 アマデトワール＝ステラ	190
03	1	536	 殺気	16
03	1	537	 スポーツドリンク	5
03	1	537	 飲水	18
03	1	537	 きのこの山	86
03	1	538	 ▒▜▓▓▜░▓▝░▒▝▓▓▖	1
03	1	538	 女王の怒り	136
03	1	538	 スモークボム	22
03	1	539	 女学生の嗜み	3
03	1	539	 風刃のカード	139
03	1	539	 生命開花：うらめしや	32
03	1	542	 増殖する右腕	3
03	1	542	 特性『毒の体』	28
03	1	542	 碧石	139
03	1	543	 ロート	137
03	1	543	 黒肉球のしおり「拾」	142
03	1	544	 式：石砂嵐	20
03	1	545	 ドラッグ＆トローチ	5
03	1	545	 定期食材第2更新号	24
03	1	545	 ハト魔法：クリエイトハト	24
03	1	547	 銀の戦車	2
03	1	547	 黒炎	57
03	1	547	 奪取	129
03	1	548	 うつ	4
03	1	548	 けだま狐のおいしい水	18
03	1	548	 査問：ゴーレム	204
03	1	549	 簡易魔法札【H】	5
03	1	549	 下弦ノ月	133
03	1	549	 受け流し	119
03	1	550	 スイング	1
03	1	551	 拾ったカード	5
03	1	551	 上から来たぞ！	24
03	1	551	 スナイプ	80
03	1	552	 生命の蒼血	5
03	1	552	 攻式壱型・俄雨	16
03	1	552	 スタートアップ	196
03	1	553	 メルティ・ウェブ	3
03	1	553	 怠惰の断片	35
03	1	553	 四葉の幸運：戦歌	147
03	1	554	 再生の実り	5
03	1	554	 試作回復術II	5
03	1	554	 百香Lv.2	28
03	1	555	 涼風	5
03	1	555	 威圧	136
03	1	557	 日替わりメニュー	5
03	1	557	 気休めの祈り	2
03	1	557	 水をぶっかける	18
03	1	558	 真っ直ぐ行ってぶん殴る	1
03	1	558	 ヒュプノスのお誘い	21
03	1	558	 縛られる者達	108
03	1	559	 式：ひいる	5
03	1	559	 風ノ音	196
03	1	559	 縛視	150
03	1	560	 Blast	4
03	1	560	 マッチ売りの光は途絶えない	213
03	1	560	 渾身	54
03	1	562	 もりもりんシール・A	1
03	1	562	 コールエスコート	163
03	1	562	 【楽しいぬり絵2】	136
03	1	563	 榴弾射出	177
03	1	563	 駄カード	5
03	1	564	 余計なお世話	5
03	1	564	 ホーミングレーザー	136
03	1	564	 三振王	146
03	1	565	 テスト	1
03	1	565	 北風が運ぶもの	153
03	1	565	 クーポンチケット	152
03	1	566	 感情の欠片	136
03	1	566	 ふぁ～～	45
03	1	567	 死刻	5
03	1	567	 バトルクライ	129
03	1	567	 ネコジャラストレングス	26
03	1	568	 狙い撃ち	2
03	1	568	 かちわり	136
03	1	568	 Armed	26
03	1	569	 文武両道	1
03	1	569	 まほう：ファイアボール	137
03	1	569	 荊街八景	136
03	1	570	 狂宴ノ始	5
03	1	570	 閃光の記憶	21
03	1	570	 【R】おさんぽ	97
03	1	571	 白紙のカード	5
03	1	571	 ヒフナオール	5
03	1	574	 天使の輪（プラスチック）	1
03	1	574	 若竹の如く伸びる新年度生	76
03	1	574	 応急処置	5
03	1	575	 強装弾	1
03	1	575	 （後日編集予定）	25
03	1	576	 黒き魔女	2
03	1	576	 様式美：タライに気をつけろ！	24
03	1	576	 キラッ☆	21
03	1	577	 パッキーカード	136
03	1	579	 異邦の少女 "七詩乃 冥歌"	136
03	1	585	 癒やしの玄界	5
03	1	586	 ウルフのカード	1
03	1	586	 毒蛾の舞	25
03	1	586	 ビット	158
03	1	587	 メロンパン	5
03	1	587	 きまぐれテールウインド	28
03	1	587	 はちなのよー	84
03	1	589	 【R】元素の魔法師カナヤ	137
03	1	590	 ショップカード	16
03	1	591	 ハズレカード	4
03	1	591	 ランチカードNo.2	84
03	1	592	 ぷえですけど……	5
03	1	592	 絡みつく毒婦の手	102
03	1	592	 エアヴェルメン	17
03	1	593	 デッドヒート	1
03	1	593	 がっちーん！	26
03	1	593	 明星の虚	60
03	1	594	 炎ノ狂宴	137
03	1	594	 刑死者のアルカナ	228
03	1	595	 かわはるのらくがき、その1	1
03	1	595	 光の矢	21
03	1	597	 醤油ラーメン	4
03	1	597	 【魔界縫製師】ヘロウ	146
03	1	597	 白兎	136
03	1	598	 あまるがむ	4
03	1	598	 狂風	1
03	1	598	 三又の矛	235
03	1	599	 応急手当マニュアル	5
03	1	599	 赤尾関	160
03	1	599	 オートヒール	59
03	1	600	 知る知る見知る	150
03	1	600	 古びたカセットテープ	77
03	1	601	 破裂の兆し	4
03	1	601	 <【暗宿】僻の蜘蛛屋敷>	36
03	1	601	 ハルシ	97
03	1	602	 弱点攻撃	2
03	1	606	 心優しいスノウマン	5
03	1	606	 ティッシュ	110
03	1	606	 ティッシュ	2
03	1	608	 ヒールI	5
03	1	608	 痛いの痛いの飛んでいけ	5
03	1	608	 乾いた土	140
03	1	610	 桃の葉の栞	5
03	1	610	 影法師	22
03	1	612	 タビネコ	1
03	1	612	 避けるチーズ	29
03	1	612	 不死の断片III	146
03	1	614	 スラスト	1
03	1	614	 食後のパフェ	28
03	1	615	 榊ブロマイド	1
03	1	615	 ブランク・カード・ニシキ	93
03	1	615	 お札	5
03	1	616	 ブレイクスラッシュ	1
03	1	616	 毒針	123
03	1	616	 スキルフォトン	196
03	1	617	 治癒の緑玉	5
03	1	617	 あら、こんな所に鉄鍋が	29
03	1	617	 守りの灯火	159
03	1	618	 教会の名刺	5
03	1	618	 カラフルロールパン	81
03	1	618	 異形化	26
03	1	620	 ありふれたカード	1
03	1	620	 白兎	136
03	1	620	 エアスラスト	139
03	1	622	 破砕鉄球	1
03	1	624	 回復の加護	5
03	1	624	 罪飾りのカケラ	22
03	1	624	 慧眼	150
03	1	625	 絆創膏	5
03	1	625	 「頭上に注意！」	24
03	1	626	 ブービートラップ	142
03	1	626	 榴弾	137
03	1	627	 ☆2［でふぉるめ］淳太	1
03	1	628	 罪飾りのカケラ	5
03	1	629	 理不尽なる死	31
03	1	631	 癒しの担い手	5
03	1	631	 お得なポイントカード	196
03	1	631	 ララちゃん王国トレーナー	136
03	1	634	 みわくの　もふもふ	98
03	1	634	 Stop!	228
03	1	635	 ラビットガール	5
03	1	635	 感覚消失	234
03	1	635	 戦いのドラム	147
03	1	637	 ≪薄曇りの憎悪≫	4
03	1	637	 式神使いのアンジニティ	18
03	1	637	 摂食	142
03	1	638	 【N】伏在する怪物三井涼華	5
03	1	638	 飢餓蝦蟇の呪詛	146
03	1	638	 マスクドウォーリアー	146
03	1	640	 強奪の札	129
03	1	640	 もりもりんシール・B	140
03	1	641	 ブレイク	1
03	1	641	 おやかた！空からタライが！	24
03	1	641	 携帯版クイックアナライズ	150
03	1	642	 クリティカルしたらいいなぁ	2
03	1	642	 豪砕鉄球	16
03	1	642	 応急処置	5
03	1	643	 ポケットの中のクッキー	3
03	1	643	 爆発アドレナリン	16
03	1	643	 キーンボイス	23
03	1	644	 ブレイク	1
03	1	644	 ジャミングウェーブ	252
03	1	644	 燃える翡守目	47
03	1	645	 マナーおさらい帳	163
03	1	645	 フライパン	24
03	1	646	 ばけもの	1
03	1	646	 掃討射撃	136
03	1	646	 挑発	131
03	1	648	 偽者の女	1
03	1	648	 レオニダス・ハート	39
03	1	648	 スレンダーなねこの写真	30
03	1	650	 ブレイク	1
03	1	651	 grain.150g×2	3
03	1	651	 ロープを張る	228
03	1	651	 集中狙撃	164
03	1	652	 紅蓮竜砲	31
03	1	653	 大人の交渉	2
03	1	653	 エグリヌキ	164
03	1	653	 唄う小鳥	5
03	1	655	 白米と納豆のダブルパンチ	3
03	1	655	 硝子の囲い	213
03	1	655	 Cannon for Peace	136
03	1	656	 試製・束縛仏術	115
03	1	656	 ハッピーな気持ち！	184
03	1	657	 ブランク	1
03	1	657	 枯れた黒百合	202
03	1	657	 一寸先は闇	92
03	1	658	 ネコジャラヒール	5
03	1	658	 ひんやり氷	18
03	1	658	 午前休	136
03	1	659	 レバーブロー	2
03	1	659	 tarai card	24
03	1	659	 殺人ウイルス	133
03	1	661	 ヒール	5
03	1	661	 風精霊との絆	194
03	1	663	 回復の一滴	5
03	1	663	 暗黒の加護	146
03	1	663	 忘れさせてあげる	5
03	1	664	 癒し狸	5
03	1	664	 どっかの売店のポイントカード	2
03	1	664	 桜餅	18
03	1	665	 スナイプ	2
03	1	666	 仲間のために、ただ、風のように、	3
03	1	670	 《捏造》幸福	5
03	1	672	 可愛らしい	5
03	1	672	 甘いチーズケーキ	88
03	1	672	 アドレナリン	42
03	1	673	 被葬の呼び声	1
03	1	673	 ノルエピネフリン	19
03	1	673	 守り手	60
03	1	675	 ♡	5
03	1	675	 真・ラッシュ	25
03	1	675	 C to C ; 領域展開	149
03	1	676	 ［N］Strength	1
03	1	676	 暗黒の風	22
03	1	676	 真っ暗闇の誘い	22
03	1	677	 潜在具現化鑑識	2
03	1	677	 携帯版マジックミサイル	177
03	1	677	 えっちコンロ	2
03	1	678	 死鬼のアンジニティ	2
03	1	678	 Assist	18
03	1	678	 スペードのデュース	107
03	1	679	 火炎壺	1
03	1	679	 イレイザー	136
03	1	679	 グレートタライ	24
03	1	680	 土食文化推奨委員会	5
03	1	680	 回避疾走	139
03	1	680	 ブレイク	1
03	1	681	 忘れた幸運	5
03	1	681	 鈴符「幸運祈願」	206
03	1	681	 四尾・舞踊	161
03	1	682	 見えない熱華	167
03	1	683	 風詠の声	5
03	1	683	 バニーングレイ	137
03	1	683	 蜂の一刺	153
03	1	684	 癒やしの凶相	5
03	1	686	 ””””暴食”””の律動	5
03	1	686	 capturar	143
03	1	686	 竜の祝福	185
03	1	687	 ヒール	5
03	1	687	 波の音	66
03	1	687	 スパートウィップ	85
03	1	690	 ショップカード	1
03	1	690	 傷薬	5
03	1	690	 ねこねこステップ	161
03	1	691	 点破	2
03	1	691	 《立ち上る白き城壁》	213
03	1	691	 北風と太陽	214
03	1	692	 思い込みの力	5
03	1	692	 『導火線』	137
03	1	693	 鳥子の割引券	3
03	1	693	 命数剪定	28
03	1	693	 女皇教のアルカナ	62
03	1	694	 アドレナリン・ブースト	25
03	1	695	 屍達の鎮魂歌	1
03	1	695	 ハト魔法：クリエイトハト	24
03	1	695	 よれたヒーローカード	129
03	1	696	 雪の結晶	4
03	1	696	 戦火	136
03	1	696	 エスコート	163
03	1	698	 狐火	2
03	1	698	 深海の光	60
03	1	698	 雨を喚ぶ龍の祝福	184
03	1	699	 いのち	5
03	1	699	 氷雪	32
03	1	699	 昂る！	16
03	1	701	 雛	4
03	1	701	 消えない炎	52
03	1	702	 ブラックアウト	22
03	1	703	 癒しクラゲ	5
03	1	703	 銀の匙	1
03	1	703	 銀の匙	2
03	1	708	 とりあえずの一撃	1
03	1	708	 リカバリーヴェール	253
03	1	708	 【春霞】リナリアの涙	18
03	1	709	 応援の声	5
03	1	709	 厄除御守	70
03	1	709	 自動投銭回収回路	150
03	1	711	 マッチョブラスター	2
03	1	711	 かわはるのらくがき、その2	24
03	1	711	 誰かへの本命チョコ	5
03	1	712	 リストの切れはし	2
03	1	712	 ワイドスワップ	195
03	1	713	 白のカード	5
03	1	713	 ラムネ	30
03	1	713	 【R】《甘蜜彼女》毎川千尋	21
03	1	715	 ティッシュ	5
03	1	715	 湿布	149
03	1	715	 呪詛	36
03	1	717	 残心	2
03	1	717	 ホットココア	55
03	1	717	 Cスカイディバイト	153
03	1	718	 棘 [イバラ]	4
03	1	718	 ディヴォーションバインド	143
03	1	718	 よくわからないやつ	126
03	1	719	 荊の蒲公英	80
03	1	720	 バックパーム	1
03	1	720	 エレシュキガルの加護	184
03	1	720	 ぶつかるカード	136
03	1	721	 絶えず響け希望の音	147
03	1	721	 保険証	5
03	1	722	 ブラスト	4
03	1	722	 自棄食い	5
03	1	722	 『籠目の怪』	119
03	1	723	 ドラグスクラッチ	1
03	1	723	 ふたりは燃える流れ星	23
03	1	723	 芥子花の幻覚	97
03	1	724	 ヤケイの清水	5
03	1	724	 工事現場の親父	86
03	1	725	 Bアーム	4
03	1	725	 上を向いて歩こう	24
03	1	725	 この線の内側が妾の陣地な！	149
03	1	726	 名も無き札	1
03	1	727	 蚕福印の桑葉薬	5
03	1	727	 レジンの魔法	147
03	1	727	 命術	60
03	1	728	 誇りを以って破壊せよ	1
03	1	728	 書物崇拝狂性同一化	147
03	1	728	 癒しの雨	184
03	1	732	 銀杏	67
03	1	732	 椰子の妖精の癒し	5
03	1	733	 うるとら☆パンチ	1
03	1	733	 絆創膏	5
03	1	733	 FRIEND	18
03	1	734	 タウラシアス	136
03	1	734	 足元から覗く影	235
03	1	735	 【桃太郎戦闘術門下】カナ	2
03	1	735	 四葉の幸運：戦歌	147
03	1	735	 ぺろぺろ	5
03	1	736	 鯖の味噌煮	28
03	1	736	 街の記憶/μ	50
03	1	737	 おやき	1
03	1	737	 明星の雲	60
03	1	737	 彗願:星狼救援	158
03	1	738	 ジャムぱん	4
03	1	738	 攻防一体	45
03	1	738	 アデリー拳（稲敷美術館館長監修）	107
03	1	740	 ブランディッシュ	1
03	1	740	 炎の呪術（形態变化）	31
03	1	740	 電子の海の中で	215
03	1	741	 emerald	1
03	1	741	 ヒールミスト	253
03	1	741	 イレイザー+	136
03	1	742	 ブランク・カード	4
03	1	742	 守りの札	5
03	1	742	 光符《強》	215
03	1	743	 見習い魔女っ子！	1
03	1	743	 冷えピタ	62
03	1	743	 堅牢	146
03	1	745	 砂	4
03	1	745	 賦活のカード	146
03	1	745	 リノの声援	216
03	1	746	 ―、――。……　―！！	1
03	1	746	 斬鉄	2
03	1	747	 チンピラ殴り	1
03	1	747	 ブラックアサルト	107
03	1	747	 硬気功弐式	146
03	1	750	 メルティ・ビター	5
03	1	750	 イレイザー	136
03	1	751	 ブレイクショット	1
03	1	751	 アツタ神宮のおまもり	206
03	1	751	 -その歩みは罪と共に在り-	73
03	1	752	 囚われる傷	5
03	1	752	 鉄甲	40
03	1	753	 小桜威	5
03	1	753	 延焼を防ぐ本	56
03	1	753	 第三のカード	140
03	1	755	 ラピス	2
03	1	755	 フランメ・プファール	173
03	1	755	 【焔竜】ホムラ	137
03	1	756	 ふつうのたたき	1
03	1	760	 切り裂く刃！	139
03	1	760	 超噴射力霧吹き	136
03	1	761	 狐のおまじない	5
03	1	761	 怠惰なる破壊神	202
03	1	761	 断線	149
03	1	762	 癒しの89番	5
03	1	762	 石投げ	1
03	1	762	 蠢く毛玉	100
03	1	763	 カード	1
03	1	764	 マッチ売りの光は途絶えない	1
03	1	764	 ディスカード・デュース	5
03	1	764	 弱点攻撃	164
03	1	765	 兎少女のカード	5
03	1	765	 影『Luxria_Lv2』	136
03	1	765	 Eraser!	136
03	1	766	 小さな呪い	2
03	1	766	 レシピ：手作りの王冠	95
03	1	766	 天狼の炎	107
03	1	767	 治療するよ！	5
03	1	767	 マナポ	28
03	1	767	 幸か不幸か	210
03	1	768	 初心	1
03	1	768	 クーポンチケット	152
03	1	768	 おまじない	36
03	1	769	 光遁の術符	21
03	1	772	 逆巻きの花弁	5
03	1	775	 癒やしの香り	5
03	1	775	 ポイントカード	200
03	1	775	 正義の歌い手	28
03	1	777	 紙頼み	1
03	1	777	 ゴチになりまーす！	45
03	1	777	 タワーブリッジ	1
03	1	779	 舐める火	5
03	1	779	 真っ暗闇の誘い	22
03	1	780	 フェルテウス	2
03	1	780	 死に至る病	36
03	1	780	 黒ノ影塊	142
03	1	782	 射抜く光	1
03	1	782	 ””””暴食”””の律動	1
03	1	782	 解析者の目	150
03	1	783	 再生	5
03	1	783	 冷えた荊のカード	183
03	1	783	 ぴかぴかミサイル	93
03	1	787	 騎士よ武器を取れ	147
03	1	788	 破砕	1
03	1	788	 ヒール	5
03	1	788	 真っ黒な紙切れ	18
03	1	789	 こけこ	3
03	1	789	 手乗り化け花[キキョウ]	152
03	1	789	 鰐淵さん拉致事件	28
03	1	790	 癒しの札	5
03	1	790	 センチネル・バケツヘルム卿	44
03	1	790	 大土槌	154
03	1	791	 M.a.lugens	1
03	1	791	 黒き銃閃	136
03	1	792	 ねこまっしぐら	83
03	1	792	 足踏みミシン	24
03	1	793	 禁賊抜刀・頭蓋割	2
03	1	793	 ホットココア	55
03	1	794	 大夜会	3
03	1	794	 硬気功	146
03	1	794	 氷の刃・一閃	181
03	1	795	 投石	3
03	1	795	 どこかの攻略本	193
03	1	795	 不死の虜	113
03	1	798	 ねこねこインパクト	1
03	1	798	 絶対温寒	136
03	1	798	 みずのさかなのうた	66
03	1	799	 安息のひととき	28
03	1	799	 霧雨	28
03	1	800	 ねこぱんち	1
03	1	800	 紙頼み	137
03	1	800	 フォースブレス	30
03	1	801	 レシピ：ベレー帽	1
03	1	801	 春コーデ	35
03	1	801	 メロウの頌歌	66
03	1	802	 Cブレイク	1
03	1	802	 くくり罠	143
03	1	802	 願いはただひとつ	26
03	1	803	 ヒール	5
03	1	803	 自己再生	5
03	1	803	 スーラ	136
03	1	804	 味見	2
03	1	804	 メルティ	126
03	1	804	 晴天の石礫	20
03	1	805	 痺れる程度の稲妻	225
03	1	807	 ぐーぱんち	1
03	1	807	 マンネルハイム戦	179
03	1	807	 キラーウルフのカード	136
03	1	808	 書物崇拝狂性同一化	5
03	1	808	 夢の世界	149
03	1	808	 破滅の扉	71
03	1	810	 芽吹つぼみ	5
03	1	810	 守護天使	136
03	1	810	 追い風	19
03	1	811	 わんこと飼い主	25
03	1	813	 ブラストマン	4
03	1	813	 エキサイト	16
03	1	813	 火力支援	136
03	1	814	 御用改メ	108
03	1	814	 鼠と竜のゲーム	21
03	1	815	 気休めの願い	2
03	1	815	 浮遊	184
03	1	815	 Luxria_Lv3	30
03	1	816	 墓場鳥の一声	2
03	1	816	 棘 [トゲ]	164
03	1	816	 ウォークライ	44
03	1	817	 正拳突き	1
03	1	817	 View To A Kill	34
03	1	820	 ファイアボールザファイアボール	137
03	1	820	 腱切り	150
03	1	821	 冷たい視線	181
03	1	822	 刀剣錬成Lv1	1
03	1	822	 足元から覗く影	235
03	1	822	 一時の休息	153
03	1	823	 理不尽なる死	31
03	1	823	 タバコ3カートン	139
03	1	825	 無傷と等号	18
03	1	827	 火の玉ストレート	56
03	1	828	 キャッシュカード	2
03	1	828	 豪打	136
03	1	828	 押収異能ドラッグ	146
03	1	833	 ステラビーム☆	4
03	1	833	 猫の愛嬌	21
03	1	833	 ソラ	5
03	1	835	 A	2
03	1	835	 天使の輪	1
03	1	835	 ラッシュ	25
03	1	837	 段原うどん店50円割引券	1
03	1	837	 トキワ工房機動兵派遣申請書	204
03	1	837	 鬼の奥義	160
03	1	838	 夜明け	5
03	1	838	 芽吹つぼみ	18
03	1	838	 マッチ売りの光は途絶えない	213
03	1	839	 メテオブラスト	137
03	1	839	 おぼろげな標	60
03	1	842	 逃げの一手	5
03	1	842	 イレイザー	136
03	1	843	 ポチ先生の付箋	1
03	1	843	 ティーブレイク	63
03	1	843	 風刃のカード	139
03	1	844	 アキレス「俊足」	3
03	1	844	 難しい話はむずかしい	4
03	1	844	 ボンブリラリア　ルビカ	170
03	1	845	 起死回生	5
03	1	845	 ものすごくもふもふした猫の写真	254
03	1	845	 みなしずく	18
03	1	846	 氷現	62
03	1	846	 ネコキック	107
03	1	847	 白死木&アゲハ	5
03	1	847	 極彩色の龍	2
03	1	848	 その一『増える二階階段』	3
03	1	848	 "R"ewind	58
03	1	848	 発煙筒	22
03	1	849	 誰かへの本命チョコ	5
03	1	849	 “紙の上の自由”	28
03	1	849	 希望の音は未だ絶えず	147
03	1	850	 三ツ目ル鯨	5
03	1	850	 アキュラシィ	44
03	1	851	 青柳	3
03	1	851	 緊急治療#2	28
03	1	851	 煌めき堕つる銀の星塊	24
03	1	852	 正〇丸ぽい何か	5
03	1	852	 血界	113
03	1	852	 橙の檻	115
03	1	853	 ヒール	5
03	1	853	 ナレハテは尻からでる	235
03	1	853	 キュアディジーズ	134
03	1	854	 断末魔(カーテンコール)	4
03	1	855	 『羊飼い』	5
03	1	855	 応援	5
03	1	855	 泡沫の断片	88
03	1	858	 救急ばんそうこう	5
03	1	858	 イレイザー	136
03	1	858	 サンクション	212
03	1	860	 水銀の滴り	2
03	1	860	 癒しまーす	5
03	1	860	 ‪	5
03	1	861	 泥濘から来たる	221
03	1	861	 恋人	136
03	1	862	 つかう カード なおす	5
03	1	862	 イレイザーのカード	136
03	1	864	 ブレイクザブレイク	1
03	1	864	 世界改変	51
03	1	864	 デッドリィ・ランチャー	136
03	1	865	 『星の山羊』	5
03	1	867	 常盤 朱火/レット・ミー・ヒア	235
03	1	868	 ワイドスワップ	195
03	1	869	 イルカの唄	66
03	1	871	 血杯	5
03	1	871	 リストリクト+	23
03	1	871	 ヤンバルテナガコガネ★★	20
03	1	873	 薄荷飴	5
03	1	873	 記録：非敵対的魔族従者Ⅱ	18
03	1	875	 Love Song 探して	5
03	1	875	 金の視線	150
03	1	875	 爛の弐番	106
03	1	878	 精密射撃	2
03	1	878	 頭突	136
03	1	878	 寒い駄洒落	68
03	1	879	 1450の試作品	5
03	1	879	 泡出更紗	28
03	1	879	 川のせせらぎ	18
03	1	883	 りゅうとつもうしん	3
03	1	883	 塵芥と化す衝撃	136
03	1	883	 千切り捨てられたメモ用紙	67
03	1	884	 お茶のボトル	5
03	1	884	 殺人ウイルス	133
03	1	884	 怒髪穿天	16
03	1	886	 ハロウ・メロウ	2
03	1	886	 出張！ヤザキパン！！	5
03	1	886	 ≪ディーヴァ・ソング≫	237
03	1	888	 ヒール	5
03	1	888	 トントンダンス	161
03	1	888	 黒のアルカナ	23
03	1	891	 飢餓の果て	4
03	1	891	 MOD:PAIN EDGE	37
03	1	891	 記録：非敵対的魔族従者Ⅲ	18
03	1	892	 ファストエイド	5
03	1	892	 『桜橋の力-爆-』	170
03	1	892	 フレー！フレー！	147
03	1	893	 カレーのカード	3
03	1	893	 椰子妖精の恩恵(主張強)	146
03	1	894	 てるてるヒール	5
03	1	894	 ”アルター・エゴ”	136
03	1	895	 銀の匙	1
03	1	895	 クローズド	23
03	1	895	 メテオブラスト	137
03	1	897	 ヒーﾉﾚ	1
03	1	897	 右ストレート	136
03	1	897	 癒しの泡	18
03	1	899	 不死の断片I	5
03	1	899	 魔術＜ゼブルの瞳＞	150
03	1	899	 Assist	18
03	1	902	 血の乱舞	150
03	1	902	 恋の詩	147
03	1	903	 青の護符	5
03	1	903	 違法鎮痛剤	28
03	1	903	 ロックキャノン	20
03	1	904	 異能ロード：殴打	1
03	1	904	 主よ、憐れみたまえ	213
03	1	904	 ヒール	5
03	1	906	 傷の拒絶	5
03	1	906	 従属の決意	140
03	1	906	 撃ち放たれし向かい風	33
03	1	908	 シルバーレイン	4
03	1	908	 天狼の炎	107
03	1	908	 ブラックシャイン	21
03	1	909	 白羽の栞	5
03	1	909	 支配階級の証	108
03	1	909	 特性『毒の体』	28
03	1	911	 荊の詰草	5
03	1	911	 転んだ拍子に	67
03	1	911	 つかむ	143
03	1	912	 工事現場	140
03	1	912	 異能 -袋小路-	18
03	1	913	 式符【梅】	147
03	1	914	 俺チャンの圧倒的イケメンボイス！	251
03	1	914	 幻影：万華鏡	81
03	1	916	 暗闇からのイタズラ	105
03	1	916	 ヒール?	5
03	1	920	 反抗期	20
03	1	920	 絡め捕る糸	228
03	1	921	 回復薬	5
03	1	921	 Cannon for Peace	136
03	1	921	 FS：ルイン	192
03	1	922	 猫凜一体	1
03	1	922	 家内安全のお守り	40
03	1	922	 しんそく	160
03	1	923	 連符	3
03	1	923	 ドラム缶の中身	235
03	1	923	 モテの基本！食事マナーの本	163
03	1	926	 聖者の救世手	5
03	1	926	 メジェド様は治めたい	135
03	1	926	 世界樹の葉の葉脈	5
03	1	927	 クイック	3
03	1	927	 紋章魔術・治癒	5
03	1	927	 三枚の御札：ひーる	28
03	1	928	 『快癒』	5
03	1	928	 連撃	3
03	1	928	 ブラックアウト	22
03	1	931	 （ここに格好いいカード名が入る）	1
03	1	931	 ――　壊　音　――	5
03	1	931	 アルカナ：戦車	86
03	1	932	 サラマンダー召喚のカード	2
03	1	932	 回復薬	5
03	1	932	 暴走の記憶	37
03	1	933	 ヴァニラブレイク	2
03	1	933	 【制圧する乱撃の一片】	120
03	1	933	 花火セット	174
03	1	934	 牙	3
03	1	936	 目の前で学生が食べたオムライス	5
03	1	936	 山崩し	173
03	1	936	 秘密のスイッチ	136
03	1	938	 癒し上手のミリー	5
03	1	938	 ストライキング	146
03	1	938	 ブライシンクロン	139
03	1	939	 テストカード	3
03	1	939	 AT寿司	26
03	1	939	 流速制御・偽	189
03	1	940	 ブラスト	4
03	1	940	 空白	19
03	1	940	 ［N］Strength	136
03	1	943	 アザラシの女王	1
03	1	943	 サファイア・ジャベリン	165
03	1	943	 薬草	28
03	1	944	 黒の楔	3
03	1	944	 ア゛ア゛ア゛ア゛ァァ…………	235
03	1	945	 始まりの【白】	2
03	1	945	 ALL I WANT	146
03	1	945	 『戦車』	95
03	1	946	 横合いから突然のメジェド様	1
03	1	946	 光犀	21
03	1	946	 守護	163
03	1	948	 おやつの時間	5
03	1	948	 フルスイング	136
03	1	948	 はちくのいきおい	16
03	1	949	 双葉	5
03	1	949	 マナコーティング	146
03	1	949	 白いやつ	16
03	1	950	 唸れ！普通の鉄パイプ！	1
03	1	950	 ニャン急所拳	2
03	1	950	 メンチを切る	26
03	1	952	 ひーる	5
03	1	952	 T	146
03	1	952	 Bruto	37
03	1	953	 一瞬の猶予	5
03	1	953	 空符「ヘッドシェイカー」	74
03	1	953	 陶器のカード：クラック	140
03	1	956	 昏き世界	4
03	1	956	 フォーリーンスペル：ルイン	192
03	1	956	 メーコノナマヒール	5
03	1	957	 オレンジカード	5
03	1	957	 マイクオブリリシズム/喜	27
03	1	959	 なかみはなぁに？	126
03	1	960	 メーコダッシュ	25
03	1	960	 神様の子ども	21
03	1	961	 ヒール	5
03	1	963	 竜のちから	1
03	1	963	 Code:Heal	28
03	1	963	 宿りのタネ	205
03	1	965	 ほほえみ	5
03	1	965	 クリエイトウォーター	18
03	1	965	 ルーンブレード『陣風断』	153
03	1	968	 センスショット	2
03	1	968	 おでかけシャーベット	3
03	1	968	 クイックアナライズ	150
03	1	971	 神拳・星砕	110
03	1	973	 深淵見 銀子	4
03	1	973	 エアヴェルメン	17
03	1	973	 リトルフレイム	137
03	1	974	 お試し回復	5
03	1	974	 シメジキャプチャー	143
03	1	974	 冷凍保存	18
03	1	975	 紫色の薬	5
03	1	975	 きれいなほうせき	142
03	1	975	 闘争本能	16
03	1	977	 衝撃波：初	1
03	1	977	 失われた楽園≪ロスト・エデン≫	136
03	1	977	 赤いドロドロの絵	235
03	1	978	 -貴方は彼らの背を踏み砕く-	1
03	1	978	 ストリングストラップ	228
03	1	978	 土埃	20
03	1	979	 鋭い棘	100
03	1	979	 出張！ヤザキパン！！	5
03	1	980	 ヒール	5
03	1	980	 ばにいさん	142
03	1	981	 ごあいさつ	2
03	1	981	 街の記憶/γ	50
03	1	981	 健脚	19
03	1	984	 GoMyWay	1
03	1	984	 火線	57
03	1	984	 ゲンジュウ・ホー	53
03	1	985	 奇妙な色の薬	5
03	1	985	 羽ばたく鳩時計	139
03	1	985	 STOP！歩きCHAT	140
03	1	990	 お試しカード	1
03	1	990	 白秋18切符地獄谷経由	220
03	1	990	 Code:Heal	28
03	1	991	 リジェネレイト	5
03	1	991	 背徳の背き	5
03	1	991	 ――　壊　音　――	147
03	1	992	 ブラックアサルト	107
03	1	992	 血塗れの刃	220
03	1	993	 オールドファッション	5
03	1	993	 ブラッドバースト	16
03	1	993	 ストライキング	146
03	1	994	 ヒール	5
03	1	994	 猫パンチ	16
03	1	994	 連続パンチ	107
03	1	995	 被葬の呼び声	156
03	1	995	 桜華爛漫	239
03	1	997	 黒いバラの花	1
03	1	997	 簡易魔法札【F】	57
03	1	997	 ””””暴食”””の律動	44
03	1	998	 おぞましき加護	5
03	1	998	 束縛の金糸	23
03	1	998	 絡みつく毒婦の左手	102
03	1	999	 研ぎ澄まされた一矢	2
03	1	999	 コール・ドリルアンカー	140
03	1	999	 ノルエピネフリン	19
03	1	1000	 貼るカイロ	5
03	1	1000	 暴虐の記憶	136
03	1	1000	 ワンダーラッシュ	136
03	1	1001	 節目の香	5
03	1	1001	 ほぐす	73
03	1	1001	 炎上！墜落！爆発四散！	57
03	1	1002	 黒ノ影塊	1
03	1	1003	 ブラストテスト	4
03	1	1003	 共鳴り	140
03	1	1003	 シメジキャプチャー	143
03	1	1005	 「 」	154
03	1	1006	 檸檬飴	5
03	1	1007	 ストライク	1
03	1	1007	 鳥子の割引券	207
03	1	1008	 異邦の少女 "七詩乃 冥歌"	2
03	1	1009	 トゥーシー・ネクロニカ	4
03	1	1009	 太鼓の音色	147
03	1	1009	 爆破術式	136
03	1	1010	 ブレイクナックル	1
03	1	1010	 守護の楯	146
03	1	1011	 回復	5
03	1	1011	 水圧カッター	136
03	1	1011	 火の鞭	31
03	1	1012	 限度額いっぱいまで借金したカード	5
03	1	1016	 サイチキ	5
03	1	1016	 ストレングスI	26
03	1	1016	 鋭爪の一掃	136
03	1	1017	 腱切り	150
03	1	1017	 傷薬	5
03	1	1018	 紫の矢	225
03	1	1018	 暗黒の加護	146
03	1	1020	 石に花咲く	1
03	1	1020	 ［N］Strength	136
03	1	1020	 いでよ武器！	38
03	1	1021	 実験1	4
03	1	1021	 いやすおどり	5
03	1	1021	 くろやぎなぐりこみ。	250
03	1	1022	 グランドランサー	4
03	1	1022	 守護	163
03	1	1022	 水霊の癒し	18
03	1	1024	 治癒Lv1	5
03	1	1024	 水霊の癒し	18
03	1	1024	 罪飾りのカケラ	103
03	1	1025	 天狗連舞	4
03	1	1025	 ハーブのタネ	88
03	1	1025	 働け野郎ドモ	59
03	1	1026	 療術のカード	5
03	1	1026	 《アサルトファング》	158
03	1	1027	 ラズリ	148
03	1	1029	 ヒール	5
03	1	1029	 救急箱	5
03	1	1029	 強行偵察機	136
03	1	1031	 邪雷	2
03	1	1031	 -その歩みは罪と共に在り-	73
03	1	1031	 ろるけきちゃん	113
03	1	1032	 獅子心王の鎧	29
03	1	1032	 狼だって火は扱えるもん！	17
03	1	1035	 土塊の腕	1
03	1	1035	 「悪い世界」	73
03	1	1035	 桃ティー	28
03	1	1036	 ヒール	5
03	1	1036	 うさぎのダンス	50
03	1	1036	 天界の泉	18
03	1	1039	 言葉攻め	21
03	1	1039	 われいずこに逃れゆかん	93
03	1	1041	 【癒】猫画像	5
03	1	1043	 D01_b	1
03	1	1043	 精神拡張	126
03	1	1043	 千変万化の影	143
03	1	1044	 回復のカード	5
03	1	1044	 正義の護り手	29
03	1	1044	 debris.900g	197
03	1	1046	 ファッションファッション入部届	1
03	1	1046	 FOOOO!!	147
03	1	1046	 芋を焼きたかっただけなんだ――	137
03	1	1047	 白羊のイー	28
03	1	1047	 ネコビタンG	5
03	1	1049	 たたくカード	1
03	1	1050	 ヒール	5
03	1	1050	 pyrokinesisⅠ	137
03	1	1051	 ヒール	5
03	1	1051	 最強ストライキング	146
03	1	1051	 頭突	136
03	1	1052	 試作大根	5
03	1	1052	 光魔法：かわいいポーズ	25
03	1	1052	 ビンタ	152
03	1	1053	 降り止まぬ雨	5
03	1	1053	 くろやぎしゅうらい。	250
03	1	1053	 学校の守護霊	119
03	1	1055	 名状し難き物の爪	2
03	1	1055	 治療するよ！	18
03	1	1055	 崇介	37
03	1	1057	 屍術師の試薬	5
03	1	1057	 月白の煙	23
03	1	1057	 ”アルター・エゴ”vo2	136
03	1	1058	 鉄パイプ	1
03	1	1058	 ファイヤーブラスト	57
03	1	1058	 エナジードレイン	142
03	1	1059	 ブレイク	1
03	1	1059	 火球	137
03	1	1059	 照星	80
03	1	1064	 ヒール	5
03	1	1064	 古いヒーローカード	129
03	1	1064	 ヒール	5
03	1	1066	 携帯式小型鍋	5
03	1	1067	 クイック	3
03	1	1068	 連続猫パンチ	3
03	1	1068	 ミツマタ	146
03	1	1068	 バックスタブ	136
03	1	1070	 ばんそうこう	5
03	1	1070	 チョコレート	18
03	1	1070	 『IF』	101
03	1	1071	 コブラツイスト	1
03	1	1071	 秘符【悪魔】	45
03	1	1072	 怪力乱心≪パワー・イズ・パワー≫	1
03	1	1072	 カード	1
03	1	1072	 乱舞	160
03	1	1074	 陶器のカード：ヒール	5
03	1	1074	 女皇教のアルカナ	18
03	1	1074	 成れの果て	235
03	1	1075	 かすかちゃんブレイク	1
03	1	1075	 忘却の歌声	147
03	1	1075	 天使の輪(毛糸製)	137
03	1	1076	 浅縹卯の花	2
03	1	1076	 ほぉら、明るくなったろう？	175
03	1	1076	 ピンポイント	2
03	1	1077	 守護者創造	239
03	1	1077	 無謀な突撃	136
03	1	1078	 バニーショット	136
03	1	1079	 暴れるすいか君	25
03	1	1079	 エレクトリカル	29
03	1	1080	 早業	3
03	1	1081	 作成カード：ヒール	5
03	1	1081	 つよそう	210
03	1	1081	 蚕福印の桑葉薬	88
03	1	1083	 回避擊	1
03	1	1083	 ライトセイバー	71
03	1	1083	 幸福の落日と薄幸の妾姫	5
03	1	1084	 タバコ１カートン	5
03	1	1085	 力を溜める	146
03	1	1085	 天からの施し	187
03	1	1087	 荒気	4
03	1	1087	 マシンガンクズトーク	61
03	1	1088	 仕事中にスマホぽちぽちー	5
03	1	1089	 アジテート	25
03	1	1090	 ソニックインパルス	4
03	1	1090	 傷突	136
03	1	1090	 雷電化	19
03	1	1091	 将来性を見越した重傷時バフ	83
03	1	1091	 七味の風	140
03	1	1092	 ヒール	5
03	1	1092	 ヒーﾉﾚポショーン	136
03	1	1092	 ブラックアサルト	107
03	1	1098	 1	1
03	1	1098	 エキサイト	16
03	1	1098	 フロントダブルバイセップス	35
03	1	1099	 ティーセット	1
03	1	1099	 暗黒斬撃法	156
03	1	1099	 サモン:サーモン	221
03	1	1101	 ひつじのまほう	1
03	1	1101	 debris.900g	197
03	1	1101	 にゃーん	5
03	1	1102	 風舞う合成獣の乙女・透空	1
03	1	1102	 日替わりメニュー	21
03	1	1102	 毒針	123
03	1	1103	 百花繚乱	3
03	1	1103	 《城壁穿つ輝ける槍》	93
03	1	1105	 回し蹴り	1
03	1	1105	 [R] 半樹の娘	163
03	1	1106	 集中狙撃	2
03	1	1106	 夕焼け	5
03	1	1106	 おためしカード	75
03	1	1107	 『無題』	5
03	1	1107	 アミューズメント景品『鰐淵さん』	146
03	1	1107	 デスパレイト	100
03	1	1109	 満月と兎、古き同胞	5
03	1	1109	 エネルジコ	126
03	1	1109	 曼珠沙華	137
03	1	1110	 クイックDシュート	3
03	1	1110	 深雪の蜂蜜檸檬	28
03	1	1110	 狼召喚Lv1	158
03	1	1111	 水道水	5
03	1	1111	 紅蓮の火竜	137
03	1	1111	 兎少女のカード	44
03	1	1112	 試作品具現物	3
03	1	1112	 この土は美味しいので	5
03	1	1112	 残影	44
03	1	1113	 無の零番	4
03	1	1113	 タライ大好き	24
03	1	1113	 派手に炎上させるじゃねえか！！！	175
03	1	1114	 石に花咲く	86
03	1	1115	 B	4
03	1	1115	 コブラツイスト	136
03	1	1115	 目くらまし	22
03	1	1116	 蜘蛛糸ブラックジャック	1
03	1	1116	 桜白桃の天然水	28
03	1	1116	 視	150
03	1	1120	 ハズレ	2
03	1	1122	 癒しのチーズケーキ	5
03	1	1122	 タライ（プラスチック）	24
03	1	1124	 試験登録カード	1
03	1	1124	 蜘蛛の糸	115
03	1	1124	 何かの光	21
03	1	1125	 『火枷』	110
03	1	1125	 秘蔵のポーション	28
03	1	1126	 ポッキー	5
03	1	1126	 ずらし押し2F	17
03	1	1127	 地面の穴	1
03	1	1128	 栄養ドリンク	5
03	1	1128	 星水	146
03	1	1129	 "R"ecovery	5
03	1	1129	 Protection	29
03	1	1129	 Popess	18
03	1	1131	 悲しい思い出	5
03	1	1131	 愛の力	146
03	1	1131	 海浜公園のペンギンストラップ	18
03	1	1132	 気まぐれな手当て	5
03	1	1133	 『怪異備品録』＜鼬の薬壺＞	5
03	1	1133	 どうぶつ王国	136
03	1	1133	 たこ焼きを焼くオバチャン	28
03	1	1134	 魔力放出	2
03	1	1134	 クリエイト：イビルハンズ	236
03	1	1135	 破壊	1
03	1	1135	 神様の子ども	21
03	1	1135	 南国の海の色の薬湯	28
03	1	1136	 荊ブレイク工業(仮)	1
03	1	1137	 連携攻撃	3
03	1	1137	 雫	28
03	1	1139	 斎川 一刀斎	16
03	1	1139	 バトルソング	147
03	1	1140	 虚空領域	149
03	1	1141	 雨鴉	4
03	1	1141	 暗キ亀裂	22
03	1	1141	 太鼓の音色	147
03	1	1142	 第一のカード	5
03	1	1142	 ショップカード	5
03	1	1142	 或る宇宙飛行士の十五時間	27
03	1	1144	 呼ばずの横槍	2
03	1	1144	 冷酷な物	38
03	1	1144	 追い打ち	136
03	1	1146	 No.2「根差し」	142
03	1	1146	 バーンズチェイン	31
03	1	1149	 あったかいもの、どうぞ！	5
03	1	1151	 ミラクルエッグ	5
03	1	1151	 サモン:サーモン	221
03	1	1151	 MOUSE	126
03	1	1153	 ショップカード	5
03	1	1153	 異能 -袋小路-	18
03	1	1153	 レシピ：丈夫なマント	40
03	1	1155	 スナイプ	2
03	1	1155	 ハルシ	97
03	1	1155	 心の闇	108
03	1	1159	 沈丁花の香り	5
03	1	1159	 誰にとっても無価値な懺悔	18
03	1	1159	 母なる海の癒し	18
03	1	1160	 小型化バスターブレイド	4
03	1	1160	 なんかドロドロしたもの	5
03	1	1160	 黒炎	57
03	1	1162	 《鏡映シノ硬化：刺突》	2
03	1	1162	 ホールゲイル	25
03	1	1162	 ピンホール	44
03	1	1164	 痛みは残さず	5
03	1	1164	 46&2	227
03	1	1164	 回し蹴り	136
03	1	1165	 山茶花	1
03	1	1165	 絆創膏	5
03	1	1165	 ラッシュ	25
03	1	1169	 スパイン	43
03	1	1171	 斬鉄	2
03	1	1171	 愚者の烙園<inferno>	115
03	1	1171	 ドクター	77
03	1	1173	 ダークネスブレイク	1
03	1	1173	 ヒール	5
03	1	1173	 ケミカルエッグ	28
03	1	1175	 [R] フェオン	5
03	1	1175	 海浜公園のペンギンストラップ	5
03	1	1175	 イレイザー	136
03	1	1177	 特製オムライス	5
03	1	1177	 真白な帆をあげて	22
03	1	1179	 フリーズ	68
03	1	1181	 かさましもやし	5
03	1	1181	 夜鳴鶯の囀り	147
03	1	1181	 剛腕一打	136
03	1	1182	 ブレイク	1
03	1	1184	 仕込み刃	3
03	1	1184	 タライ・デ・ドリフ	24
03	1	1184	 ファッションファッション入部届	220
03	1	1185	 基本スキル：クイック	3
03	1	1185	 囚われる傷	5
03	1	1185	 蒼壁	35
03	1	1187	 ブレイク	1
03	1	1187	 お友だちを紹介します！	235
03	1	1187	 デスパレイト	100
03	1	1189	 必殺技	1
03	1	1189	 アンジニティ対策メモ	149
03	1	1191	 女皇教のアルカナ	5
03	1	1195	 薔薇の花びら	5
03	1	1195	 旺臥流剣術　禍つ打ち	16
03	1	1195	 貝米継高校学食特別食券	146
03	1	1197	 紅い雫	5
03	1	1198	 ジャンクシンクロン	2
03	1	1198	 【楽しいぬり絵】	136
03	1	1198	 ねこびーむ	136
03	1	1199	 ばらの湯煙	5
03	1	1199	 猫の手	1
03	1	1200	 光を頂く者	1
03	1	1200	 【使】応援	25
03	1	1200	 万物二訪レシ物	142
03	1	1201	 応急手当	5
03	1	1201	 バスターグラウンド	136
03	1	1201	 逆巻きの花弁	28
03	1	1202	 初歩的な処世術	5
03	1	1202	 『クリエイト：タライ』	24
03	1	1202	 糊の香り	23
03	1	1203	 その行進を止めよ	3
03	1	1203	 もちもちチーズ☆	5
03	1	1203	 疾風のカード	77
03	1	1204	 クリティカルショット	2
03	1	1204	 研ギ澄マス過重ノ槍	2
03	1	1204	 ハザマの道行く新任教師	79
03	1	1205	 診察券	5
03	1	1205	 『IF』	221
03	1	1205	 フレアバインド	31
03	1	1207	 ライズエナジー	146
03	1	1207	 暴れるすいか君	25
03	1	1209	 [R]雨寺シロミ	1
03	1	1209	 アクセルフォーム２！	196
03	1	1211	 0	2
03	1	1211	 識札	60
03	1	1211	 エキサイト	16
03	1	1212	 希望の花	5
03	1	1212	 熾天使の抱擁	17
03	1	1213	 顔から火を噴く	1
03	1	1213	 オイル＆ウォーター	133
03	1	1213	 風詠みの調べ	77
03	1	1214	 体操服	146
03	1	1214	 オーキッドソレイユ	179
03	1	1215	 うしろのしょうめん	2
03	1	1215	 猛る一撃	146
03	1	1215	 重撃	44
03	1	1216	 不撓不屈	5
03	1	1217	 穿孔	1
03	1	1217	 ワイヤーフレーム	228
03	1	1217	 おまえのものはおれのもの	61
03	1	1218	 ミヤコ特製マカロン	5
03	1	1218	 ティンダー☆	17
03	1	1218	 ブレイク☆	1
03	1	1219	 白い1ページ	5
03	1	1219	 淘汰	136
03	1	1219	 クリティカルプレディクション	150
03	1	1221	 犬パンチ	1
03	1	1221	 AGの握り	19
03	1	1221	 花散里	28
03	1	1222	 画料転成	4
03	1	1222	 黒曜乱刃	154
03	1	1222	 警察の狼	158
03	1	1223	 不可侵領域	4
03	1	1223	 いきものじゃらし	85
03	1	1223	 スルッとIBARA	3
03	1	1224	 最初の弁当	5
03	1	1224	 本日の配給	184
03	1	1224	 苦味マシマシ栄養剤	28
03	1	1228	 獅子座のカード	1
03	1	1228	 グラビティボイス	150
03	1	1228	 女学生の嗜み	136
03	1	1231	 荊のカード	5
03	1	1231	 夢見る少女のアリア	136
03	1	1231	 のばら茶屋の名刺	5
03	1	1232	 逆巻きの花弁	5
03	1	1232	 リンカニック・クリエイト	38
03	1	1234	 すあま	5
03	1	1234	 真っ黒な紙切れ	18
03	1	1234	 全発憤	25
03	1	1235	 病巣発見	5
03	1	1235	 墨百合	202
03	1	1235	 ペルソナ	1
03	1	1237	 マモノの血	1
03	1	1239	 test	254
03	1	1240	 ブラック・マジック	1
03	1	1240	 ナイトフォールダウン	50
03	1	1242	 生命開花：癒し空間	5
03	1	1242	 念動力	136
03	1	1243	 バリアパンチ	2
03	1	1243	 サモン：ナレハテ	235
03	1	1244	 黒い森の魔女	137
03	1	1245	 ラブパワー♡	1
03	1	1245	 電池式マイク	117
03	1	1247	 腹パン	1
03	1	1247	 影札のスペード2	2
03	1	1248	 首アタック	1
03	1	1248	 試験データ02	54
03	1	1248	 プラカード	196
03	1	1249	 黑い巨神	1
03	1	1249	 空間衝突	73
03	1	1249	 『お狐さま』	126
03	1	1251	 つまみ食い対策装置	24
03	1	1251	 呪符:誰かの怖いもの	24
03	1	1254	 クイック	3
03	1	1254	 【焔竜】ホムラ	137
03	1	1256	 まほう：ブラスト	4
03	1	1256	 画竜点睛	5
03	1	1256	 “紙の上の自由”	238
03	1	1257	 ハートのエース	2
03	1	1257	 雨を喚ぶ龍の祝福	184
03	1	1257	 斥力のカード	121
03	1	1261	 血まみれの牙	1
03	1	1263	 ちいさな服職人	5
03	1	1263	 ３分クッキング！（生食）	4
03	1	1263	 接地把握	30
03	1	1264	 二度叩く	3
03	1	1264	 連環の計	150
03	1	1264	 潮騒	66
03	1	1265	 明星の光	5
03	1	1265	 毒を以て	28
03	1	1270	 ブレイク	1
03	1	1270	 とんずら	19
03	1	1270	 ファイアボール	137
03	1	1271	 クイックのカード	3
03	1	1271	 鳴り止まぬ雨音	25
03	1	1271	 ふれあ☆	17
03	1	1273	 日替わりメニュー	60
03	1	1274	 唸れ！コンクリ付き標識支柱！	136
03	1	1274	 最強ストレングス	26
03	1	1275	 恵みの雨	253
03	1	1276	 おまけヒール	5
03	1	1276	 風の加護	19
03	1	1276	 氷狼咬牙	32
03	1	1277	 獅子心王の加護	5
03	1	1277	 角砂糖のひみつ	5
03	1	1277	 地すべり	140
03	1	1280	 月島キャロル（オフ）	5
03	1	1280	 ヘイ！スト	19
03	1	1280	 スタンボム	21
03	1	1281	 黒い名刺	2
03	1	1281	 Eraser!	136
03	1	1281	 コロージョン	148
03	1	1282	 冷たい靴音	4
03	1	1282	 祝福	60
03	1	1282	 強撃	136
03	1	1284	 砕	1
03	1	1285	 アストライア	5
03	1	1285	 【ウワサの幽霊】ヤツメさま	101
03	1	1285	 景符「いつか見た陽」	206
03	1	1286	 たゆたうカード	18
03	1	1289	 活性化	5
03	1	1289	 シルフィボイス	252
03	1	1289	 モルタル流し込み	140
03	1	1290	 焦げたトースト	5
03	1	1290	 風詠みの調べ	77
03	1	1290	 影撃ち・弐	22
03	1	1291	 安息のひととき	5
03	1	1292	 H1	5
03	1	1292	 幻術：致命傷ではなかった	28
03	1	1292	 応急手術	5
03	1	1294	 うぱのいるとこ	5
03	1	1294	 Funeral director	126
03	1	1294	 ところ（もみあげ）	2
03	1	1295	 チーズの匂いのするカード	1
03	1	1295	 ☆2［でふぉるめ］淳太	16
03	1	1295	 一陣の風	193
03	1	1296	 クリスタルガード	5
03	1	1297	 新しい顔よ！	28
03	1	1297	 骨の章	23
03	1	1300	 練習用ヒール	5
03	1	1300	 百香Lv.2	28
03	1	1300	 ほころび	133
03	1	1301	 ハイパーウルトラつよつよパンチ	1
03	1	1301	 きば	136
03	1	1301	 せわしない風見鶏時計	139
03	1	1302	 ジョケールオーバーチュア	5
03	1	1302	 陶器のカード：クラック	140
03	1	1302	 『非情』/0収束・生命	148
03	1	1303	 リノの声援	216
03	1	1304	 回復行動	5
03	1	1304	 ヒール	5
03	1	1304	 幻術：さっきまで元気だった	253
03	1	1305	 プルサティラ	149
03	1	1305	 楽寿司	16
03	1	1307	 破砕	1
03	1	1307	 無垢の白薔薇	5
03	1	1307	 まきびし	150
03	1	1308	 発砲	1
03	1	1308	 涼風	59
03	1	1308	 トレードイン	16
03	1	1309	 古びたCD	77
03	1	1309	 反転/覆水は盆に返る	18
03	1	1311	 長山式狙撃銃	136
03	1	1311	 被葬の呼び声	156
03	1	1312	 初めてハザマに来たときの気持ち	1
03	1	1312	 一の風	139
03	1	1312	 群がる蜘蛛の子	235
03	1	1313	 黒炎	1
03	1	1313	 くろがねのやいば	136
03	1	1316	 オーク名刺クイックアタック	3
03	1	1316	 拾ったカード	77
03	1	1316	 ヒール	5
03	1	1318	 ヒール	5
03	1	1318	 存在証明	136
03	1	1318	 枯れ落ちた八月	28
03	1	1319	 ひとつつき	1
03	1	1319	 ショック療法	143
03	1	1319	 ドリームインドリーム	28
03	1	1321	 1おくまんえん	1
03	1	1321	 怨霊の手	142
03	1	1321	 美しい僕のブロマイド	253
03	1	1322	 ドリームインドリーム	5
03	1	1323	 幸福のパンケーキ	5
03	1	1323	 ファッションファッション入部届	220
03	1	1323	 黒い名刺	2
03	1	1324	 Now Printing...	3
03	1	1324	 影撃ち	2
03	1	1324	 金属質のカード	24
03	1	1325	 初めての変身	1
03	1	1325	 こいし	2
03	1	1325	 紫刺肢	136
03	1	1326	 ミステイク	3
03	1	1326	 ドラック＆トローチ	5
03	1	1326	 うさぎのダンス	25
03	1	1327	 翠雨	5
03	1	1328	 警報:ガラス片	76
03	1	1328	 弱点看破	150
03	1	1329	 ブロッサムヒール	5
03	1	1329	 【奏上】ブッドレアの詩	147
03	1	1329	 散弾スリングショット	140
03	1	1330	 『おかえりなさいませ、旦那様』	5
03	1	1330	 ばらのあさもや	5
03	1	1330	 ストレングシャウト	16
03	1	1331	 コーヒーメイカー	118
03	1	1332	 被虐嗜好	79
03	1	1332	 コロージョン	148
03	1	1333	 きまぐれテールウィンド	28
03	1	1335	 塗り薬	5
03	1	1335	 光遁の術符	21
03	1	1335	 獅子心王の護衛	163
03	1	1337	 不運【崩落】	136
03	1	1338	 甘噛み	5
03	1	1338	 猛犬の牙	25
03	1	1338	 『塔の人魚』	189
03	1	1339	 ？？？	1
03	1	1339	 フレイムロード	53
03	1	1339	 七十六式小銃	16
03	1	1340	 ヒール	5
03	1	1340	 ばんそうこう	5
03	1	1340	 一撃の代償	44
03	1	1343	 示すは時の流れ	2
03	1	1344	 クイック	3
03	1	1346	 <【火宿】炎蔦の白蟒蛇>	2
03	1	1346	 双頭の鷲	235
03	1	1346	 （ここに素敵なカード名が入る）	24
03	1	1347	 Jester	5
03	1	1347	 ワンダーラッシュ	136
03	1	1347	 ヤサシイキモチ	28
03	1	1349	 着火	1
03	1	1349	 ボンブリラリア　ルビカ	170
03	1	1349	 炎の記憶	137
03	1	1350	 手払	1
03	1	1350	 世界樹の枝	26
03	1	1350	 三ツ目ル日々	79
03	1	1353	 タイキック	1
03	1	1353	 急所突き	2
03	1	1353	 血を毒とする	142
03	1	1355	 アフロブレイク	1
03	1	1355	 鋭い連撃	164
03	1	1355	 サモン：ゴーレム	204
03	1	1357	 よくわからないもの	5
03	1	1357	 狐天穴	2
03	1	1357	 まちをまもるよ	16
03	1	1358	 急所狙い	2
03	1	1358	 宝石の祝福	136
03	1	1358	 夢の世界	149
03	1	1359	 慈悲深き魔弾の十字架	2
03	1	1359	 呪符:誰かの怖いもの	24
03	1	1359	 不意打ち	24
03	1	1360	 ねこぱんち	1
03	1	1360	 演奏：交響曲"舞踏の聖化"	147
03	1	1360	 小さな悪意	221
03	1	1363	 涼鈴	136
03	1	1363	 ノイズの欠片	17
03	1	1364	 ☆ミ	102
03	1	1365	 キッチンミトン	29
03	1	1368	 貝米継高校学食食券	5
03	1	1368	 『お狐さま』	40
03	1	1369	 ピンピンポイポイ	2
03	1	1369	 エキサイト	16
03	1	1369	 かぜのおと	19
03	1	1371	 たこ焼きを焼くオバチャン	5
03	1	1371	 ストーンブラスト	20
03	1	1372	 無傷と等号	5
03	1	1372	 クリエイト：ポイズンスピア	84
03	1	1372	 *	113
03	1	1373	 黒い名刺	2
03	1	1373	 ポラロイドカメラ	99
03	1	1374	 ワンポイント	2
03	1	1374	 反転/覆水は盆に返る	18
03	1	1374	 多重風撃	153
03	1	1375	 ぽんた	5
03	1	1378	 刀速直閃運動	3
03	1	1378	 正義のとまり木『コマキ』	146
03	1	1378	 慈悲深き魔弾の十字架	252
03	1	1379	 《這い寄る影》	1
03	1	1379	 トレイター	163
03	1	1379	 《虚言》あなたの後ろに	150
03	1	1380	 乱撃	4
03	1	1380	 治癒領域	253
03	1	1380	 ピンポイントザピンポイント	2
03	1	1381	 タックル	1
03	1	1381	 酸いも甘いも噛み分け	18
03	1	1382	 麗人の微笑み	5
03	1	1382	 うぇーーーーい↑↑	2
03	1	1382	 ボックおじさんの聖なる手榴弾	137
03	1	1383	 シェアハピ	5
03	1	1383	 オート癒やし	59
03	1	1383	 戒めの楔	136
03	1	1384	 はじめまして！	1
03	1	1384	 クイックアナライズ	150
03	1	1384	 四方山話	2
03	1	1385	 救急キット	5
03	1	1385	 目からビーム！	107
03	1	1385	 簡易魔法札【F】	57
03	1	1388	 ブラスト・初級	4
03	1	1388	 I'm fast.	196
03	1	1388	 風刃	139
03	1	1389	 るびー	24
03	1	1389	 生の活力	146
03	1	1390	 ２連撃！！！！	3
03	1	1390	 重撃	1
03	1	1390	 戦いの歌	147
03	1	1391	 珍獣ミゼラブル☆おうた	147
03	1	1394	 PH-03A ヒーリングユニット	5
03	1	1394	 萌える草月	5
03	1	1394	 千切れたリボン	29
03	1	1400	 サモンムリアン	1
03	1	1400	 すぺしゃるなかーど	16
03	1	1400	 吸光の路	110
03	1	1403	 春告げ	5
03	1	1403	 三ツ目ル光	146
03	1	1403	 砕破	1
03	1	1406	 烈風	4
03	1	1406	 渾身の一閃	136
03	1	1406	 くすんだカード	5
03	1	1409	 じみどり	5
03	1	1411	 《小人のご褒美》	5
03	1	1415	 生の悦び	146
03	1	1416	 ぶんまわし	4
03	1	1416	 血塗れの爪	160
03	1	1416	 天然薬用ばらの湯の華	28
03	1	1417	 応急手術	5
03	1	1417	 バウンティハンター	39
03	1	1417	 足元に絡まる	23
03	1	1418	 Accelerator	3
03	1	1418	 クリエイト：キャット	24
03	1	1418	 ストーンブラスト	20
03	1	1419	 ”ちなみ”	136
03	1	1419	 炎ノ酒宴	31
03	1	1420	 『剛毅』	146
03	1	1420	 十歩一針	19
03	1	1422	 『修道女』	135
03	1	1423	 天満月	5
03	1	1423	 ストロボ	71
03	1	1423	 不可視の罠	228
03	1	1425	 コール・ドリルアンカー	140
03	1	1427	 切り抜き記事	16
03	1	1427	 ぼくらいっしょ【喚】	235
03	1	1429	 リフロート	5
03	1	1431	 コール・メディカルエラー	5
03	1	1431	 リダチャうさぎ	18
03	1	1431	 凍える宙	68
03	1	1433	 『怪異備品録』＜鼬の薬壺＞	28
03	1	1439	 今助けるからね！	5
03	1	1439	 アルカナ：刑死者	228
03	1	1439	 白亜ノ龍爪	125
03	1	1442	 純潔	139
03	1	1443	 髪の毛おいしい	5
03	1	1443	 緊急補修	5
03	1	1445	 ねこぱんち	3
03	1	1445	 強制開花	42
03	1	1445	 Cups I	32
03	1	1447	 弱点攻撃	2
03	1	1447	 闇の壱番	142
03	1	1447	 クリエイト：テックゴーレム	204
03	1	1453	 Z.O.N.E.	2
03	1	1453	 ブランク	184
03	1	1453	 プレゼントのヘアゴム	187
03	1	1454	 百香	5
03	1	1454	 花散里	18
03	1	1454	 全裸中年男性大行進	205
03	1	1455	 かいしんのいちげき	2
03	1	1457	 ヒール	5
03	1	1457	 メロンソーダ	28
03	1	1457	 まじかる鈍器	136
03	1	1459	 Serendipity	3
03	1	1459	 鉱石の欠片	20
03	1	1459	 焼き鳥丼	26
03	1	1461	 白のアルカナ	5
03	1	1462	 剛腕のサン	1
03	1	1462	 執念	152
03	1	1463	 癒やしの光	5
03	1	1463	 護りを削り取る者、強欲	142
03	1	1464	 友達	5
03	1	1464	 穿つ石刃	136
03	1	1466	 ディスカード・エース	1
03	1	1467	 これいる？	1
03	1	1467	 石に花咲く	20
03	1	1467	 黒き魔女	137
03	1	1468	 ＼草燃える／	4
03	1	1468	 上から来るぞ	24
03	1	1468	 『Z.O.N.E.』	19
03	1	1469	 滑々鶴々	5
03	1	1469	 スキルカード：エアスラスト	139
03	1	1469	 ひき逃げ	107
03	1	1470	 心無い一言	1
03	1	1470	 heal	5
03	1	1470	 メルティ	126
03	1	1471	 [回復]発芽	5
03	1	1473	 リンカイザーアーム	1
03	1	1473	 鬼火花【ウィルオウィスプ】	71
03	1	1473	 ちいさな小瓶	28
03	1	1474	 【神饌】ミモザの恋	5
03	1	1474	 ほほえみ	5
03	1	1476	 ビートアップ	3
03	1	1476	 ブラックホプロン	40
03	1	1476	 ドラム缶の中身・第2ロット	235
03	1	1477	 幸せのかおり	5
03	1	1477	 秘薬：ガマの油	18
03	1	1479	 ますみブロマイド	22
03	1	1479	 輝く雫のカード	60
03	1	1481	 回復の火	5
03	1	1481	 ヒールポーション	28
03	1	1481	 秘符【悪魔】	45
03	1	1482	 スーパーサーモン	1
03	1	1482	 明滅する頭脳	142
03	1	1482	 破砕	1
03	1	1487	 ヒール	5
03	1	1487	 めらめら	137
03	1	1487	 ヒーローのテーマ	50
03	1	1489	 【ハレ高制服】ファビリア（N）	1
03	1	1489	 ヒールのカード	5
03	1	1489	 ブランク	184
03	1	1490	 ヴィジョン	2
03	1	1490	 いぬイレイザー	136
03	1	1490	 マリオネット	142
03	1	1491	 花火セット	174
03	1	1491	 摩訶不思議謎生命体達	95
03	1	1492	 ばくだん！	171
03	1	1492	 ポーションピッチャー	28
03	1	1493	 チョコレート	4
03	1	1493	 紫煙をくゆらせ	217
03	1	1493	 生存本能	146
03	1	1495	 正義の青い鳥『サイン』	2
03	1	1495	 実体創造＞頭上注意金盥	24
03	1	1495	 輝きの太陽けだま	21
03	1	1496	 『IF』	1
03	1	1497	 荊街八景	2
03	1	1497	 ゴリラ	1
03	1	1499	 レヴィアンボイス	4
03	1	1499	 ファビリアのイレイザー	136
03	1	1500	 残骸	1
03	1	1500	 ヒルポションＤ	28
03	1	1500	 炎の残滓	53
03	1	1501	 brast	4
03	1	1501	 お掃除の時間です！	136
03	1	1501	 試験データ03	54
03	1	1502	 ナイフ投擲	2
03	1	1504	 薬草	5
03	1	1504	 みなしずく	18
03	1	1504	 深谷	28
03	1	1505	 燃える紅血	1
03	1	1505	 インペイル	76
03	1	1505	 フレイムブラスター	57
03	1	1506	 常盤 郁子/ジェミナイ・シーカー	3
03	1	1506	 雷獣インストール	95
03	1	1506	 フラグメントスナイプ	136
03	1	1507	 ホソイイト	2
03	1	1507	 ふくびき券	1
03	1	1507	 殻砕拳闘	34
03	1	1508	 圧迫する狂気	16
03	1	1508	 ステラ・スティーリア	1
03	1	1509	 アナライズ.OK	2
03	1	1509	 薬草	5
03	1	1509	 赤Ｘ	137
03	1	1510	 100万回生きたねこ	3
03	1	1511	 破砕	1
03	1	1511	 守護者	60
03	1	1511	 死毒	100
03	1	1512	 痛撃	2
03	1	1512	 連弾	160
03	1	1512	 すごい…おこですけど！	107
03	1	1513	 ABC	1
03	1	1513	 『ともだち』	108
03	1	1513	 ダメになるお薬	82
03	1	1514	 止血	5
03	1	1514	 そよ風の唄	77
03	1	1515	 鞘追	3
03	1	1515	 【SR】いいこにしてた？	28
03	1	1515	 死善問答	143
03	1	1516	 双刀エキサイエキサイ	136
03	1	1517	 マラカスけだまのヒーリングダンス	5
03	1	1517	 10分後に再起動	68
03	1	1518	 ヒールスレッド	5
03	1	1518	 甘雨	18
03	1	1518	 貸しタライ	24
03	1	1519	 練	3
03	1	1519	 千変万化の影	143
03	1	1519	 イレイザー	136
03	1	1520	 ヒフナオール	5
03	1	1520	 イヌガミ	100
03	1	1520	 とある3月・・・	28
03	1	1521	 陰惨な抱擁	5
03	1	1521	 インビジブルスネア	228
03	1	1521	 かなしいおもいで	5
03	1	1522	 曼珠沙華	137
03	1	1522	 刈り取る命	142
03	1	1523	 面影	133
03	1	1523	 紙飛行機：ツバメ号	80
03	1	1524	 カカオ色の一時	5
03	1	1524	 神の涙	28
03	1	1526	 始まりの咆哮	4
03	1	1526	 暗黒破防法	142
03	1	1527	 紅月の六花珈琲	5
03	1	1527	 癒	5
03	1	1527	 たくさん食べてね	28
03	1	1528	 nowbody	1
03	1	1528	 abyss	35
03	1	1528	 なかよくしてね	235
03	1	1529	 影踏み	1
03	1	1529	 ばんそうこう	18
03	1	1531	 ファウスト	2
03	1	1531	 みちくさ	77
03	1	1531	 ツバメ印	126
03	1	1532	 破壊！	1
03	1	1532	 蚕福印の桑葉薬	28
03	1	1532	 ファイアアロー	17
03	1	1533	 巨乳への憎悪	2
03	1	1533	 気持ちのこもったおまじない	18
03	1	1533	 ホットココア	59
03	1	1534	 響音	4
03	1	1534	 築城（焔）	137
03	1	1534	 暗闇のカード	22
03	1	1536	 妖精の炎	48
03	1	1536	 幻光の花 -発幻-	97
03	1	1537	 『愚者』	2
03	1	1537	 移ろい眩まし	21
03	1	1537	 はい脂肪	28
03	1	1538	 スペアハンド	3
03	1	1538	 麗人の微笑み	5
03	1	1538	 潜在具現化鑑識	28
03	1	1539	 緋色の爪	167
03	1	1539	 悪魔の契約	28
03	1	1541	 メロディ・アップルガース（水着）	4
03	1	1541	 斥力陽砲	136
03	1	1541	 夜を裂く花片	2
03	1	1543	 竜尾撃	4
03	1	1543	 何も考えず殴る	1
03	1	1543	 ★2　米天使ダニエル	29
03	1	1545	 ケア	5
03	1	1545	 シャドウエッジ	156
03	1	1546	 きやすめリニメント	5
03	1	1546	 清めの水	184
03	1	1546	 高速解析	150
03	1	1547	 冬コーデ	2
03	1	1547	 ショップカード	25
03	1	1547	 安息のひととき	28
03	1	1548	 お札	5
03	1	1548	 エナジードリンク	42
03	1	1549	 不死の断片II	61
03	1	1550	 寿司	5
03	1	1551	 シメジ謹製治療胞子	5
03	1	1551	 X赤	137
03	1	1551	 くりえいとたらい！	24
03	1	1552	 《錯覚》Knock!Knock!	3
03	1	1552	 魔女っ子の基本概念	1
03	1	1554	 休暇届	5
03	1	1555	 真っ黒な紙切れ	1
03	1	1556	 リビングデッド	5
03	1	1556	 ポップ・ポップ・スイート	147
03	1	1556	 ブラックアサルト（仮）	107
03	1	1557	 繝斐Φ繝昴う繝ｳ繝	2
03	1	1557	 『無題』	71
03	1	1557	 狙いすました一撃	2
03	1	1558	 癒しの符	5
03	1	1558	 啄み	129
03	1	1558	 ストレングス	26
03	1	1559	 包帯ぐるぐる	5
03	1	1559	 押し付けられし祝福	147
03	1	1560	 癒しの鈴	5
03	1	1560	 燃焼	17
03	1	1563	 ｿﾆｯｸﾌﾞｰﾑ!	4
03	1	1563	 簡素な癒やし効果のある御守	5
03	1	1563	 女王の怒り	136
03	1	1564	 枯れ落ちた八月	5
03	1	1565	 よくわからないなにか	5
03	1	1565	 賞味期限切れの冷凍イカだ！	236
03	1	1566	 Specimen	2
03	1	1566	 ウィルスによる発酵大豆	133
03	1	1566	 あしたをつかめ！エリカビーム！	136
03	1	1567	 たまたま持ってた傷薬	5
03	1	1567	 ミツバチを呼ぶ声	84
03	1	1567	 桜の季節	97
03	1	1568	 ヒールジェム	5
03	1	1568	 押収異能ドラッグ	146
03	1	1568	 痛いよー	1
03	1	1569	 白羊のメー	5
03	1	1569	 『アウトバーン』	93
03	1	1569	 ネクタール	134
03	1	1570	 癒やしの雫	5
03	1	1570	 鳥転ばし	143
03	1	1571	 狙符	2
03	1	1572	 ヒール	5
03	1	1572	 ブラックアサルト	107
03	1	1573	 一のお札：トイレの花子さん	18
03	1	1574	 鳴江怪物絵札-海沸絵魔樹	2
03	1	1574	 喝ビンタ	152
03	1	1574	 異邦の少女 "七詩乃 冥歌"	136
03	1	1575	 ミラージュレイ	4
03	1	1575	 フローラルキュア	179
03	1	1575	 サバイバーの嗜み	23
03	1	1576	 ア゛ア゛ア゛ア゛ァァ…………	3
03	1	1576	 かぜのおと	75
03	1	1576	 水を吐くフグ	105
03	1	1579	 高速詠唱	3
03	1	1579	 водка	18
03	1	1579	 クリムゾンウェブ	31
03	1	1580	 石投げ	1
03	1	1580	 最適化パッチ	146
03	1	1580	 赤塚	40
03	1	1581	 Card:heal	5
03	1	1581	 英雄の鼓動	146
03	1	1581	 春コーデ Ⅱ	38
03	1	1582	 NOISY-BUGY	1
03	1	1582	 抹消の一突き	136
03	1	1583	 輝く１	28
03	1	1583	 テッポウウオ	186
03	1	1584	 緊急用ヒールカード	5
03	1	1584	 コロージョン	148
03	1	1584	 暴食のアイドル	29
03	1	1586	 猪突猛進	1
03	1	1586	 脆討	136
03	1	1586	 書類の落書き･ヨロク2	221
03	1	1587	 黒肉球のしおり「拾」	142
03	1	1587	 闇に潜むもの	239
03	1	1588	 メルティ・ウェブ	5
03	1	1588	 イレイザー	136
03	1	1589	 モッシュ＆ダイブ	1
03	1	1589	 黒曜乱刃	154
03	1	1590	 天使の弾丸	2
03	1	1590	 氷の飛礫	136
03	1	1591	 ヒールスタック	5
03	1	1591	 『呪術師』	135
03	1	1591	 カンバン落下	24
03	1	1592	 炸裂する光	1
03	1	1592	 青い炎	18
03	1	1593	 おいしいお水	5
03	1	1593	 メロディ・アップルガース（水着）	4
03	1	1593	 回復薬	5
03	1	1594	 無理矢理伸ばされる手	5
03	1	1594	 芋を焼きたかっただけなんだ――	17
03	1	1595	 石砕き	1
03	1	1595	 魁の騎士	25
03	1	1595	 打つべし	1
03	1	1597	 ナックル	2
03	1	1597	 守りの鏡	39
03	1	1599	 弔いの浄火	5
03	1	1600	 幽光	5
03	1	1600	 闇に潜むもの	239
03	1	1600	 купание	185
03	1	1601	 慈悲深き銀弾の十字架	252
03	1	1601	 守護結界の札	29
03	1	1604	 スクープ	3
03	1	1605	 テスト	5
03	1	1605	 コーギー型パン焼き機	1
03	1	1605	 精密射撃	2
03	1	1606	 水の癒し	18
03	1	1606	 呪ヶ崎メンソレータム(仮称)	28
03	1	1607	 致命の刃	2
03	1	1607	 妖精の炎	48
03	1	1609	 魚のエサ	5
03	1	1610	 御用改メ	3
03	1	1610	 イレイザー	136
03	1	1611	 キャノン・ショット	2
03	1	1611	 エナジードレイン	142
03	1	1611	 不運【崩落】	136
03	1	1612	 白矢	1
03	1	1612	 愛のセレナーデ	27
03	1	1612	 風符「戯静の風塵」	139
03	1	1613	 簡易ヒール	5
03	1	1613	 蜘蛛の糸	143
03	1	1615	 竜の祝福	5
03	1	1615	 イレイザー	136
03	1	1615	 少年の温情	28
03	1	1616	 カード作成練習	4
03	1	1616	 落下する球体	24
03	1	1616	 うるとら☆パンチ	24
03	1	1617	 喰人暗迅	4
03	1	1617	 とある3月・・・	28
03	1	1617	 気まぐれな突風	78
03	1	1619	 ポーション	5
03	1	1619	 おいしめのパスタ	1
03	1	1619	 星降る夜空	24
03	1	1620	 ダブル・ヒール	5
03	1	1623	 キュア・ライト・ウーンズ	5
03	1	1624	 守りの盾	159
03	1	1624	 穏やかな時間	79
03	1	1625	 ブラスト	4
03	1	1625	 囚われの身	143
03	1	1626	 Operator	5
03	1	1626	 俺チャンの爆笑ゲーム実況！	131
03	1	1627	 ポメアタック！	1
03	1	1627	 ドリームインドリーム	5
03	1	1627	 砕	136
03	1	1628	 正義の癒し手	5
03	1	1630	 企業銘菓：羊羹	5
03	1	1630	 【新しい友達】	29
03	1	1633	 とろこ(炎上)	137
03	1	1634	 口臭予防のシュッシュ	214
03	1	1636	 自棄食い	5
03	1	1638	 教会の名刺	5
03	1	1639	 死に至る異能	61
03	1	1641	 ウミネコ&キャロル（猫ポーズ）	25
03	1	1641	 旺臥流剣術　時雨の構え	26
03	1	1643	 ダブル・ミーシャヒール	28
03	1	1643	 うぱのいるとこ	5
03	1	1644	 ★1　タイムストリッパー	23
03	1	1644	 どんどんいくよ！	19
03	1	1645	 紫電の迸り	146
03	1	1645	 時空の槍	153
03	1	1648	 花茶	18
03	1	1649	 燃えさかる大地	17
03	1	1654	 D03_h_potion	28
03	1	1655	 ばくれつパンチ	1
03	1	1655	 白羊のウリ坊	187
03	1	1656	 ナレハテのカード	235
03	1	1659	 猫の手	38
03	1	1660	 リミットブレイク:I	146
03	1	1660	 飲水	18
03	1	1661	 埴輪（シルフ）	194
03	1	1661	 焚書の炎	50
03	1	1663	 Who am I...?	147
03	1	1663	 ミツマタ	146
03	1	1664	 スカイディバイド	153
03	1	1665	 ストーンブラスト	20
03	1	1665	 でろでろ	247
03	1	1666	 シルフィボイス	252
03	1	1669	 ブレーンバスター	136
03	1	1675	 応急手当	28
03	1	1676	 焼き畑	147
03	1	1679	 <【木宿】流蛇の木岐腕>	142
