result_no	generate_no	e_no	name	player	
05	0	1	椰子丸兄妹	はりあ
05	0	2	街風 瑠奈	くりぐ
05	0	3	宮田一穂とK.M.	切り株
05	0	4	リリア	@Mr25sec
05	0	5	高円寺と水天宮	。
05	0	6	辰起・ウェディカ	まれみ。
05	0	7	七坂と魚紙	elec.
05	0	8	涼風 六華	千夜
05	0	9	白大甕　環	シロタマ
05	0	10	御鐘　十	みる
05	0	11	丹藤　紫咲	CaibeR
05	0	12	双海七夏	かのしき
05	0	13	鯨洲ゆう	水城待紘
05	0	14	十日夜レキ	ベルト
05	0	15	来訪者たち	はいご
05	0	16	妖怪人・狐嵐華丸	アルテミス.W.F
05	0	17	千歳 佐久間	salaspitg
05	0	18	海老原　有一	ウミザリガニの背中
05	0	19	円尾 清蓮	popyado
05	0	20	白神 イタズ	soku
05	0	21	『○○の箱庭』	御影イズミ
05	0	22	わかくさ　ゆめ	jos
05	0	23	アズライト	なこ屋ピオーネ
05	0	24	センチネル・バケツヘルム	匡祐。
05	0	25	侵食するもの	大葉
05	0	26	ラプリナ	蒼
05	0	27	成鐘富夫	huwantei
05	0	28	霧島龍矢	くずもち。
05	0	29	柊 花凜	濃厚戦艦
05	0	30	四月一日 輪	いも
05	0	32	時雨	シグレ
05	0	33	羊野ねむり	名無し
05	0	34	熊田ぺちか	熊飼 ʕ·ᴥ· ʔ
05	0	35	崎 一深	ガストアルバイター’s
05	0	36	泥被る造花	花葉
05	0	37	椥辻 弥琴	Cthlo
05	0	38	レイカ・フェアチャイルド	駄無PL
05	0	39	花嫁 潤	なおすけ
05	0	40	狐草藤花＆千雪	こぐさ
05	0	41	黒鳥乃黒烏	鳴蚊嶋五連
05	0	42	神実はふり	タカミ
05	0	43	澄葉 乃井香	ペルズミ
05	0	44	南天	コギト
05	0	45	二影 真澄	糖尿
05	0	46	一栄斗	空気頭の蛞蝓
05	0	47	蒜手　加奈子	ぼーろ
05	0	48	百戒と蛇王	パンジャンドラム
05	0	49	うぱさん	速水
05	0	50	風視 楓／洲寺 真希	紅月ペンギン
05	0	51	Dr.アクドイナー	Rakkyo527
05	0	52	灰鳥の女王	rins
05	0	53	越掛千世	白妙雪花
05	0	54	鐡 愛依	くじらローラン
05	0	55	天遣 柚依	もちづきひより
05	0	56	矢崎　流子	夏風特攻隊長
05	0	57	真月宮レビン	zis-ed41
05	0	58	高国藤久	海産物
05	0	59	五里霧　彼方	やしん
05	0	60	日帰り旅行	@_99cafe_1
05	0	61	白崎 竜次楼	虹羽ペンギン
05	0	62	クリス・ヴェスパー	九十九
05	0	63	ポチとリオット・ヘーゼル	こっとん
05	0	64	ノア	キアラン
05	0	65	マリーベル	ま。
05	0	66	雪野ヒクイナ	鏡水リト
05	0	67	夜廻	anonymou
05	0	69	江花玖累	synctank
05	0	70	匂宮 金鵄	うごくどうぞう
05	0	71	銅見矢凜々子	そらぞの。
05	0	72	Will Vesper	fujimura
05	0	73	シェリル・ウィステリア	ちるきゅー
05	0	74	ション	ション
05	0	75	彩 シキ	しんくじょ
05	0	76	狛狗キバ	栂
05	0	77	偽黒初	sironagasu_koen
05	0	78	秋風 紅＆秋風 葉	Huālián
05	0	79	八社宮 美蕗	夜海
05	0	81	葵とサフィー	雨水
05	0	82	エルヴィーネ	じゃがりこ狂
05	0	83	宝堂 煉音	馬子
05	0	84	黒羽 怜慈	森
05	0	85	犬噛白百合	笛氷
05	0	86	劉星蘭	AKO
05	0	87	エドワード	とけちゃん
05	0	88	里崎園華	草刃LB
05	0	89	片空 小晴	はね
05	0	90	獅童美和	ruca
05	0	91	國岡カナデ	カニ大福
05	0	92	"紗織"	てまりあ / とみるい
05	0	93	お絵描きキッズ	タマ
05	0	94	真柄 信	信楽
05	0	95	龍崎暁人	虚空を這いずる狂信者
05	0	96	凪澤佐鳥/カラスバ	なかの
05	0	97	夜霧 百合奈	朝霧 志乃
05	0	98	アレク・リーズ＆フレア・ウィル	境符の人
05	0	99	右鞠/ウォン	こじゅkuma
05	0	100	スナッケンシュタインの怪物	てばさき
05	0	101	常盤郁子&常盤朱火	つくもしき
05	0	102	安里杏莉	無垢【@832mk】
05	0	103	百葉箱のしぃらさん	宮沢
05	0	104	飼い鳥	ビードロ
05	0	105	久津見　天音	ちき
05	0	106	一之瀬　百	Kuo
05	0	107	フェンメリル/ベルメリッタ/柊稔	エクス
05	0	108	立花エミネ	isago
05	0	109	ノラネコ／マヨイ	空雛
05	0	110	魔王	れーや@reiya08
05	0	111	紅桃林　虹水	つっきーくん
05	0	113	クロウ＆ニール＆ノア＆ネイ	なかにし二朗
05	0	115	Bicorn Quartet	施音
05	0	116	柊　葉名	餅だろ過
05	0	117	晴寺 悠吏	藪シロミィ
05	0	118	奈良山祐月	かむいかやな
05	0	119	蝦夷森 空菊	ねこ
05	0	120	ひもの屋バルザン	maroten
05	0	121	脈打つチョコレート	七日空
05	0	122	早里 夜毎	すずらん
05	0	123	皇木 仙斗	怪人睡眠男
05	0	125	鳳翔華/鳳舞華	やすかけ
05	0	126	アーテル・アルデバラン	プラリネ
05	0	127	熊耳　柊	****
05	0	128	吊るされた男	.
05	0	129	雨洞 兆	八式
05	0	130	齎藤 颯	綾歌 銀鈴
05	0	131	デリハ・ミーティア	Knowka
05	0	132	天照フィーコ	古賀原
05	0	133	戸張	ひきにく
05	0	134	鷺内雫	そめいろ
05	0	135	ソーフィー・スパイノース	雪華
05	0	136	二瀬　奏人	ティール
05	0	137	アンドロメダ	ピンクだま
05	0	138	クルマシティ職員・越高昴	禁書
05	0	139	縹	史郎
05	0	140	ひだまり遊歩道	KuuleroV
05	0	141	氷無 冷子と謎の紳士	柊 風月
05	0	142	井戸葉 めぐる	あーえー/ｋ
05	0	143	アマドリ・スフィア	ぬ枕 ブルーマン
05	0	144	瑠璃井 霞	ヘンナムシ
05	0	145	カナとマナ	ひととせ
05	0	146	不死沢 勇吾	つゔ
05	0	147	作楽 誘乃	EnD
05	0	148	胡桃沢 命	白遊
05	0	150	加唐揚羽	みみぴい
05	0	151	ガズエット	緘
05	0	152	司馬アリス	とら八ツ橋
05	0	153	六花 佳仁	枳橘
05	0	154	秤待九々之助	犬科
05	0	155	常代眞梨奈	ちゃい
05	0	156	武岩　至牙	enabakis
05	0	157	仁井 蛍	Mujo
05	0	158	不浄の滝	フユキ
05	0	159	春原 真理	min
05	0	160	エルミリア・R・フローラ	深水
05	0	161	小佐間　御津舟	きぬくろ
05	0	162	桜と向日葵と	ばっくどあ←
05	0	163	シェンラン・ヤン	gig
05	0	164	Shannon	天薄
05	0	165	喰らい尽くす炎	カミヤキサラ
05	0	166	威凪　薫	029
05	0	167	貴士 真矢	nino
05	0	168	九重隆二	九龍
05	0	169	黒須 繰栖	ベスパ
05	0	170	飾万鉤	渡部アクサ
05	0	171	白羽 司	しゃまいむ
05	0	172	ウル・ペクラ	物沌
05	0	173	安藤規雄	おジル
05	0	174	狩凪 避人	ぼんさん
05	0	175	レウコ・クロリ・ディウム	ハゼラン
05	0	176	花菱 かすみ	紗千
05	0	177	浅木家	ばらもん
05	0	178	禍薙切イナバ	製作委員会
05	0	179	アップルトン兄妹	小夜子
05	0	180	稚環 輪	わんころ
05	0	181	峨々峰 交喙	虚クマー
05	0	182	仮面ランサー スーフェル	宮樹海斗
05	0	183	用瀬 樒	ごるびー
05	0	184	グラウティア＝フィーニクス	うみそら
05	0	185	珠沙・リシッツァ	わっとまん
05	0	186	ヨキ	東風
05	0	187	立子山　藍	白
05	0	188	高宮清春	みず
05	0	189	水野 杏梨	あにー
05	0	190	小柳津 修志	むら
05	0	191	天使と監視対象	なかえむ
05	0	193	結宮　拘	じんしん
05	0	194	白妙 凛音／源 楔奈	青色
05	0	195	水原 ティーナ	さんそ
05	0	196	パスタの妖精	パスタさん
05	0	197	朝雲　碧	白銀
05	0	198	山田クレイモア	鮎坂
05	0	199	綿貫 黒衣	あれんだ
05	0	200	片空 雷火	ぷにる
05	0	201	青原 詩杏	一茶
05	0	202	黒須 御日	めいりや
05	0	203	熊谷紫明	646
05	0	204	ウィタ・サジナチ	2.
05	0	205	妙名 蜜	てんし
05	0	206	雨照満/雨照咲	亞襲
05	0	207	天遣藍乃	ゆにてろ
05	0	208	深海の旋律	ちゃば
05	0	209	麻屋暁	クロリ
05	0	210	夜霧 雫玖	らっ
05	0	211	ミカゼとアガタ	夜桜
05	0	213	井桁 六丸	シロップ
05	0	214	物見 めめ　（眼神バロール）	尾崎
05	0	215	三久間朱里	どめ
05	0	216	芥川 響	すりっぱ
05	0	217	楽土　樹	おことわり
05	0	218	大貝未来 Feat.きらりこ	葛城修
05	0	219	ステバ	ラ
05	0	221	甲斐中 隆玄	黒河
05	0	222	千崎トキ	赤宮リンド
05	0	223	初早森　兎乃	holo
05	0	224	藤実 鳴	のいぬ
05	0	226	隠須 志毅	みけきつね
05	0	227	Grevit A=R	とめ
05	0	228	《屍の魔女》	りら
05	0	229	群条エナ	流れる
05	0	231	大神アイザ	イザヨイ
05	0	232	黒月 春	昊
05	0	233	阿闍砂 陽炎	倉守お兄さん
05	0	234	薊	望
05	0	235	八麻 不治晴	れのこ
05	0	236	美雷　りこ	シズク
05	0	238	子湖森 望夢	杜
05	0	239	デストミー様	さくらめんつ
05	0	240	逢星 千歳	.rust
05	0	242	むとら	河廣円
05	0	244	鈴のなる夢	紙箱みど
05	0	248	フミヅキ ユウ	冷麺
05	0	249	小鷹裕吉	すすや
05	0	250	白乃 春楡	しろいの@elm_bwc
05	0	251	葛祭 祀斗	kikuno
05	0	253	彗星・コメット	アルス
05	0	255	迫水 イリヤ	はにょ
05	0	256	立花 リッカ	息吹 フレイル
05	0	257	白篠カスミ	ヤミキ
05	0	258	風祭 合歓	やひろ
05	0	259	祠堂 薊	くろほし
05	0	260	鬼嶋　貴登子	トモッチ
05	0	261	立ち帰る落陽	鴉瓜
05	0	262	バイタルエクス	ハセ
05	0	263	犬前葛子	Alphecca
05	0	265	鹿驚田 黒羽	mogu416
05	0	266	卯島渉／因幡うさ子	希月スズ
05	0	267	めぐみ&心	すいか
05	0	268	神原夜中	こじか
05	0	269	opera	diane
05	0	270	星見 蓮	D
05	0	271	〝七番目の少女〟と〝奇跡の青年〟	Ronia
05	0	272	黒狐リク	night-pek
05	0	273	闇	総元帥兼 皇帝
05	0	274	青倉海里	七篠
05	0	275	悪夢の残滓	奔颯 結城
05	0	276	タマーニ・ナオール	ばらムシ
05	0	277	ウミネコ	ちどり
05	0	278	日向 月都/旋風 廻	御座布団
05	0	279	坂井 五月	Max
05	0	281	炎の霊界探偵 北条正子	サンダーボルトスクリュー
05	0	282	巽燈史郎	Lamb
05	0	283	アッシュ	トリむねにく
05	0	284	「世間知らず」フェル	スパマル滅べ温泉
05	0	285	《夜明け》と《黄昏》	御巫咲絢
05	0	286	三科ミナ	卜部卜伝
05	0	288	筒井 粋	とむ
05	0	289	忘れられた王の魂	せのひと
05	0	290	桐生 玲	神覇万象／Shinha-B
05	0	291	ラウシェーラ	リリア
05	0	292	真宮マキ	マサオ
05	0	295	九条院 叶	島兎
05	0	296	枢木	詩杏
05	0	297	ソウバとソロ	せいさくしゃ
05	0	298	不動擬	山下和真
05	0	299	彩木 浩介	j.t.
05	0	300	Conquistador	Conquistador
05	0	301	天河ザクロ	Iris
05	0	302	秋桐誠司(左)・秋桐賢人(右)	秋桐誠司
05	0	303	三友明楽	折口
05	0	304	糸尾透司	辻風
05	0	305	一条正義	@nodead_
05	0	306	功刀 紋乃	ギャグ猫
05	0	307	赤木月夜	村人
05	0	308	安見明嗣	ケイ
05	0	309	如月 巴＆サクラ	むろく
05	0	310	姫州 鬼燐	びすこ
05	0	311	坂江蛍	ヒト
05	0	312	桜橋	?
05	0	313	零田リオ	白鏡香
05	0	314	ヶ咲 昴	りつな
05	0	315	ウチモ	浅井
05	0	317	草原よもぎ	いわ・はがね
05	0	319	エリーゼカグラヤマモト	くらぷき
05	0	320	天海　博士	腐がつくひと
05	0	321	奥野晴明 銀貨	aisa
05	0	322	園崎 百華	ホウノゼン
05	0	323	片岡鈴	佐伯
05	0	324	イーサン/イーちゃん	大介
05	0	326	早乙女 陽	和泉優香
05	0	327	荊街神詠カンナギアF	眞白銀
05	0	328	冬寂	אמת
05	0	329	稲谷 雷蔵	猫柳うなぁ
05	0	330	白緑	救
05	0	331	葉留 凪咲	木製柵
05	0	332	朝比奈　梨花	七重
05	0	333	餅田 ハナ子	一色恋
05	0	334	ひまわり&ナナシ	ゆめまねねこ
05	0	335	アイコ・イヴァノヴァ・トルスタヤ	まいご
05	0	336	縷々 エネ	未知
05	0	337	遊馬 遼／フラン・フォーリー	veniess
05	0	338	大鐘　瑠璃	sera
05	0	339	混沌の知恵と禁断の箱	逆瀬台　逆
05	0	340	サディ	zet
05	0	341	四十八願　和子	古録 茅優
05	0	342	小野瀬百葉	櫻
05	0	343	雪	つんのあ
05	0	344	アルセ&シャケ	めり越
05	0	345	百合園乃愛	森のかえる
05	0	346	杯 文人	Muje
05	0	347	西園寺 紗良	もりまりも
05	0	348	西園寺 紅	りゅい
05	0	349	四宮藍	りょすけ
05	0	350	チトセ・カーター	Hinoto
05	0	351	黒川 逢佳	ラストバタリオン
05	0	352	根岸こがね	ちげなべ
05	0	353	百地 初白	ももも
05	0	354	白月 夜菜	xiao
05	0	355	緋色茜	青雲雀
05	0	356	風 眠	テルひこ
05	0	357	鳥越九郎	うをのぞき
05	0	358	森山 花子	フィッシュ田井中
05	0	360	瑠璃井 瑞稀	篝火
05	0	361	眞幌 周子＆阿万音 詩杏	へるつ
05	0	362	曾我部 零夏	ポルティ
05	0	363	エミュー・O・ザッハトルテ三世	キャタピラーG
05	0	364	傲慢の魔女『ヒナコ』	水色猫
05	0	365	霧咲 恵	SOUSE
05	0	366	潜竜	黒猫大佐
05	0	367	ティアー	Lnantoka
05	0	368	ブラッド・マリー	@verres_balmond
05	0	369	此ノ花 結枝	ぴん
05	0	370	草門れい子	ペナー
05	0	371	鈍谷祈恵	シルバーミノムシ
05	0	372	雛岸 優兎佳	あざー
05	0	373	御縁なゆた	Breamt
05	0	374	化け花キキメ	taki
05	0	375	長壁六郎	草間
05	0	377	乙葉 火花	ろぜさん
05	0	378	鞠安 ルネ	由比
05	0	379	ギルティ・ファブニル	ふりーど
05	0	380	アーク兄弟	ぶるごにゅ
05	0	381	渡瀬陽和	utsugi
05	0	382	伊織恵理也	pH7
05	0	383	十ヶ瀬 玲音	お櫃3号
05	0	384	欠けた器	カミム
05	0	385	-	カリカリ
05	0	386	童話とお菓子の香り	鳥瑚
05	0	387	六間 雉歌	サンドボックス
05	0	388	岬 結乃	姫桜
05	0	389	黒澤	broiler
05	0	390	召喚師と愉快な仲間たち	雷風
05	0	392	魔人王モロバ	粗雑
05	0	393	ミヤコ=ヴァームリアンヌ	475
05	0	394	飢餓の魔女	ひやむぎおるず
05	0	395	ジャック・エインズワース	リーレン
05	0	397	都月桐胡	あおかび
05	0	398	トキワ・C・フーストニア	しろきつね
05	0	399	嬉野　聖	yukkki
05	0	401	幣原さくや	よあかしさんさんじょう
05	0	402	木染玄鳥	汎崎
05	0	403	とある世界のお嬢様	@entaku1129
05	0	404	虎澄モクバ	junosuke
05	0	405	檀	ちちこ
05	0	406	濯木・ブライアン・龍臣	田村部 尊
05	0	407	前園 朝	まっつ
05	0	408	夢見がちな郵便屋さん	ルコール
05	0	409	レイシー	上谷七人
05	0	410	クレアルド	PeL
05	0	411	リミューナ・ンリュティカ	ちたま
05	0	412	柊	皐月喫茶
05	0	413	氷室　シン	時
05	0	414	『亡霊』と『祟り神』	緑野
05	0	415	志並　野杏/Anonymous	neuz
05	0	416	薊野 灰音	揚げノワール
05	0	417	赤井黒灯兎	猫丸太朗
05	0	418	穂江ルリオ	りぐろ
05	0	419	病院坂 憂	m4t
05	0	420	空友リンカ	凛架
05	0	421	九印/エインモーネ	どくにんじん
05	0	422	九頭竜坂　漆刃	夜宮
05	0	423	西丘ラフィエル	巫女瓜
05	0	424	青水 由希	aoi
05	0	425	どこかのだれか	----
05	0	426	あさとよるのあいだ	よるこ
05	0	427	杯 雄一	狼崎 野良
05	0	428	伊藤　晴	子天使
05	0	429	脳なし案山子	廃花劇場@auc_3qwe
05	0	430	ミーニャ・ブランシュ	びぶらん
05	0	431	蚕霊いとは	るるいる
05	0	432	國政 神流	えちゅーど
05	0	433	牡丹	Ykou
05	0	434	ピュアッツァレラザリアンルージュ	ィ
05	0	435	ラヴィアルテ	ゆめっぽい
05	0	436	伝説の男	ハナアルキ
05	0	437	傲慢たる敗者	きうきう
05	0	438	リューちゃん	幻水さん
05	0	439	晝無 海琳	空路(そらみち)
05	0	440	曇食 日	もつ
05	0	441	古埜空　灰	ナユタフカシギ
05	0	442	護国将	ゴビ
05	0	443	ルカド＝エレヴァルツ	斗神
05	0	444	リリー・クロフォード	十時りこ
05	0	445	グラスグラス＝ノスタルジア	六霧
05	0	446	伊庭ユウタ	みなたに
05	0	447	御手洗 忍	81
05	0	448	スタニスラワ	鰻
05	0	449	道明寺淡雪	たぶん
05	0	450	白羽 菫	け～け
05	0	451	桜葉 杏子	てんてこまい
05	0	452	カタギ司書と館長兼従僕	せるぶ
05	0	453	イバラシティに存在する全ての豆腐	zook
05	0	454	悪人連合	ぐああ
05	0	455	四堂 銀子	えりー
05	0	456	辺 野路子	メシエナンバー
05	0	457	花の姉弟	きのせるく
05	0	458	佐錦ササキ	かのっこ
05	0	459	月代　九十九夜	月代　九十九夜
05	0	461	アシュリン	般若湯
05	0	462	仁科のチョウジ	tierkreis
05	0	463	楠野 環	しろつめくさ
05	0	464	寺田善継	あおばし
05	0	465	綾芝愛	しっぽ
05	0	466	隠樹 響	仮
05	0	467	鬼村那智	ことら
05	0	468	竜宮　桃	泥　青鳥→itume888
05	0	469	礼羽　幽	十束
05	0	470	洞鶏 三次郎	単一
05	0	472	ソーラー	Nor
05	0	473	結城 巳羽	なっき
05	0	474	結城伐都	せい
05	0	475	零下　流浮奈	白紙 あざれ
05	0	476	ミロワール	カナメ・トランス
05	0	477	紅か蒼の鬼	ゆきとん
05	0	478	姫　瑞祥	羊皮紙
05	0	480	ギンジ・ノネムド	こじろは誰のためにある！？
05	0	481	ローザ・ステイシス	カガミーノ三世
05	0	483	『柩狼』D=レッドコフィン	ふうしや
05	0	484	キリコ・ザーハイル	10C-F3
05	0	485	七草 寿々	あんこ
05	0	486	来沙之叶鈴	月面着陸
05	0	487	三上ソウスケ	あびす
05	0	488	キョウカ	敵前逃亡AWOL
05	0	489	花骨朵	ねりや
05	0	490	須崎　雛	ももんが
05	0	491	城　北風	ま
05	0	492	廿里 崇司	iti
05	0	493	隼　志駁	はずれ
05	0	494	浅岡　百合子	きあさゆうひ
05	0	495	ラピアクチュール	水面
05	0	496	栗須 登世	モリアオ
05	0	497	隠田 和己	tyta
05	0	498	砂藤 崇成	はくしゃ
05	0	499	深山 陽葉里	miya
05	0	500	火星よりの物体X	神霊K.N.G.S
05	0	501	小鳥遊金糸雀	あいすべり
05	0	502	藻噛 叢馬	こか
05	0	503	檜原 アザナ	Midoro
05	0	504	トレバー・ヤマノミヤ	スカーフうさぎ
05	0	506	若宮線引	れじにてぃ
05	0	507	風凪マナカ	@ari_hbr
05	0	508	明日束　露天	アスタロッテ
05	0	509	刻堂応鳳	ulth
05	0	510	ジャック・ドゥ	サーディンの缶詰め
05	0	512	八木千木良	アオヤギ
05	0	513	十神 十	すまき
05	0	514	カルセドニア・ハーヴェル	閂
05	0	515	蛇乃目 双刃	まだるふ
05	0	516	啼鳥小夜	枳はどり
05	0	517	繚乱イバラレディ	草
05	0	518	春乃　雪姫	黒猫魔法店
05	0	519	フー・アイ／フー・アム・アイ	エクセル
05	0	520	私立探偵・鍛炭 灰郎	？？？？
05	0	521	灰原　光輝	ハンペン
05	0	522	タライ狂	.
05	0	523	あっきょん/<呪い狐>	あっきょん
05	0	524	十織 響	ボトム
05	0	525	各務 玲	れてぃ
05	0	526	辺見悠吏	うみ
05	0	527	上津遊 紬	りと
05	0	528	樟　陽雨	nk
05	0	529	運命の輪の子供たち	音色（おといろ）
05	0	530	羽生いつき	---
05	0	531	白羽ネイン	mysid
05	0	532	鴉羽　墨	かむろ
05	0	533	冷泉といちか	川崎。
05	0	534	都堂　陸	まづこ
05	0	535	鉾井ヨウ	錦織┣モエ
05	0	536	鳩井小苗	シロさん
05	0	537	美綴 暁斗	さたん
05	0	538	音風 ひびこ	いぬぬ
05	0	539	響 恢音	ふぃるもあ
05	0	540	モサーク・アークボルト	まなもち
05	0	541	マテバ	ボノ
05	0	542	大場　瑠亞	風月
05	0	543	名雪 禍根	田中彼方
05	0	544	狸谷まみな	わん太
05	0	545	東堂玄樹／雪月結華	雪真
05	0	546	リオネル・サンドリヨン	logi_minamo
05	0	547	筧家の人達	どれ
05	0	548	銭田 葵	たしなみがい
05	0	549	虚ろな現実　確かな夢幻	へたの
05	0	550	坂崎　基	野江
05	0	551	シュナイダー・Ｇ・ゴリヴァー	BOH
05	0	552	姫榊うい	うい
05	0	553	姫榊みみ	みみ姉(本人)
05	0	554	アナ・モーリス	ロブがに
05	0	555	次郎垣内 次郎	公家
05	0	556	空井アオト	ク□〒ン
05	0	557	ペーター・アルムノキー	かのじ
05	0	560	在谷　間	アルヤＰＬ
05	0	561	プテラ・プテル	謎人
05	0	562	古河　優	へりこ爆太
05	0	563	穐膾 銅	にーにぃ
05	0	564	サイキックバタフライ峰子	Jare
05	0	565	戌亥　縫	しらこ
05	0	566	『ごん』	Bisnon
05	0	567	九重　満器成	nitoro
05	0	568	六曜地秘路	THEKI
05	0	569	浦景 瞳	でくのぼー
05	0	570	黒鐘りえる	＊＊＊
05	0	571	御巫 美玲	柊さつき
05	0	572	リータス＝スヴィータ	雨花
05	0	573	湖波透	TP
05	0	575	まかろに	かじゅ
05	0	576	椎田 三矢	nns_awiya
05	0	577	エリカ	Ｋ－Ｒ
05	0	579	404 NotFound	骨なしチキン
05	0	580	頭蓋地図	のりしろ
05	0	581	我芥　尽/ツクシ	羅列
05	0	582	リョウ	Mary Sue
05	0	583	キアロン・アーセイル	青猫
05	0	584	クロエ・シルヴェストル	えりす
05	0	585	イザイア・クライスト	紅緒
05	0	586	一文字すずめ	津村
05	0	587	髪長いちま	そあら
05	0	588	ディラン・アクティアス	Nirror
05	0	591	聖夜　幽	かすかちゃん
05	0	592	水原九郎	すちょ
05	0	593	Hǝɯɐʇᴉʇǝ･Nɐupᴉuɐ	薄(ススキ)
05	0	596	Eat in	白騎士
05	0	597	子子子子　こねこ	九尾
05	0	598	名園ひかり	@Leaf_HPC
05	0	599	瀧本拓也	ペン
05	0	600	ルナニエ・グレイ	jamil
05	0	601	桜ノ宮　由里	ユリル
05	0	602	栂壬 或都	夕漓
05	0	603	ハティ	紫珠
05	0	604	佐良ヰ乃	LLL
05	0	605	関堀八代	栄
05	0	606	雀部稲生	なで
05	0	607	我孫子　智之	アカマ
05	0	608	呪いのダイヤモンド	ゆき
05	0	610	倉持ユズル/倉持リサ	Astala
05	0	611	水凪 悠	鈴鳴 美希
05	0	612	皆藤千穂	Tomatomato
05	0	613	シスターと形なきもの	雷狐
05	0	614	紫電　美輝	Latte
05	0	615	ハンス・ガリバー	あだぷす
05	0	616	行商人 八宮司	唐沢
05	0	617	楠　詩絵里	しえり
05	0	618	双路　姫子	月夜
05	0	619	大路こがも	ゆぶね
05	0	620	ジミー・ホロウェイ	藤本
05	0	621	ヴァリシュワール	涼丘
05	0	622	ロゼ	ルシア
05	0	623	糾木セオ	きかぜ
05	0	624	キャロル	きがん
05	0	625	藤堂　詩緒里	道化師
05	0	626	瑞山 燐火	allen
05	0	627	六崎　黒之助	ゼクロス
05	0	628	クロネ	tbki72
05	0	629	矢通 千里	毛玉組合
05	0	630	似鳥 アンジェ	しゃけ
05	0	631	黒浦 鴉 / 鷹ノ目 四郎	君
05	0	632	網野砂火	ククノキ
05	0	633	マーム・ラザー	@Markyrather
05	0	634	空木レイ	酸化銀
05	0	635	天王寺　たけし	死者
05	0	636	百鬼 秀真	れびん
05	0	637	白山茉莉	TTX
05	0	638	雁野　壱	しゅーめら
05	0	639	久手 奏楽	リシド
05	0	640	初瀬リコ	桐山ナオ
05	0	641	アザラシの女王	ﾑｸﾆｽ
05	0	642	もりもり森太郎	うた
05	0	643	明日葉らん	おうかひゆき
05	0	644	草間洸一郎	@yayorine
05	0	645	根本光宙	まんじゅうさん
05	0	646	宵坂　芽里奈	kin
05	0	647	姫宮 真紅	メイパー（14MAPER）
05	0	648	園江	小谷津
05	0	649	鬼月 エリカ	はべりん
05	0	650	筋肉太郎	アミノ酸
05	0	651	糸縫寒太	stara
05	0	652	＊＊＊＊＊＊	*****
05	0	653	霧咲ルノア	雪名
05	0	654	冬鐘 夏海	未設定
05	0	655	リルリル	あき
05	0	656	神宮 ──	?
05	0	658	天弖 薙	ばーれいぐ
05	0	659	鳥見 希寝	エクロウレ
05	0	660	雨霧子桜/温井冷	セミ
05	0	661	平坂煉	パクチ
05	0	662	進藤　景	中二病患者F
05	0	663	緋色の眼をした女	じゅねは.jp
05	0	664	西白　桃香	砂時計
05	0	665	蝕見 憂	toyanbo
05	0	667	新人類ⅥTEX	claudyu
05	0	668	パドメ・イブリス	黒翔
05	0	669	ベルル・テンスベルガー	lrtb1883
05	0	670	マリア・フォレストライト	雫姫
05	0	671	白波 白楽	カッペリーニコック
05	0	672	一条 想介	ハレルヤ！
05	0	673	天塚 祝	きし
05	0	675	ヒューマン・ミミック	巨闕くん
05	0	676	燕 遥翔	雪藤
05	0	677	ゆめ	whonsyu(アンバー)
05	0	678	君島 隼	ことり
05	0	679	美馬　貞光	*名前を入力してください*
05	0	680	エルビュート・ゼノスタイム	おさかな
05	0	681	アルケイ＝アルケ	アルケ
05	0	682	紺出　樹也羽	ランプ
05	0	683	サーシャ・ヴァレンタイン	ひやむぎつね
05	0	685	黒宮　翡翠	らいでぃあ
05	0	687	音和姉弟	はこみ
05	0	688	すれ違う三つ子	時雨屋
05	0	689	安馳我們	Hey！Siri！
05	0	690	仮	未
05	0	691	冬海ハルカ	ym
05	0	692	深兎 来針	soto
05	0	693	鳴瀬 地登里	mh
05	0	694	悪食の泥	ﾅﾄﾘｳﾑ
05	0	695	中御門 柚乃	ピザ屋荊支店
05	0	697	湯瀬 穂積	ラスタ
05	0	699	御曹院シオン	ひげまみれのらじ
05	0	702	“鬼憑き”玖楠	くろうど
05	0	703	鶸の瞳の鴉	92
05	0	704	転生の灰	氷鴉　刹
05	0	705	ピート&ガイスト	705
05	0	706	ラルクベルテ・ハンドレッド	教会生まれのＮさん
05	0	708	星見烏　真白	あまみつ
05	0	709	隼田院フリージア	しーましましましましましーさまん
05	0	710	まなちゃん	リョキ
05	0	711	《独り善がりの傀儡師》	GAU
05	0	713	宇佐美　羅美	神武来
05	0	714	アーシェリー・フリジット	エレリーナ
05	0	716	彩奈＝クライシス	シメジーノ
05	0	717	Qimranut	Qlisphere
05	0	718	小金丸まゆこ	うし
05	0	719	雲谷 煙次/ケムルス	アサツキ@runa1134
05	0	720	小野木瞬	チズ太郎
05	0	722	絹笠こかげ	タクト@alenazlard
05	0	723	放課後探検部	sizu
05	0	724	八意 スズネ	ささした
05	0	727	正義と葵	園児
05	0	728	世渡セト	s
05	0	729	暗闇 徹	かいせ
05	0	730	モドラヘレク・ダンヘンリー	zia
05	0	731	天音　ソラ	触手
05	0	732	ごみ漁りの仔鴉	herayoshi
05	0	733	茅野イオリ	たぬき
05	0	735	姿思	フカイン
05	0	736	メーテリンデ	エル
05	0	737	星谷　奏多	めんるい
05	0	739	佐崎 蒼羽	綺桜
05	0	740	熊田ジアン	hrt
05	0	741	アカネ＆エミリア	wind
05	0	742	ゼロ・リフレクス	evilplant
05	0	743	諏訪　なぶさ	イチ
05	0	744	小和泉 来夢	あおい
05	0	745	【パペットちゃん】	めーめー
05	0	747	布施棕櫚	ぱん
05	0	748	シルバーキャット	えーや
05	0	749	布袋有無	やみなかみ
05	0	750	黒唯エイキ	コウノセ
05	0	751	黒唯チカギ	くさったおさとう
05	0	752	ミア・リナルド	朱絽
05	0	753	天月 新 / 満	クォート
05	0	754	シヴァンシュ・シーク	乾燥
05	0	755	井貫忠成	MKNK
05	0	757	石動 いずる	irori
05	0	758	乙戯 山羊彦	サバンナ
05	0	759	古草 蛍汰／ケーター	X味@xme_kater
05	0	760	焙茶坂 霧里	imnot
05	0	761	景員	けいん
05	0	762	フィーア・レヴナント	ふ
05	0	763	ライア・ノクターン	アルマ
05	0	765	翔州 瑠莉	Motisma
05	0	766	スティーブ	メタリョ
05	0	767	幽霊タクシーと仲間達だった何か	白ういろう
05	0	768	風森 砂季	桐生乃壁
05	0	771	岸野 パルサ	てん
05	0	772	児玉 響生	monokage
05	0	774	エル	774PL
05	0	775	闇竜ラギア	闇竜ラギア
05	0	776	斗真	ロマネスク
05	0	777	裏辺 彩月	やすお
05	0	778	広告天使アフィリエル	あぁ＾～とりす
05	0	779	鵜月 悠音	音水
05	0	780	狐盟神 江華	ここ
05	0	781	しょぼりーぬ	uno
05	0	782	紅月亮	宗
05	0	783	司馬アイ	nekore
05	0	784	ニアク・セイン＝アーデ	ω
05	0	785	名倉美月	ぷち
05	0	787	灰原つむり	949
05	0	788	青金　---	いちせ
05	0	789	八百城 豊/鹿瀬 満月	神木せつな
05	0	791	泥井	はか
05	0	793	有月らうら	lnl_zero
05	0	794	彩採　美船	くらしぇ
05	0	795	柳田エイジ	us@
05	0	796	ホログラフ:I/O	凪砂
05	0	797	宮野白亜	匿名ロリス
05	0	798	仙道　アデュラリア	Kawamori
05	0	799	桑畑緑朗	平川カケル
05	0	801	セオリ/一条 瀬織	ぱんだ
05	0	802	波左間瑠子	ウィンナーコーヒー
05	0	804	御来屋　くるり	ユカリ
05	0	805	日ノ下　椿	ユウ
05	0	806	豆井堂ミサキ	かる
05	0	807	花澱御降	カニ
05	0	808	狼谷有里朱	かめや
05	0	809	アイリス	夜行
05	0	810	朔月	氷雨
05	0	811	神宮寺赤葉	五筒
05	0	812	黄泉路 彰	クローバー
05	0	813	沢野 玲子	消夢
05	0	814	「じいや」と「ねえさん」	せつこ
05	0	816	マリオンベルデ・七峰	渡瀬おおっと
05	0	817	名もなき山田	ふじなみ
05	0	818	鹿沢 真智	おむかえ
05	0	819	十村蘇芳	ひとしろ
05	0	820	仏契埜靖春	豚じゃが
05	0	821	ハニィ／落田 はずれ	ゆ
05	0	823	正論院本気由	DUELOOP
05	0	824	名無しの双頭狼	教祖
05	0	825	less	ef
05	0	826	ハクト	MaR
05	0	827	『掃除屋』スウィープ	vosivosi
05	0	829	花野山 光太郎	T.O
05	0	830	アガスティア	しあの
05	0	831	茅芽笹子 with ゾル	いとこん
05	0	832	森那 絢莉珠	RiruZe
05	0	833	朽那羽 節鳴	ばめう
05	0	834	†.†《ラスト・ピリオド》	JK
05	0	836	グレゴリー・ヴァッハフォイア	贋龍
05	0	837	ジェーン=スミス	干したぱーしもん
05	0	838	執事	かきなーな
05	0	839	ユカラ・センドウ	ちこ
05	0	840	佐藤 深雪	puso
05	0	841	アズーロ=ジルフェ	ちさの
05	0	843	穂峰 空奈	Amazing
05	0	844	椎屋なつめ ＆ 山本珠晴	AKIRA
05	0	846	ハート	ヒトミ☆彡
05	0	847	白槻 一葉	アジサイ
05	0	848	糾木 エル	餅皮 桜（メガ☆美桜）
05	0	849	綾原　蜜音（ルヴィディエール）	くーよん
05	0	851	虚才と再誕	Neon
05	0	852	アトゥ	惰眠
05	0	853	向平 一海	てんなな
05	0	854	ルーシー・チャールトン	Crote
05	0	855	竜胆 ほむら	さくらうるふ
05	0	856	竜胆 みなわ	???
05	0	857	月穂音　ルカ	らいと
05	0	858	五十森 巽	あさぎ
05	0	859	鳳　緋央	すず風はやて
05	0	861	インパラ	impala
05	0	862	涼城アイカ	くわみず
05	0	864	灰咲　菖蒲	灰蝙蝠
05	0	865	瑠璃	そーさき
05	0	868	棘の頂	okihara
05	0	869	四辺・灯	ちきん
05	0	870	長居 寧音	あきゅ
05	0	871	遠井 ネア&サキ	phima
05	0	872	一口　禱	?
05	0	873	篠田　梓	L.H
05	0	874	薄葉　幸雪	めりえ
05	0	875	日向 萌子	犬畜生
05	0	876	高月 凪	夏初月ミト
05	0	877	涼城ハルヒコ	パリコ
05	0	879	園藝寺 賦悠里	まぁぼ
05	0	880	大判　かのこ／葦毛　つむじ	どっと虚無
05	0	881	”病姫”インフルえるざ	流行性感冒
05	0	883	認識の獣	sen
05	0	884	千葉　賢人	やまもと
05	0	885	産石 みのり	黒岩さび
05	0	886	紅葉と栢葉	こあとる。
05	0	887	道明寺 麗華	藺草いろは
05	0	888	ウーリ・M・アルムスター	まーじ
05	0	889	夜久 蒼	ささのめ
05	0	890	六ツ語 律	kdln
05	0	891	佐崎円	クロ
05	0	892	露崎 藍溟	つき
05	0	893	間歩 愛莉	アイリPL
05	0	894	哘崎つぐみ	句外
05	0	895	露崎 聖樹	Avi
05	0	896	ランプ・スファイラル	ルルクス
05	0	897	ニコラ・スファイラル	九重みつる
05	0	898	坂東 薫	天狗
05	0	899	ウィリアム・ウィンストン	もちぱい
05	0	900	月島朋子	赤崎乃糸
05	0	901	芽吹 つぼみ	ゆう
05	0	902	華	Roland
05	0	903	歌詠リラ	帰宅部
05	0	904	コージマ=シュミット	癸
05	0	905	美空 ますみ	くろばまめ
05	0	906	志野　タクミ	マチュピチュ
05	0	907	帯津　九桜	kanpi
05	0	908	絢石うろん	KKRKN
05	0	909	グノウ・スワロルド	ぎぃ。@gigigigiiiii
05	0	910	幽上　ゆう	もっされら
05	0	911	早生 さき	のん
05	0	912	言祝　愛夢	月影冠
05	0	913	天羽 守狼	K
05	0	914	リーリア・サッハロヴァ	未熟者
05	0	915	水守 河太郎	ドラム缶
05	0	916	炬燵ひるね	121233232142
05	0	917	眼鏡の女	くれい
05	0	918	シュルフェ・ルヴィートヴァンデ	かたつむり
05	0	919	是井　亜礼子	早
05	0	920	百足　蜈蚣	ふらふ
05	0	923	ミアプラ	mia
05	0	924	いたち	a
05	0	925	ジェルメヌ=ヴァランタン	GT
05	0	926	リサー	Eru
05	0	927	リズン	わざき
05	0	928	笹塚一抹	ヒイロ
05	0	929	五十嵐尊	単色
05	0	931	一色　迦楼羅	夕凪@yunaginagi
05	0	932	藤井	早瀬六藻
05	0	933	三戸　紅	屋根裏の隅
05	0	935	篠花美琴	篠花美琴PL
05	0	936	早乙女ちえりは繋がれない	みるきー
05	0	938	喰羅	から
05	0	939	黒い猫	青空と黒い猫
05	0	940	アリゲータ	ninjin
05	0	941	鎧塚 切佳	941
05	0	942	雪月風花	高等遊民
05	0	943	俵橋晴心	Lak
05	0	945	小鳥遊　朱音	クノン
05	0	946	米澤 冬清	埴輪
05	0	947	桃珠	いがら
05	0	948	銀リゼ	ふぉーと
05	0	949	緑山 八百	あどそん
05	0	950	仏頭光	黒ヤギ
05	0	951	アリスリアラ	ちねさだ
05	0	952	楊 雨欣	浅月レナ
05	0	954	フェルテウス	道化
05	0	955	アスカ	梟翁
05	0	956	波々伯部 彬子	Sygtz
05	0	957	庵音	狩猫
05	0	958	五十嵐　時彦	あお
05	0	960	春崎 雨音	Haru
05	0	961	名雪 フミ	yuri
05	0	963	天羽 はかり	Query
05	0	964	七支 エリス	Mynog
05	0	965	相殺の殺人鬼	AKR
05	0	966	佐伯タカコ	ぱぶろわ
05	0	967	九東院愛璃	うみ
05	0	968	四葉 朱音	968.
05	0	969	一人と一匹	ルラン
05	0	970	宿直　彰正	是
05	0	971	出籠さや	門倉丁
05	0	972	古橋 献	なつき
05	0	973	白内 鼓動	鱗野
05	0	974	レオンハルト・オーベルシュトルツ	三毛猫
05	0	975	ユイ・クライン	物陰
05	0	976	レア・クライン	静
05	0	977	ハイロ	ターバンの羊
05	0	978	織部 杏里	ないとう
05	0	980	羽根家エリー	C・ヒヨ
05	0	981	邑木場	酢天狗
05	0	982	ファビリア	@kojiro_0202
05	0	983	蓮咲寺 八重子	月雲
05	0	984	狗翠　酉樹	九翠
05	0	985	真月姫 瑠璃子	のこ@nokonoko13
05	0	986	雄鶏願	ノノネヌ
05	0	987	エインヴァス・リリマール	ぐりゃ
05	0	988	麻生田 馬騎	mobPL
05	0	989	ソーンブラウン＝バレッタ－	Draconian
05	0	990	九十九 五	はっぱたそ
05	0	992	フェナカイト＝HR＝クレマチス	水月
05	0	995	刻塔・M・ドグマグナム	YUKO
05	0	996	煤ヶ谷=シュベーレ・神助	診療所
05	0	997	山野サイカ	ともすけ
05	0	998	氷室 尊	雪野
05	0	999	「殴られ代行」リヨ	ゆふ
05	0	1000	矢ヶ崎　空	咎人
05	0	1001	******	さかな
05	0	1003	蒼樹　灯	ロイシェ
05	0	1004	PBLseries No.1	あなた
05	0	1007	双葉 成弥	大福
05	0	1008	デイジー	Ak
05	0	1009	鷹明 衣澄	ぽぽいぺ
05	0	1010	伊里院リリー	いち
05	0	1011	空視　梢	windless
05	0	1012	水都瀬 桔梗	はすのは
05	0	1013	ベルノルト・ハーゲンドルフ	永久未来
05	0	1015	八十一鱗崎	あまいち
05	0	1016	神宮寺みぅ	SHOW
05	0	1017	湧井　空登	風上の犬
05	0	1018	水瀬天娘	テンドウ
05	0	1019	ふゆげちゃん	@slow_chiruru
05	0	1021	フォステリアナ	如月彌生
05	0	1022	水鏡 那咲	六丸
05	0	1023	磐守 霊音	磐守
05	0	1025	神裂 みこと	星詠さん
05	0	1026	御鏡　光輝	コウキ記者
05	0	1027	ベルーネ・モネ／名無しのモネ	飛龍
05	0	1028	迷ノ宮　コルト	小犬丸
05	0	1029	淕音　采花	秋茜
05	0	1030	エイラ・ラ・ミア	roku_batu
05	0	1031	米原まい	む
05	0	1032	フロレンシア＝バッハシュタイン	吉田君
05	0	1033	神園　斎	蒸しパン
05	0	1034	藍浦英里織	cman
05	0	1035	松浜 ナコ	あーす
05	0	1036	総和 有加	フローズンS
05	0	1037	アリエス＝マークフェルド	みと
05	0	1039	音響英雄オーディオル	かなでん
05	0	1040	影縫 白塔	しゃろみつ
05	0	1041	サニー・ブラウ・ケリィ	どりーむぼうる
05	0	1043	瀬良枝 野々	箱猫
05	0	1044	レノン＝アキツカ	クッキー
05	0	1045	久我 瑞希	葵
05	0	1046	黒枝 すぐり	やさか
05	0	1047	そこにある森	P
05	0	1048	東條 竜馬	かぎしっぽ
05	0	1049	大鳥 悠	Ranarou
05	0	1050	陽姫・彩洛／キャロル	辛味
05	0	1051	月姫・彩洛／イヴ	ろた
05	0	1052	洲浦　幾乃	will
05	0	1053	上野叡智	風見ん
05	0	1054	光野 絵美理	ラスラート
05	0	1055	ミロスラヴァ・モロゾヴァ	美少女
05	0	1056	奥羽 仟司	鶴亀亭
05	0	1057	祥雲 巡流	KATINO
05	0	1058	レックス・ハクスリー	たつとら
05	0	1059	ミーシャ・イル・シルード	紐緒=雷那
05	0	1060	苧環　にいな	okishy
05	0	1061	望月和＆望月鼎	神那河恭子
05	0	1062	「美少女」とだけ名乗るモノ	水零
05	0	1064	イスティ	雨羽紙音
05	0	1065	セオドロ	寂森
05	0	1067	栖川　真	魚六
05	0	1071	端田　理音	雫
05	0	1072	剣ヶ峰 楓子	嶺上律菜（鉄剣）
05	0	1073	ウィルソン	メスト
05	0	1074	コロ	たいちょお
05	0	1075	朔蕾一紗	榾このえ
05	0	1077	馬　夏香	aster
05	0	1078	マグ	もふ
05	0	1080	櫛灘イサナ	赤坂瑞希
05	0	1081	カリ・カーリー	五目豆
05	0	1082	七志 厳	あげぱん
05	0	1083	兎荷愛莉	かぷかぷ笑うひと
05	0	1084	佐名木 梦	どぶみず
05	0	1085	七志野猫夢	らんげつ
05	0	1087	練之 灘	ここあんこう
05	0	1088	カズハ・御影とほかいっぱい	かずは（本人）
05	0	1089	伊柳俊也	ずんじろう
05	0	1091	ユアン・ノートルダム	ハシビロコウ
05	0	1093	マコ	cuma
05	0	1094	六限 ミサキ	ミサキPL
05	0	1095	クーマー・イーツ	くま
05	0	1097	アフレイド・ザ・ビハインド	大きな松戸
05	0	1099	神代 鋼	来人（改β）
05	0	1100	nowhere	DDD
05	0	1101	天目千晶	さ
05	0	1102	如月 紫水	おーじ
05	0	1103	LA	getu
05	0	1104	刀崎 依良	恭祐元帥
05	0	1105	イジェン・ププ・スプリング	つみき
05	0	1106	星埜 メグ	orange
05	0	1107	水竹 燈	黒の鉛筆またはシャープペンで記入
05	0	1109	白坂御影	HIYOKO
05	0	1110	濡羽リトリ	東
05	0	1111	路地裏のこどもたち	Nicha
05	0	1112	␣	く
05	0	1113	ジョージ下級蔦市民	藤九郎
05	0	1115	近衛実々伽	ふうか
05	0	1120	黒時夜白亜	AstLayer
05	0	1121	ゆうぜん ちさ	榛
05	0	1122	＂　＂	キリマ(ほっぺ)
05	0	1123	アニエス・A	ゆのもと
05	0	1124	香麺の戦士☆ジェンティウドンナ	汐
05	0	1127	菫 啓文	もえかす
05	0	1128	蘇芳　キルカ	mupa
05	0	1129	草野 村雨	カモメ
05	0	1130	ルッツ・L・レーン	デニス
05	0	1132	月宮 ひなた	星渡
05	0	1133	梟谷 ナユタ	みりー
05	0	1134	烏木 茅	とうや
05	0	1135	東堂ハル	木耳
05	0	1137	桃乃芽 廿楽	月凪葉茶
05	0	1138	ファング・クラウド	ファング
05	0	1139	杉乃 雛菊＆杉乃 遼馬	404
05	0	1140	矢作 甚吉	じゃんきち
05	0	1141	クロハとシロエ	ハッカ狸
05	0	1142	セララ	セララ
05	0	1143	日々来 霏霏	ゆぬ
05	0	1144	新沼ケンジ（しんぬま・けんじ）	TOSHIKI
05	0	1145	アルヴァ	フェザー
05	0	1146	足達原　蘭	もそよら
05	0	1147	赤タイガー	ホウライ
05	0	1148	帯津　九桜	kanpi
05	0	1149	ナイル	茶葉
05	0	1150	有田ターリヤ	高島津諦
05	0	1152	現実（ゲンジツ）	ぐるこさみん
05	0	1153	フェリーチェ&ヨハン	あやせ まりぃ
05	0	1154	寸原　鈴	結城
05	0	1155	泉ノ守 りり花	Tノ
05	0	1157	定期更新遊戯闇帝	美ブーティ湯乃華
05	0	1158	犬山みはや	po
05	0	1159	久世　万智花	おかゆ
05	0	1160	草摩当麻	（Ｍ）
05	0	1161	信楽　巧磨	瓦
05	0	1162	真壁 千笑	赤い狐
05	0	1163	露草　霞音	ディル
05	0	1164	カティーロ	むぅる
05	0	1167	レヴール・ドゥメール	Aiya_Miyazono
05	0	1169	ヤナ ヤナギ	ＰＬ
05	0	1170	アストラガリ	ゆゆっと
05	0	1171	和狐	めろん
05	0	1172	池田なずな	ori
05	0	1173	ホナミツバサ	じっぷ
05	0	1176	桜餅よもぎ	arino
05	0	1177	栗丸翔太	バンビ
05	0	1178	HeptaChord	へぷたん
05	0	1179	ぎん	ぎん
05	0	1180	夢前・弦十郎	緑青緑
05	0	1181	野犬	毛玉
05	0	1182	霧白　彩千香	SoleinA
05	0	1184	白白夜霧	unknown
05	0	1185	夜町　乙女	メル
05	0	1186	エルダー・アトラエル	ぬえ
05	0	1187	間林沙羅	J
05	0	1188	ニコ	海草
05	0	1189	ミナモ	pale
05	0	1190	雨柳 真衣	甘味屋
05	0	1191	夢見 音々子	teatry
05	0	1192	執心の『イドゥラクシェムル』	Justuer
05	0	1193	九重総子	que
05	0	1194	綾瀬　風奈	りっぽ
05	0	1195	然葉　純	瀬名ゆきぷ
05	0	1196	烏尾 弦	?
05	0	1197	小汚いいぬ	こー
05	0	1198	相田 緋溺	つぶれ
05	0	1199	八坂　四郎	loger
05	0	1200	山田 るちあ	RY
05	0	1201	五十嶺 沙依	浅名
05	0	1202	九重旭	スズナ
05	0	1203	堂島	うかちゅ
05	0	1204	宮司 鈴人	黒社長
05	0	1205	チクワ・蒲鉾	ちくわ
05	0	1207	キャスティ＝R＝エイト	BRS
05	0	1208	タキモト・フランクリン	ニケタ
05	0	1209	綾留満子	ふまじめ
05	0	1210	鈴鳴泡華	Rayet
05	0	1211	桔柳　靱	人間おいしい！人間おいしい！
05	0	1212	御仮屋　ぬるこ	仮
05	0	1214	薄ヶ原 照龍	ɔɔㄥpıɔ∀
05	0	1215	アレクシス・バルディス	ありのひと
05	0	1216	橋下 権兵衛	---
05	0	1217	星屑ネロリ	せきしゅ
05	0	1218	『移動図書館』	dustam
05	0	1219	檜扇 雲雀	にあー
05	0	1220	.	m
05	0	1222	羽島　くーが	ごんべ
05	0	1223	千代田 安嗣	@ys2g1
05	0	1224	カエリラ・マリカロワリ	S
05	0	1225	八牙足サイカ	KoKoNoe
05	0	1226	上臈 暁美	金髪好き
05	0	1228	井伊嶋　森羅	やながわにな
05	0	1229	古居御守	環菜
05	0	1230	富武 士円	太秦
05	0	1231	四辻　霜夜	Ian
05	0	1232	犬	とぴ
05	0	1233	飴色めあ	彩月わくら
05	0	1234	柾 末吉	律子
05	0	1235	北条疾走	JOL-J
05	0	1237	甘味屋 五十嵐	にぼし
05	0	1238	安枢 智読巳	fled
05	0	1239	社　映美莉	小鳥遊玲華
05	0	1240	九重総子	que
05	0	1241	明 藍花	コランコラン
05	0	1242	坂上 那由他	アミノ
05	0	1243	大伴世界	月丸
05	0	1244	雪之丞	狐
05	0	1245	看都 華子	ちょろはら
05	0	1246	冥土みやげ	ち
05	0	1247	フェルディス	ゆうにゃん
05	0	1248	リト＆エト	ぽっとん
05	0	1249	塩釜 太地	せーじ
05	0	1250	渡部　千鶴	風原 真
05	0	1251	聖坂くだり	イチ
05	0	1252	風守　風太	Lect
05	0	1253	玄曜	栗原翡翠
05	0	1254	リーナ・アンジェ	杯
05	0	1255	吊鐘紫撫子	麦野
05	0	1256	綴	おおはら
05	0	1257	八奈見 歩真	時雨
05	0	1258	菱形　世論	山田
05	0	1260	メル	レア
05	0	1261	ヘンゼル	飯沼景
05	0	1262	ヴェイナス	ブリック
05	0	1263	小川咲with銀月瑠璃瑪	kumahead
05	0	1264	丸傘こがね	丸傘
05	0	1265	六原 三雲	つばき
05	0	1267	沙原 閣人	hal
05	0	1268	樫宮羊	おぽんず
05	0	1269	シャード＝ブラッドハンズ	ネコイタチ
05	0	1270	ロボーノ＝イシ	ねとりん
05	0	1271	風間忍	ミノミン
05	0	1272	綾音芽依	hikobae
05	0	1273	卯酉 維々郎	R三角形
05	0	1274	津村 麻衣	聡藤
05	0	1275	夢川 あざや香	なつめ
05	0	1276	紅雅 美優	六花
05	0	1278	西条鈴司	ReAGE
05	0	1279	ブロック	wt
05	0	1280	アンネリーゼ	おりゅれあん
05	0	1281	工藤茜	雪奈
05	0	1282	天多田 ヨル	とろ106式
05	0	1283	穂村 凜/デストニアス	svrn2082
05	0	1284	糸口 結	あと
05	0	1285	設楽楽太郎	あな（穴）
05	0	1286	鳳 念	イカナゴ
05	0	1287	古崎　千里	サミュエル
05	0	1288	花水木の葉	とーみん
05	0	1289	五百蔵 朔間	ぴんじぃ
05	0	1290	風間 朱里	友愛
05	0	1291	松原 螢	kgl
05	0	1292	笑わないモブ男子	ポンコツ
05	0	1293	影道 律	奏
05	0	1294	歩行爆弾	レイティス
05	0	1295	瀬能　楽子	柳楽
05	0	1296	ハイド	mutsuki
05	0	1297	蜂須賀 昏刃	RaVen101
05	0	1298	狐塚 魔緒	レニー
05	0	1299	一円 冠	クッター
05	0	1301	勾野 兵真	“七星”昴
05	0	1302	壁に耳あり正直メアリー	Crymson
05	0	1303	徒歩川　墨吾	アドセンスクリックしないで下さい
05	0	1304	カイン・レヴォルト	青いの
05	0	1305	燃流　燈郎	当白
05	0	1306	津田沼 奈緒	＊
05	0	1307	火威　京介	kyosuke
05	0	1308	骨谷　環	さやえんどうくん
05	0	1309	うみねこ	かん
05	0	1310	伊吹	asatsuki
05	0	1311	比良坂かすみ	Ganache
05	0	1312	夢乃名菓	Vtuber_夢乃名菓
05	0	1313	阿渇 杭那	眉
05	0	1314	N.A.Rathura	なまうに
05	0	1315	升屋 影史	みずく
05	0	1316	万代　漂	鈴保
05	0	1317	黒月 亮兎	RYO
05	0	1318	あんどうかおる	Tw:@8morikazuto
05	0	1319	ハナ	四葉たろう
05	0	1320	羅須 郷	EvilFox
05	0	1321	チャンディー	せらまいと
05	0	1323	神月 澪奈	TRIVENT
05	0	1324	鹿金 信長	やつふさいぶき
05	0	1325	サルヴァドール	stmr
05	0	1326	リノア セラフ	FW
05	0	1327	満道りる	ぴぷきん。
05	0	1329	高峰 嶺	柑子
05	0	1330	ハイヤ・ウルエ	ハイヤ@17
05	0	1331	周防 柳	やづ
05	0	1332	ディーナ・サープレス	sakasa
05	0	1333	赤眞　耀	風見烏
05	0	1334	妃　璃緒	あまさき
05	0	1336	マイス・バルテルミ	遍歴騎士
05	0	1338	久樂ユキ	滲井ジミー
05	0	1339	大江戸大五郎 / 石刀火凍檻	オオエド＠17
05	0	1340	デスブリンガー・コフィン	smd
05	0	1341	苗葉　千歳/エイゴウオー	erudora
05	0	1342	ジーク・ケルナカーニバル	clownheart
05	0	1343	中村　結	ぶち
05	0	1344	白館　朱司	凸
05	0	1345	目下	aus
05	0	1346	明山てる	mg
05	0	1348	水科・L＝千尋	まひろ
05	0	1350	涼梨れこ	川
05	0	1351	長久 かすが	はる
05	0	1352	マタル・ユイ	水杜
05	0	1353	アッシュ・サフ	K___
05	0	1354	ルスヴン・ロー	十戸
05	0	1355	其処に居る誰か	浅原
05	0	1356	メリッサ	リュート
05	0	1357	百朱　傾	うどん屋の棚
05	0	1358	幸重 来夢	AntiCola
05	0	1359	寺島 信彦	さん
05	0	1360	鬼火（召喚された）	@wanderinghealer
05	0	1361	ルース	赤いの
05	0	1362	エクスワイズ	minamiya
05	0	1364	灰闇眩	ゲン
05	0	1365	ルイザ　Ｍ． マリエンバーグ	わんわん
05	0	1366	加茂ﾉ宮 優	葱。
05	0	1367	田鳥羽田 十葉	シーフード
05	0	1368	猫ヶ原つくね	Reven
05	0	1369	アン・ド・ロメーダ	ボーダーライン
05	0	1370	スィーエン・ミルパット	的
05	0	1371	入守りこ	くおん
05	0	1372	クウィリーノ・椿坂	め
05	0	1373	篁 雪里	鶏
05	0	1374	Noname[ナナシ]	OTM
05	0	1375	坂内朱季	ひろか
05	0	1376	神楽　稔	apollo@
05	0	1377	杢尾 蔦	きゃなる。
05	0	1378	卯野 司路	fusagawa
05	0	1379	増居 照子	ふりすく
05	0	1380	空乃 千晴	きつねばな
05	0	1382	方岡　梟	田沼
05	0	1383	天狐 祐樹	きどう
05	0	1385	アダマ	ゆうしゃ　えどぞう
05	0	1386	『鉄の膚』のボルドール	しのだ
05	0	1387	ノーヴァル	icco
05	0	1388	墨染ふみ	白灰
05	0	1389	調月彩杏	なでこ
05	0	1390	新田　仁	爆超!!爆美味店!!
05	0	1391	竹取の翁	平均価格1kg約2800円
05	0	1392	クリスティーン・セットー	ゴン346
05	0	1393	お地蔵さん	じぞう
05	0	1394	ハナ	ジョン
05	0	1395	ミラン・オルランディーニ	毛玉
05	0	1396	燠庭 颯木	つくも
05	0	1397	アカデミーマスター	オキアミはかせ
05	0	1398	豊受　亜魅	緑のむにむに
05	0	1399	天草恭司	浅見
05	0	1400	狂乱先生	せんせい
05	0	1401	椿	草野
05	0	1403	水門 理輝	スフィアロード
05	0	1404	教祖ジャスティス	三十七代目 の～ねえむ
05	0	1405	黒田 逸	謎のキグナス
05	0	1406	壱岐 三四郎	あんどう
05	0	1407	矢瀬　一期	えいり
05	0	1408	アール・デアール	南嶋 六
05	0	1409	斑目 九	meme
05	0	1410	一角ゆに子	千鶴
05	0	1412	フェルグラシア	黒矢
05	0	1413	中野 谷丸	まる
05	0	1414	秋々・あくび	にーど
05	0	1415	フーベル・ゲルミル	うし
05	0	1416	七折キズナ	エルグ
05	0	1417	月見里　巫祈	メリー
05	0	1418	ダグラス・クルス	Azure
05	0	1420	小春ひより	さくら
05	0	1421	鏑木　風子	kos
05	0	1422	弦川　雛音	小妖精
05	0	1423	TL-Tale：BOZ型	ソ・ラシド
05	0	1424	森岩 二歩	heriet
05	0	1425	ウワバミ	マツクラ
05	0	1426	天河 雨	雪鯨
05	0	1427	シャノ	手羽先
05	0	1430	古部 瑠璃羽	なで
05	0	1431	乞食	たすく
05	0	1432	後遺症ロマンス	おてもと
05	0	1433	カモヤ	いがなき
05	0	1434	ルキア	にんじゃ
05	0	1435	バーミー・ブランジール	sek
05	0	1436	未巳成 魅々	833
05	0	1437	羽風　治癒	しおん
05	0	1438	一二三野夢海	Heptis
05	0	1439	犬居翔介	とらい
05	0	1440	新媛 小春	のあ@Noa_hune
05	0	1441	綾羅木しおり	DENEB
05	0	1442	あ	かい
05	0	1443	一波　三波	狩咲
05	0	1444	沢瀉 顕彰	kibi
05	0	1445	ウォルター	ユーレイ
05	0	1446	アブソリュート＝ライトライン	ho
05	0	1447	火村古織	どくはら
05	0	1448	BranGard	Bran
05	0	1449	七斜目　鳴々子	ムスコ
05	0	1450	天道 一	ディアボロス
05	0	1451	リアン・ジャクソン	leg
05	0	1452	朱莉・ツヴァイ・プレアデス	緋愁　誠
05	0	1453	妖精とバグるゴーレムちゃん	ニュー鶏の
05	0	1454	マリス・カーニバル	mao
05	0	1456	常見　実言	たまち
05	0	1457	内藤隊長	丹
05	0	1458	霧ヶ谷 明依	狂
05	0	1459	蛇の目さん	そうまざらし
05	0	1460	Einsamkeit	刹音
05	0	1461	関 裕美	ホラー
05	0	1462	グランドキリン	しっぽ
05	0	1463	奈夏木 那月	Eins
05	0	1464	新発田 源五郎	kusamakura
05	0	1465	久千奈 しいろ	とゆり
05	0	1466	エル	たぱったー
05	0	1467	空野かなた	VeNE
05	0	1468	がるーん	とりー
05	0	1469	桜海老はまち	i3
05	0	1470	篠居あせび	たわら
05	0	1471	誌群絵 イッチー	kai13
05	0	1472	砂森 緑	tsuncho
05	0	1473	定雪 光一朗	仮
05	0	1474	マジカル☆リサリサ	chairman
05	0	1475	草薙　飛鳥	飛鳥
05	0	1476	時枝 鶴喜	swmr
05	0	1477	お餅犬	みう
05	0	1478	血糊子さん	空理
05	0	1479	機真面目　季色	稲荷屋
05	0	1480	半田パピコリーナ	r
05	0	1481	軽袢 乃珂	TYR
05	0	1482	Misaki	名も亡き声
05	0	1483	尾形　清二	W・ベルハート
05	0	1484	肉売りの狐	わかめ
05	0	1485	-	gao
05	0	1486	■羽伐礼央/LeO	かさね
05	0	1487	マイティメディア	AN
05	0	1488	イレイシア＝ホープ	lenura
05	0	1489	橘　採夏	saica
05	0	1490	面戸宇久狭	ある日のお天気屋
05	0	1491	鮎喰 透	榊
05	0	1492	kari	kakko
05	0	1493	白猫	悠迦
05	0	1494	鉄之家王汰	シノ
05	0	1495	紅　雷牙	ジャスティス
05	0	1496	まだない	まだない
05	0	1497	メーア	CANON
05	0	1498	ミエルヨ	モモンニカミダナ
05	0	1499	諏訪部 清輔	ける
05	0	1500	宮峰・合歓	めぐり
05	0	1501	レレシエ・クリプティアン	シキ
05	0	1502	七海	安藤
05	0	1503	冷泉温海	！にゃん
05	0	1504	柊 真白	山岡
05	0	1505	佐渡千歳	低気圧
05	0	1506	キリエ・アーテライト	紅魔の従者
05	0	1507	万津谷　鏡祐	おみこ
05	0	1508	Orderite（田村進）	ザリガニマン
05	0	1509	ロベリア(中岡優希)	とまとる
05	0	1510	天海結	ぴゃ
05	0	1511	榊代仁	要
05	0	1512	シエラ=レーヴァ	つなかん
05	0	1513	リュコス	blanca
05	0	1514	渕宮　白帆	-127
05	0	1515	黒井　霧人	白色
05	0	1516	月島と愉快な仲間	おもち
05	0	1517	安龍 礼碧	RIN
05	0	1518	嫌堂 茂	有馬 雄三
05	0	1519	チュイ・ユイ	のの
05	0	1520	宮森 美奈子	トマトドリル
05	0	1521	竜姫(仮	ありえん
05	0	1522	端留更田	ヒラミン
05	0	1523	虎大　環五	オカリナ
05	0	1524	浦霞　法子	まさお
05	0	1525	ハル	ゆめ
05	0	1526	桐布田アオリ	TCGおじさん
05	0	1527	相沢　周人	でぃあす
05	0	1528	木下仏滅	んゐ
05	0	1529	エットラゴー	エットラゴー先生
05	0	1530	矢車エリカ	エトワール川島
05	0	1531	亡羊　稀生	popon5050
05	0	1532	軽鳩　千代	mit
05	0	1533	アール	kazaya
05	0	1534	マルドゥック	イティオ
05	0	1535	壱関ハヤノ	トンテキ
05	0	1536	大木ケンタ	ささい
05	0	1537	砂城 透	ねむと
05	0	1538	ソフィア	あしやん
05	0	1539	赤野　楓	付喪
05	0	1540	御堂 直会	sayuru
05	0	1541	日辻野　冥子	アルタナ
05	0	1542	丸い・ウィッチ・ホール	瀬戸セアラ
05	0	1543	ペシャ・カララ	R
05	0	1544	UNKNOWN	chipmunk
05	0	1545	梓河トキワ	ななつ
05	0	1546	エイカ	れいや
05	0	1547	金髪さん	冥界人広場
05	0	1548	人形師サヤ	babo2203
05	0	1549	安居院 ねる	瀬戸
05	0	1550	宵張 ヤスヤ	なつみか
05	0	1551	蕪西シン	もうこ
05	0	1552	イーサ・イサベル	はぐき
05	0	1553	ルミニア・真言	狩宮コウ
05	0	1554	夢路寺 姫乃	sino*
05	0	1555	夢路寺 姫乃	sino*
05	0	1557	千部 赤兎	弥色
05	0	1558	棒太郎	borube
05	0	1559	静寂 椿	なんかの具
05	0	1560	叶野萱場	なしこ
05	0	1561	ハガネ・E・ウィデーレ	野良わんこ
05	0	1562	ふみか	あかひと
05	0	1563	諏訪 悠/弥栄	マヨイゴ
05	0	1564	藤河　あおい	のーむ
05	0	1565	瑠雲	久世
05	0	1567	桜木　辰務	朋
05	0	1568	セイ	楓沙樹
05	0	1569	柏木鑿	s_yh
05	0	1570	リゲア	猫手屋
05	0	1571	久遠　朱莉	とらいあど
05	0	1572	ガストン・クロスフォード	日高昆布
05	0	1573	日明うつぎ	tak
05	0	1574	ヒバナ	ヒバナ
05	0	1576	後遺症ロマンス	おてもと
05	0	1577	寧 丁心	ぶたたけ
05	0	1578	くらこみん	くらこ
05	0	1579	夜桜咲夜	歌唄い
05	0	1580	湖波透	TP
05	0	1581	飯田　灰色	雨
05	0	1582	白花 アイレ	炒めてチーズ
05	0	1583	利門 妬美	利門 そね
05	0	1585	蒼月悠希	蒼月
05	0	1586	少年	?
05	0	1587	よいづき　くらやみ	ただつな
05	0	1588	霧谷 秋二	黒岡
05	0	1589	デッドエンド！	カンラカラカラ
05	0	1590	湯本　龍龍	雪虫
05	0	1591	?	?
05	0	1592	多荘寺誣菜	rayhc
05	0	1593	鈴城 鋼介	蒼竜伍長
05	0	1594	長耳狩りのゴロウザ	zebra51
05	0	1595	天幸龍人	ストーム叉焼
05	0	1596	藤堂透	必死の山田
05	0	1597	ベアトリーチェ・ノイクチェリ	くろん
05	0	1598	九音	solr
05	0	1600	酒匂　みづち	MSK
05	0	1601	暁もこ	padom
05	0	1603	メイヴィス・ラムジー	零史
05	0	1604	防人鳥羽	きくりん
