result_no	generate_no	party_no	party_type	name	member_num	
02	3	1	0	六狐夜行	4
02	3	1	1	六狐夜行	4
02	3	2	0	ラヴィリス	4
02	3	2	1	月の迷宮	4
02	3	3	0	メイドひとり旅	1
02	3	3	1	メイドひとり旅	1
02	3	4	0	ピップパップギー	4
02	3	4	1	ピップパップギー	4
02	3	5	0	レッツゴー	4
02	3	5	1	レッツゴー	4
02	3	6	0	Quartet	3
02	3	6	1	Quartet	4
02	3	8	0	（仮PT名）	4
02	3	8	1	（仮PT名）	4
02	3	10	0	荊-Crown	4
02	3	10	1	荊-Crown	4
02	3	11	0	のんびりもちもち	1
02	3	11	1	のんびりもちもち	1
02	3	12	0	TeamNo.430	2
02	3	12	1	TeamNo.12	2
02	3	13	0	TeamNo.13	4
02	3	13	1	TeamNo.13	4
02	3	14	0	昏迷せし彷徨者	4
02	3	14	1	ワンワンらんどのヤバいやつら	4
02	3	15	0	ゴミを減らして持続可能なイバラシティへ	1
02	3	15	1	ゴミを減らして持続可能なイバラシティへ	1
02	3	16	0	TeamNo.16	1
02	3	16	1	TeamNo.16	1
02	3	17	0	花♥遊記	4
02	3	17	1	花♥遊記	4
02	3	18	0	魔法使い達の宴	4
02	3	18	1	魔法使い達の宴	4
02	3	19	0	ファッションファッションモンスター	4
02	3	19	1	ファッションファッションモンスター	4
02	3	20	0	わんぱくごっくん	4
02	3	20	1	わんぱくごっくん	4
02	3	21	0	ここにパーティ名を入力	3
02	3	21	1	ここにパーティ名を入力	4
02	3	22	0	仄暗い否定の世界から	4
02	3	22	1	カワイイボクと愉快なアンジたち	4
02	3	23	0	TeamNo.23	1
02	3	23	1	TeamNo.23	1
02	3	24	0	アンジニティ異形の会	1
02	3	24	1	アンジニティ異形の会	4
02	3	25	0	霞月メンバー	4
02	3	25	1	最高に可愛らしいパーフェクトますみ様と霞月の仲間たち	4
02	3	26	0	餅花冬夏	4
02	3	26	1	餅花冬夏	4
02	3	27	0	転生チートかと思ったらバトルはタライしか使えねぇ！	1
02	3	27	1	転生チートかと思ったらバトルはタライしか使えねぇ！	1
02	3	28	0	わくわく寄せ集め	4
02	3	28	1	狭間特別探索隊	4
02	3	29	0	塵も積もれば島となる	4
02	3	29	1	塵も積もれば島となる	4
02	3	31	0	Naughsinitet	4
02	3	31	1	Naughsinitet	4
02	3	32	0	絶対暴食	3
02	3	32	1	絶対暴食	4
02	3	33	0	サラリーマン外郎と愉快な仲間達	4
02	3	33	1	おきつねさま珍道中	4
02	3	34	1	TeamNo.34	1
02	3	35	0	山狩り	2
02	3	35	1	山狩り	2
02	3	36	0	茨街警察　鋼鉄支部パトロール課	4
02	3	36	1	荊街警察　鋼鉄支部パトロール課	4
02	3	37	0	イバラギオン	4
02	3	37	1	イバラギオン	3
02	3	39	0	TeamNo.39	1
02	3	39	1	TeamNo.39	1
02	3	40	0	～顔合わせすらまだ～	4
02	3	40	1	～顔合わせすらまだ～	4
02	3	41	0	龍神降臨	4
02	3	41	1	レッドストーム	4
02	3	42	0	TeamNo.42	1
02	3	42	1	TeamNo.42	1
02	3	43	0	уединение	4
02	3	43	1	уединение	4
02	3	45	1	TeamNo.45	4
02	3	46	0	正運極心	4
02	3	46	1	正運極心	4
02	3	47	1	千の風をこえて	1
02	3	48	0	改造霊柩車『火車号』	3
02	3	48	1	改造霊柩車『火車号』	3
02	3	49	0	悪の怪人幹部眼鏡おじさんズ	3
02	3	49	1	XYZ先遣隊	3
02	3	50	0	TeamNo.50	1
02	3	50	1	TeamNo.50	1
02	3	51	0	TeamNo.51	1
02	3	51	1	TeamNo.51	1
02	3	53	0	異形狩り三人娘	1
02	3	53	1	異形狩り三人娘	3
02	3	54	0	チームまのもの	1
02	3	54	1	チームまのもの	4
02	3	55	0	狂人共の行軍記	4
02	3	55	1	狂人共の行軍記	4
02	3	59	0	熱血☆アンジニ✭戦隊インジャスティスフォース	4
02	3	59	1	熱血☆アンジニ✭戦隊インジャスティスフォース	4
02	3	61	0	三匹集えばわんわんわん	3
02	3	61	1	三匹集えばわんわんわん	3
02	3	62	0	ちーむまのもの！	2
02	3	63	0	黄昏時の探索者	1
02	3	63	1	黄昏時の探索者	1
02	3	64	0	下町商人連合	4
02	3	64	1	下町商人連合	4
02	3	65	0	働きたくない	1
02	3	65	1	働きたくない	1
02	3	67	0	裏切り者は狭間の夢を見るか	4
02	3	67	1	トワイライト・クロス	4
02	3	68	0	ちっちゃいもの倶楽部with引率者	4
02	3	68	1	ちっちゃいもの倶楽部with引率者	4
02	3	69	0	元ヤン	1
02	3	69	1	元ヤン	1
02	3	70	0	寿司は無慈悲な食の女王	3
02	3	70	1	寿司は無慈悲な食の女王	3
02	3	71	0	竜の尻尾：海の側隊	3
02	3	71	1	竜の尻尾：海の側隊	3
02	3	72	0	男だらけのラッコ鍋大会	3
02	3	72	1	合流できたかな？	4
02	3	73	0	闇鍋パーティ	3
02	3	73	1	創藍高校生徒一同＋１	4
02	3	74	0	Very bloody	4
02	3	74	1	サイコーbloody	4
02	3	75	0	紅茶と醤油と新聞とゴリラと	4
02	3	75	1	紅茶と醤油と新聞とゴリラと	4
02	3	76	0	チームまのもの	1
02	3	77	0	TeamNo.805	4
02	3	77	1	TeamNo.77	2
02	3	79	0	Sinus Lunicus	4
02	3	79	1	べとれいやー	4
02	3	80	0	TeamNo.80	1
02	3	80	1	TeamNo.80	1
02	3	85	0	TeamNo.85	1
02	3	88	0	カピバラお兄さんと愉快な仲間たち	4
02	3	88	1	カピバラお兄さんと愉快な仲間たち	4
02	3	90	0	TeamNo.90	1
02	3	91	0	翔射隊	3
02	3	91	1	翔射隊	3
02	3	93	0	千夜天水	4
02	3	93	1	千夜天水	4
02	3	94	0	シェアヴィランズ	3
02	3	94	1	シェアヴィランズ	4
02	3	95	0	ブレーメン	4
02	3	95	1	ブレーメン	4
02	3	96	0	ひとにやさしく	1
02	3	96	1	ひとにやさしく	2
02	3	97	0	TeamNo.97	1
02	3	97	1	TeamNo.97	1
02	3	98	0	毒と影	3
02	3	98	1	現地解散	3
02	3	100	0	TeamNo.292	2
02	3	100	1	TeamNo.100	3
02	3	101	0	宇宙猫	4
02	3	101	1	宇宙猫	4
02	3	102	0	BBA＆DK	2
02	3	102	1	BBA＆DK	2
02	3	104	0	猫と和解せよ	3
02	3	104	1	猫と和解せよ	3
02	3	105	0	TeamNo.105	1
02	3	105	1	TeamNo.105	1
02	3	106	0	TeamNo.106	1
02	3	106	1	TeamNo.106	1
02	3	107	0	意識低い系	1
02	3	107	1	わかめ	4
02	3	109	0	大和魂菓子十字騎士団	4
02	3	109	1	迷子の迷子のアンジニティのお客様、榊様がお探しです。	4
02	3	112	0	タスクフォーサー	1
02	3	112	1	タスクフォーサー	4
02	3	114	0	通り雨	4
02	3	114	1	通り雨	4
02	3	116	0	創峰大選抜・突貫野郎G(enius)チーム	4
02	3	116	1	創峰大選抜・突貫野郎G(enius)チーム	4
02	3	117	0	鋼響戦隊	4
02	3	117	1	鋼響戦隊	4
02	3	122	0	秘密結社『欠けた蜜蝋』	4
02	3	122	1	秘密結社『欠けた蜜蝋』	4
02	3	124	0	暗がりの除け者共	2
02	3	124	1	暗がりの除け者共	2
02	3	125	0	ややふんわりとしたもの	4
02	3	125	1	ややふんわりとしたもの	4
02	3	127	0	TeamNo.127	1
02	3	127	1	TeamNo.127	1
02	3	128	0	TeamNo.166	2
02	3	128	1	TeamNo.128	2
02	3	129	0	たらこ防衛隊	3
02	3	129	1	たらこ防衛隊	3
02	3	131	0	高校生チーム	4
02	3	131	1	カラオケ平均31.25点	4
02	3	133	0	TeamNo.133	1
02	3	133	1	TeamNo.133	1
02	3	137	0	ツキナミ大学付属高校・ソ研	4
02	3	137	1	ツキナミ大学付属高校・ソ研	4
02	3	138	0	西からきた戎	1
02	3	138	1	西からきた戎	1
02	3	139	0	TeamNo.139	1
02	3	139	1	TeamNo.139	1
02	3	140	0	chimeRa	4
02	3	140	1	chimeRa	4
02	3	142	0	DV研究会	2
02	3	142	1	DV研究会	4
02	3	144	0	TeamNo.411	2
02	3	144	1	TeamNo.144	2
02	3	145	0	ひとみちゃんと愉快な仲間たち	4
02	3	145	1	ひとみちゃんと愉快な仲間たち	4
02	3	146	0	黄金の味	4
02	3	146	1	黄金の味	4
02	3	147	0	TeamNo.147	1
02	3	147	1	TeamNo.147	1
02	3	148	0	狭間ベルルン滞在記	4
02	3	148	1	狭間ベルルン滞在記	4
02	3	153	0	TeamNo.153	1
02	3	153	1	TeamNo.153	1
02	3	154	0	TeamNo.154	1
02	3	154	1	TeamNo.154	1
02	3	155	0	TriQ Shots	4
02	3	155	1	TRIQSHOT	4
02	3	158	0	エレクトリック・カフェ	4
02	3	158	1	エレクトリック・カフェ	4
02	3	159	0	†炎色めく漆黒の怒り†	4
02	3	159	1	†炎色めく漆黒の怒り†	4
02	3	161	0	TeamNo.161	1
02	3	161	1	TeamNo.161	1
02	3	162	0	TeamNo.162	1
02	3	162	1	TeamNo.162	1
02	3	165	0	外見から職業を当ててみよう	4
02	3	165	1	外見から職業を当ててみよう	4
02	3	167	0	白兎の島渡りチャレンジ	1
02	3	167	1	白兎の島渡りチャレンジ	1
02	3	168	0	TeamNo.168	1
02	3	168	1	天使様のお笑い珍道中　～愉快な仲間達を添えて～	4
02	3	170	0	鵺 -nue-	3
02	3	170	1	鵺 -nue-	4
02	3	172	0	くってけ屋組	3
02	3	172	1	くってけ屋組	4
02	3	179	0	TeamNo.179	2
02	3	179	1	TeamNo.179	2
02	3	180	0	秘密結社フリーパーソン	2
02	3	180	1	秘密結社フリーパーソン	2
02	3	181	0	海の側隊	4
02	3	181	1	竜の尻尾：海の側隊	4
02	3	184	0	けんちんそば	1
02	3	185	0	TeamNo.185	1
02	3	185	1	test	4
02	3	186	0	乙倉組	2
02	3	186	1	乙倉組	2
02	3	187	0	TeamNo.187	4
02	3	187	1	TeamNo.187	4
02	3	192	0	アンデッドとナイトメア	1
02	3	192	1	アンデッドとナイトメア	2
02	3	194	0	コンテナと愉快な『兄弟』達	3
02	3	194	1	コンテナと愉快な『兄弟』達	4
02	3	198	0	夕礼書店調査隊	4
02	3	198	1	夕礼書店調査隊	4
02	3	199	0	カイゼルクロイツ	4
02	3	199	1	何がどうしてこうなった	4
02	3	201	0	TeamNo.201	1
02	3	204	0	TeamNo.204	1
02	3	204	1	TeamNo.204	1
02	3	205	0	TeamNo.205	1
02	3	205	1	TeamNo.205	1
02	3	206	0	本棚と男とわたし	2
02	3	206	1	本棚と男とわたし	2
02	3	207	0	TeamNo.207	1
02	3	208	0	ガーレイファ	4
02	3	208	1	ガーレイファ	4
02	3	210	0	ハザマ探検隊	1
02	3	210	1	ハザマ探検隊	1
02	3	211	0	わるいアンジのお姉さん	4
02	3	211	1	くりぬきうさぎ	4
02	3	213	0	ヤーさんと愉快な仲間たち	2
02	3	213	1	(・　・)	2
02	3	216	0	ペトリコール	2
02	3	216	1	ペトリコール	2
02	3	219	0	紅玉探偵事務所	2
02	3	219	1	紅玉探偵事務所	1
02	3	220	0	JC/DK/保護者/保護柱（大）	4
02	3	220	1	JC/DK/保護者/保護柱（大）	4
02	3	221	0	混沌の守護者	1
02	3	221	1	混沌の守護者	1
02	3	222	0	闇夜に仕掛ける	3
02	3	222	1	闇夜に仕掛ける	3
02	3	224	0	かわいいどうぶつさんとゆかいななかまたち	2
02	3	224	1	かわいいどうぶつさんとゆかいななかまたち	3
02	3	225	0	わさびは食べません！	4
02	3	225	1	わさびは食べません！	4
02	3	227	0	きみ	1
02	3	227	1	きみ	1
02	3	228	0	負け大罪	3
02	3	228	1	忘れられた罪	3
02	3	229	0	TeamNo.229	1
02	3	229	1	TeamNo.229	1
02	3	230	0	凶	3
02	3	230	1	凶	4
02	3	231	0	TeamNo.231	1
02	3	231	1	TeamNo.231	1
02	3	237	0	TeamNo.544	4
02	3	237	1	TeamNo.237	4
02	3	238	0	七転八倒九展開	3
02	3	238	1	七転八倒九展開	2
02	3	239	0	まえのめりーず	4
02	3	239	1	まえのめりーず	4
02	3	240	0	梟の住処	4
02	3	240	1	梟の住処	4
02	3	242	0	TeamNo.242	1
02	3	242	1	TeamNo.242	1
02	3	244	0	TeamNo.351	4
02	3	244	1	TeamNo.244	4
02	3	246	0	ちりちり☆ちっぷすたー	1
02	3	247	0	TeamNo.247	1
02	3	247	1	TeamNo.247	1
02	3	248	0	ゆるりとまったり一人旅	1
02	3	248	1	ゆるりとまったり一人旅	1
02	3	250	0	<人を呪わば穴二つ>	1
02	3	250	1	<人を呪わば穴二つ>	1
02	3	253	0	TeamNo.253	1
02	3	253	1	TeamNo.253	1
02	3	254	0	イバラ部特別捜査隊さっちゃんず	4
02	3	254	1	イバラ部特別捜査隊さっちゃんず	4
02	3	256	0	TeamNo.256	1
02	3	256	1	TeamNo.256	1
02	3	258	0	TeamNo.258	1
02	3	258	1	TeamNo.769	4
02	3	259	0	TeamNo.259	3
02	3	259	1	TeamNo.259	3
02	3	262	0	TeamNo.262	1
02	3	262	1	TeamNo.262	1
02	3	263	0	TeamNo.263	1
02	3	263	1	TeamNo.263	1
02	3	264	0	チームの親睦はこれから深め隊	3
02	3	264	1	チームの親睦はこれから深め隊	4
02	3	266	1	TeamNo.266	1
02	3	269	0	職質は簡便な！	4
02	3	269	1	職質は簡便な！	4
02	3	271	0	TeamNo.271	1
02	3	271	1	TeamNo.271	1
02	3	274	0	獅狼の戦士達	2
02	3	274	1	獅狼の戦士達	2
02	3	275	0	TeamNo.275	1
02	3	275	1	TeamNo.275	1
02	3	276	0	TeamNo.276	1
02	3	276	1	TeamNo.276	1
02	3	278	0	TeamNo.793	2
02	3	278	1	TeamNo.278	2
02	3	280	0	TeamNo.280	1
02	3	280	1	TeamNo.280	1
02	3	281	0	*** Surprised you!	4
02	3	281	1	*** Surprised you!	4
02	3	282	0	TeamNo.282	1
02	3	282	1	TeamNo.282	1
02	3	286	0	Teamさかなへん	3
02	3	286	1	Teamさかなへん	3
02	3	288	0	一輪の聖なる花	2
02	3	288	1	一輪の聖なる花	2
02	3	290	0	少年と少女	2
02	3	290	1	少年と少女	2
02	3	291	0	TeamNo.291	2
02	3	291	1	TeamNo.291	2
02	3	293	0	TeamNo.293	1
02	3	293	1	TeamNo.293	1
02	3	297	0	【＆】	2
02	3	297	1	【＆】	2
02	3	300	0	はぐれものの狼煙	4
02	3	300	1	はぐれものの狼煙	4
02	3	302	0	茨の結界	4
02	3	302	1	神社戦隊エクサカリバー	4
02	3	305	0	TeamNo.305	1
02	3	305	1	TeamNo.305	1
02	3	307	0	熾す魂火	4
02	3	307	1	熾す魂火	4
02	3	309	0	めぇ～	2
02	3	309	1	TeamNo.309	1
02	3	312	0	ぽんぽこトリオ	3
02	3	312	1	ぽんぽこトリオ	3
02	3	313	0	TeamNo.313	1
02	3	313	1	TeamNo.313	1
02	3	314	0	イバラ組＠マガサエコービル	1
02	3	314	1	イバラ組＠マガサエコービル	4
02	3	316	0	TeamNo.316	1
02	3	316	1	TeamNo.316	1
02	3	318	0	TeamNo.318	1
02	3	318	1	TeamNo.318	1
02	3	321	0	フリージア	3
02	3	321	1	フリージア	4
02	3	327	0	犬と狐	1
02	3	327	1	犬と狐	2
02	3	328	0	《借りぐらしの恩返し》	1
02	3	328	1	《借りぐらしの恩返し》	1
02	3	330	0	カランド	2
02	3	330	1	カランド	2
02	3	333	0	血薔薇姫	1
02	3	333	1	血薔薇姫	1
02	3	334	0	TeamNo.334	1
02	3	334	1	TeamNo.334	1
02	3	336	0	アンジニティ異形の会	1
02	3	338	0	シャケニングレイ	2
02	3	338	1	シャケニングレイ	2
02	3	341	1	TeamNo.341	1
02	3	342	0	Y.S.D.P	4
02	3	342	1	"保護するもの"	4
02	3	343	0	千の風をこえて	2
02	3	343	1	千の風をこえて	2
02	3	347	0	TeamNo.347	1
02	3	347	1	TeamNo.347	1
02	3	352	0	のんびり下山ハイキングチーム	3
02	3	352	1	のんびり下山ハイキングチーム	4
02	3	353	0	test	1
02	3	359	0	TeamNo.363	4
02	3	359	1	TeamNo.359	4
02	3	361	0	影の海楽団	4
02	3	361	1	影の海楽団	4
02	3	362	0	TeamNo.362	1
02	3	362	1	TeamNo.362	1
02	3	365	0	TeamNo.1447	4
02	3	365	1	TeamNo.365	4
02	3	368	0	TeamNo.368	1
02	3	368	1	TeamNo.368	1
02	3	370	0	ハザマ体験ツアー	4
02	3	370	1	ハザマ体験ツアー	4
02	3	371	0	孤高の七人衆	1
02	3	371	1	孤高の七人衆	1
02	3	374	0	ゆるふわもっちり	1
02	3	374	1	ゆるふわもっちり	1
02	3	379	0	TeamNo.379	1
02	3	379	1	TeamNo.379	1
02	3	381	0	古武術山本流	1
02	3	381	1	古武術山本流	1
02	3	385	0	カラーフール	3
02	3	385	1	TeamNo.385	2
02	3	387	0	TeamNo.387	1
02	3	387	1	TeamNo.387	1
02	3	393	1	毒と影	3
02	3	394	0	パンはおかずに入りますか？	4
02	3	394	1	パンはおかずに入りますか？	2
02	3	395	0	ドギースタッフサービス	1
02	3	396	0	TeamNo.396	1
02	3	396	1	TeamNo.396	1
02	3	397	0	TeamNo.397	1
02	3	397	1	TeamNo.397	1
02	3	402	0	TeamNo.402	1
02	3	402	1	TeamNo.402	1
02	3	403	0	ねこいっぴき	1
02	3	403	1	ねこいっぴき	1
02	3	404	0	404 Not Found	1
02	3	404	1	404 Not Found	1
02	3	405	0	Otherworldy In a Dream	1
02	3	405	1	Otherworldy In a Dream	1
02	3	406	0	TeamNo.406	1
02	3	406	1	TeamNo.406	1
02	3	408	0	ダークウォーカー	2
02	3	408	1	ダークウォーカー	2
02	3	409	0	TeamNo.409	1
02	3	409	1	TeamNo.409	1
02	3	410	0	TeamNo.410	1
02	3	410	1	TeamNo.410	1
02	3	412	0	幸せを探すPT	2
02	3	412	1	人参とピーラー	1
02	3	413	0	初心者引率チーム	4
02	3	413	1	初心者引率チーム	4
02	3	414	0	ハザマで出会って徒然	1
02	3	414	1	ハザマで出会って徒然	2
02	3	415	0	水陰草	4
02	3	415	1	水陰草	4
02	3	416	0	1132416	2
02	3	416	1	1132416	2
02	3	419	0	TeamNo.428	4
02	3	419	1	TeamNo.419	4
02	3	420	0	TeamNo.420	1
02	3	420	1	TeamNo.420	1
02	3	421	0	TeamNo.421	1
02	3	421	1	TeamNo.543	3
02	3	422	0	TeamNo.422	1
02	3	422	1	TeamNo.422	1
02	3	426	0	TeamNo.426	1
02	3	426	1	TeamNo.426	1
02	3	429	0	ツキガミ☆ハイム	4
02	3	429	1	ツキガミ☆ハイム	4
02	3	436	0	TeamNo.436	1
02	3	436	1	TeamNo.436	1
02	3	439	0	TeamNo.439	3
02	3	439	1	TeamNo.439	3
02	3	440	0	TeamNo.440	1
02	3	440	1	TeamNo.440	1
02	3	442	0	TeamNo.442	1
02	3	442	1	TeamNo.442	1
02	3	446	0	ジジババ格差社会の縮図	2
02	3	446	1	ジジババ格差社会の縮図	2
02	3	449	0	TeamNo.449	1
02	3	449	1	TeamNo.449	1
02	3	451	0	イバラシティ防衛隊（仮）	4
02	3	451	1	イバラシティ防衛隊（仮）	4
02	3	454	0	TeamNo.454	1
02	3	455	0	タビネコ	1
02	3	455	1	タビネコ	1
02	3	456	0	TeamNo.456	1
02	3	456	1	TeamNo.456	1
02	3	459	0	TeamNo.459	1
02	3	459	1	TeamNo.459	1
02	3	460	0	TeamNo.460	1
02	3	460	1	TeamNo.460	1
02	3	461	0	TeamNo.461	1
02	3	462	0	カルンスタイン	2
02	3	462	1	カルンスタイン	2
02	3	468	0	凪の水平線	2
02	3	468	1	白線の内側にお下がりください	2
02	3	471	0	いつか見た景色	4
02	3	471	1	いつか見た景色	4
02	3	472	0	えるえるきゅんきゅん、えるきゅんきゅん。	1
02	3	472	1	えるえるきゅんきゅん、えるきゅんきゅん。	1
02	3	473	0	Flower CHARM	1
02	3	473	1	Flower CHARM	1
02	3	476	0	天使様のお笑い珍道中　～愉快な仲間達を添えて～	1
02	3	477	0	TeamNo.477	1
02	3	477	1	TeamNo.477	1
02	3	479	0	TeamNo.479	1
02	3	479	1	TeamNo.479	1
02	3	481	0	おはようございます	1
02	3	481	1	おはようございます	1
02	3	484	0	TeamNo.484	1
02	3	484	1	TeamNo.484	1
02	3	485	0	かみがかり	4
02	3	485	1	かみがかり	4
02	3	486	1	TeamNo.486	2
02	3	487	0	星の十字教団Ⅱ号隊	4
02	3	487	1	星の十字教団Ⅱ号隊	4
02	3	490	0	TeamNo.490	1
02	3	490	1	TeamNo.490	1
02	3	491	0	TeamNo.491	1
02	3	491	1	TeamNo.491	1
02	3	492	0	TeamNo.492	1
02	3	492	1	TeamNo.492	1
02	3	494	0	TeamNo.494	1
02	3	494	1	TeamNo.494	1
02	3	495	0	反魂繁栄反照花畑	2
02	3	495	1	反魂繁栄反照花畑	2
02	3	496	0	TeamNo.496	1
02	3	496	1	TeamNo.496	1
02	3	497	0	独立愚連隊	1
02	3	497	1	独立愚連隊	1
02	3	500	0	TeamNo.500	1
02	3	500	1	TeamNo.500	1
02	3	501	0	現地解散（仮）	1
02	3	502	0	おれたちのぼうけんのしょ	3
02	3	502	1	おれたちのぼうけんのしょ	3
02	3	504	0	激闘アザラシ軍団	2
02	3	504	1	激闘アザラシ軍団	2
02	3	506	0	ひよこは飲み物	4
02	3	506	1	ひよこは飲み物	4
02	3	509	0	TeamNo.509	1
02	3	509	1	TeamNo.509	1
02	3	510	0	TeamNo.510	1
02	3	510	1	仮	3
02	3	511	0	TeamNo.511	1
02	3	511	1	TeamNo.511	1
02	3	512	0	TeamNo.512	1
02	3	514	0	TeamNo.514	1
02	3	516	0	TeamNo.516	1
02	3	516	1	TeamNo.516	1
02	3	518	0	ハザマでの群れ	3
02	3	518	1	ハザマでの群れ	4
02	3	519	0	TeamNo.519	1
02	3	519	1	TeamNo.519	1
02	3	520	0	TeamNo.520	1
02	3	520	1	TeamNo.520	1
02	3	522	0	Jeune fille magique	4
02	3	522	1	Jeune fille magique	4
02	3	526	0	はいずるものたち	4
02	3	526	1	はいずるものたち	4
02	3	527	0	TeamNo.527	1
02	3	527	1	TeamNo.527	1
02	3	529	0	黒いお姉さんの愉快な冒険	1
02	3	529	1	黒いお姉さんの愉快な冒険	1
02	3	530	0	TeamNo.530	1
02	3	530	1	TeamNo.530	1
02	3	531	0	TeamNo.531	1
02	3	531	1	TeamNo.531	1
02	3	532	0	TeamNo.532	1
02	3	532	1	TeamNo.532	1
02	3	533	0	TeamNo.533	1
02	3	533	1	TeamNo.533	1
02	3	535	0	星彩少女と従者ウサギ	1
02	3	535	1	星彩少女と従者ウサギ	1
02	3	537	0	星追うよだか	2
02	3	537	1	星追うよだか	2
02	3	541	0	TeamNo.541	1
02	3	541	1	TeamNo.541	1
02	3	542	0	麟を獲たり	1
02	3	542	1	麟を獲たり	1
02	3	543	0	TeamNo.543	1
02	3	545	0	TeamNo.545	1
02	3	545	1	TeamNo.545	1
02	3	547	0	TeamNo.547	1
02	3	547	1	TeamNo.547	1
02	3	548	0	TeamNo.548	1
02	3	549	0	お友達いっぱい	4
02	3	549	1	お友達いっぱい	2
02	3	550	0	TeamNo.550	1
02	3	550	1	TeamNo.550	1
02	3	551	0	は？侵略？･･･は？？？	1
02	3	551	1	は？侵略？･･･は？？？	1
02	3	555	0	TeamNo.555	1
02	3	555	1	TeamNo.555	1
02	3	559	0	TeamNo.559	1
02	3	559	1	TeamNo.559	1
02	3	560	0	４人が往く～すみません、ここどこですか？～	4
02	3	560	1	【Stairwell】ご飯おいしいは正義	4
02	3	563	0	邪神のお戯れ	1
02	3	563	1	邪神のお戯れ	1
02	3	566	0	バッド・ボーイズ	4
02	3	566	1	TeamNo.566	3
02	3	570	0	陸海空(席)イバラ征服するなんて	2
02	3	570	1	陸海空イバラ征服するなんて	2
02	3	571	0	TeamNo.571	1
02	3	571	1	TeamNo.571	1
02	3	574	0	TeamNo.574	1
02	3	574	1	TeamNo.574	1
02	3	575	0	地獄	2
02	3	575	1	地獄	1
02	3	577	0	TeamNo.577	1
02	3	577	1	TeamNo.577	1
02	3	579	0	TeamNo.579	4
02	3	579	1	TeamNo.579	4
02	3	582	1	TeamNo.582	1
02	3	586	0	TeamNo.586	1
02	3	586	1	TeamNo.586	1
02	3	587	0	TeamNo.886	2
02	3	587	1	TeamNo.587	2
02	3	588	0	TeamNo.588	1
02	3	588	1	TeamNo.588	1
02	3	591	0	TeamNo.591	1
02	3	591	1	TeamNo.591	1
02	3	594	0	TeamNo.594	1
02	3	594	1	TeamNo.594	1
02	3	597	0	もずくパーティ	3
02	3	597	1	もずくパーティ	3
02	3	598	0	TeamNo.598	1
02	3	601	0	TeamNo.601	1
02	3	601	1	TeamNo.601	1
02	3	602	0	TeamNo.602	1
02	3	602	1	TeamNo.602	1
02	3	605	1	TeamNo.605	1
02	3	606	0	TeamNo.606	1
02	3	606	1	TeamNo.606	1
02	3	608	0	ガラ・マンドゥ	3
02	3	608	1	ガラ・マンドゥ	3
02	3	611	0	TeamNo.611	1
02	3	611	1	TeamNo.611	1
02	3	613	0	TeamNo.613	1
02	3	613	1	TeamNo.613	1
02	3	614	0	TeamNo.614	1
02	3	614	1	TeamNo.614	1
02	3	619	0	TeamNo.619	1
02	3	619	1	TeamNo.619	2
02	3	622	0	TeamNo.622	1
02	3	622	1	TeamNo.622	1
02	3	623	1	TeamNo.623	2
02	3	624	0	創藍1-1女子	4
02	3	624	1	創藍オカルト研究部	4
02	3	627	0	TeamNo.627	1
02	3	627	1	TeamNo.627	1
02	3	628	0	キナコ軍	1
02	3	628	1	キナコ軍	1
02	3	630	0	TeamNo.630	1
02	3	630	1	TeamNo.630	1
02	3	637	0	TeamNo.637	1
02	3	637	1	TeamNo.637	1
02	3	639	0	TeamNo.639	1
02	3	639	1	TeamNo.639	1
02	3	645	0	TeamNo.645	1
02	3	645	1	TeamNo.645	1
02	3	646	0	TeamNo.646	1
02	3	646	1	TeamNo.646	1
02	3	647	0	TeamNo.647	1
02	3	647	1	TeamNo.647	1
02	3	648	0	TeamNo.648	1
02	3	648	1	TeamNo.648	1
02	3	650	0	TeamNo.650	1
02	3	650	1	TeamNo.650	1
02	3	652	0	TeamNo.652	1
02	3	652	1	TeamNo.652	1
02	3	655	0	TeamNo.655	1
02	3	655	1	犬の散歩	4
02	3	656	0	TeamNo.656	4
02	3	656	1	TeamNo.656	4
02	3	657	0	TeamNo.657	1
02	3	657	1	TeamNo.657	1
02	3	658	0	TeamNo.658	1
02	3	658	1	TeamNo.658	1
02	3	659	0	幽霊少年と発光少女	1
02	3	659	1	幽霊少年と発光少女	2
02	3	661	0	TeamNo.661	1
02	3	661	1	TeamNo.661	1
02	3	665	0	TeamNo.665	1
02	3	665	1	TeamNo.665	1
02	3	666	0	TeamNo.666	1
02	3	666	1	TeamNo.666	1
02	3	670	0	TeamNo.670	1
02	3	670	1	TeamNo.670	1
02	3	672	0	ア	1
02	3	682	0	TeamNo.682	1
02	3	682	1	TeamNo.682	1
02	3	683	1	TeamNo.683	1
02	3	684	0	TeamNo.684	1
02	3	684	1	TeamNo.684	1
02	3	685	1	TeamNo.685	1
02	3	687	0	ヤンキーくんとメガネくん	1
02	3	687	1	ヤンキーくんとメガネくん	2
02	3	688	0	TeamNo.688	1
02	3	688	1	TeamNo.688	1
02	3	691	0	燐火とヤバい仲間たち	3
02	3	691	1	燐火とヤバい仲魔たち	3
02	3	692	0	籠の鳥	2
02	3	692	1	籠の鳥	2
02	3	693	0	アンジニティ異形の会	1
02	3	694	0	TeamNo.694	1
02	3	694	1	TeamNo.694	1
02	3	695	0	TeamNo.695	1
02	3	695	1	TeamNo.695	1
02	3	697	0	TeamNo.697	1
02	3	697	1	TeamNo.697	1
02	3	699	0	彷徨う者共	3
02	3	699	1	彷徨う者共	3
02	3	702	0	TeamNo.702	1
02	3	702	1	TeamNo.702	1
02	3	703	0	侵入者	1
02	3	703	1	侵入者	1
02	3	704	1	TeamNo.704	1
02	3	706	0	TeamNo.706	1
02	3	709	0	星の十字教団	1
02	3	711	0	TeamNo.711	1
02	3	718	0	TeamNo.718	1
02	3	718	1	TeamNo.718	1
02	3	719	0	㈱エターナルフォース	2
02	3	719	1	㈱エターナルフォース	2
02	3	723	0	毒と影	1
02	3	724	1	TeamNo.724	1
02	3	725	0	スタークルセイダーズ	1
02	3	726	0	TeamNo.726	1
02	3	726	1	TeamNo.726	1
02	3	728	0	破戒僧	1
02	3	728	1	破戒僧	1
02	3	731	0	TeamNo.731	1
02	3	731	1	TeamNo.731	1
02	3	734	0	TeamNo.734	1
02	3	734	1	TeamNo.734	1
02	3	735	0	アンジニチィ	3
02	3	735	1	アンジニチィ	3
02	3	736	0	タクシー！	1
02	3	736	1	タクシー！	1
02	3	737	0	一羽烏	1
02	3	737	1	一羽烏	1
02	3	741	0	行き当たりばったり4人組	4
02	3	741	1	行き当たりばったり4人組	4
02	3	742	0	たこパしよ！！	1
02	3	745	0	TeamNo.745	1
02	3	746	0	TeamNo.746	1
02	3	746	1	TeamNo.746	1
02	3	749	0	仮	2
02	3	750	0	TeamNo.750	1
02	3	750	1	TeamNo.750	1
02	3	752	0	TeamNo.752	1
02	3	752	1	TeamNo.752	1
02	3	753	0	TeamNo.753	2
02	3	753	1	TeamNo.753	3
02	3	756	0	TeamNo.756	1
02	3	756	1	TeamNo.756	1
02	3	757	0	TeamNo.757	1
02	3	757	1	TeamNo.757	1
02	3	758	0	TeamNo.758	1
02	3	758	1	TeamNo.758	1
02	3	759	0	TeamNo.759	1
02	3	759	1	TeamNo.759	1
02	3	763	0	TeamNo.763	1
02	3	763	1	TeamNo.763	1
02	3	767	0	TeamNo.946	4
02	3	767	1	TeamNo.767	4
02	3	769	0	TeamNo.769	1
02	3	770	0	TeamNo.770	1
02	3	771	0	TeamNo.771	1
02	3	772	0	TeamNo.772	1
02	3	772	1	TeamNo.772	1
02	3	773	0	TeamNo.773	1
02	3	773	1	TeamNo.773	1
02	3	774	0	TeamNo.774	1
02	3	774	1	TeamNo.774	1
02	3	778	0	TeamNo.778	1
02	3	778	1	TeamNo.778	1
02	3	779	0	TeamNo.779	1
02	3	779	1	TeamNo.779	1
02	3	781	0	TeamNo.781	1
02	3	781	1	TeamNo.781	1
02	3	782	0	血盟の行進	4
02	3	782	1	血盟の行進	2
02	3	783	0	雪原を行く者	3
02	3	783	1	雪原を行く者	3
02	3	787	0	TeamNo.787	1
02	3	787	1	TeamNo.787	1
02	3	790	0	TeamNo.790	1
02	3	790	1	TeamNo.790	1
02	3	794	0	TeamNo.794	1
02	3	794	1	TeamNo.794	1
02	3	795	0	TeamNo.795	1
02	3	795	1	TeamNo.795	1
02	3	796	0	TeamNo.796	1
02	3	796	1	TeamNo.796	1
02	3	798	0	幽霊少年と発光少女	1
02	3	799	0	TeamNo.799	1
02	3	799	1	ふたりぼっち	2
02	3	800	0	避田高校D.D部	4
02	3	800	1	避田高校D.D部	4
02	3	801	0	“夕暮れ怪異”は懺悔する	1
02	3	801	1	“夕暮れ怪異”は懺悔する	1
02	3	804	0	犬の散歩	3
02	3	808	0	TeamNo.808	1
02	3	809	0	TeamNo.809	1
02	3	809	1	TeamNo.809	1
02	3	811	0	TeamNo.811	1
02	3	811	1	TeamNo.811	1
02	3	813	0	すてきなくまのかわいいおしえ	2
02	3	813	1	すてきなくまのかわいいおしえ	2
02	3	817	0	TeamNo.817	1
02	3	817	1	TeamNo.817	1
02	3	826	0	TeamNo.826	1
02	3	826	1	TeamNo.826	1
02	3	828	0	白紙の英雄譚	2
02	3	828	1	白紙の英雄譚	2
02	3	830	0	TeamNo.830	1
02	3	830	1	TeamNo.830	1
02	3	832	0	TeamNo.832	1
02	3	832	1	TeamNo.832	1
02	3	833	0	涼城商店	2
02	3	833	1	涼城商店	2
02	3	839	0	TeamNo.839	1
02	3	839	1	TeamNo.839	1
02	3	840	0	毒と影	1
02	3	843	0	TeamNo.843	1
02	3	843	1	TeamNo.843	1
02	3	845	0	もふもふふわふわ	1
02	3	845	1	もふもふふわふわ	1
02	3	846	0	TeamNo.846	1
02	3	848	1	TeamNo.848	1
02	3	850	0	TeamNo.850	1
02	3	850	1	TeamNo.850	1
02	3	853	0	TeamNo.853	1
02	3	853	1	TeamNo.853	1
02	3	854	0	TeamNo.854	1
02	3	854	1	TeamNo.854	1
02	3	855	0	強がり女と大馬鹿男	2
02	3	855	1	Bastard Pops	2
02	3	859	0	TeamNo.859	1
02	3	859	1	TeamNo.859	1
02	3	860	0	カミサマのいうとおり	2
02	3	860	1	カミサマのいうとおり	2
02	3	861	0	TeamNo.861	1
02	3	861	1	TeamNo.861	1
02	3	863	0	TeamNo.863	1
02	3	863	1	TeamNo.863	1
02	3	865	0	蓬莱よりのもの	1
02	3	865	1	蓬莱よりのもの	1
02	3	869	1	TeamNo.869	1
02	3	874	0	TeamNo.874	1
02	3	874	1	TeamNo.874	1
02	3	876	0	TeamNo.876	1
02	3	876	1	TeamNo.876	1
02	3	879	0	海産類	4
02	3	879	1	海産類	4
02	3	880	0	TeamNo.880	1
02	3	880	1	TeamNo.880	1
02	3	884	1	めぇ～	1
02	3	890	0	TeamNo.890	1
02	3	890	1	TeamNo.890	1
02	3	891	0	TeamNo.891	1
02	3	891	1	TeamNo.891	1
02	3	893	0	TeamNo.893	1
02	3	893	1	TeamNo.893	1
02	3	894	0	ヒーロー養成講座	4
02	3	894	1	ブラックヒーロー(仮)	4
02	3	897	0	TeamNo.897	1
02	3	897	1	TeamNo.897	1
02	3	898	1	TeamNo.898	1
02	3	899	0	TeamNo.899	1
02	3	899	1	TeamNo.899	1
02	3	903	0	A-Z＆XYZ	2
02	3	903	1	A-Z＆XYZ	2
02	3	909	0	Nap・Frappe	2
02	3	909	1	Nap Frappé	2
02	3	911	0	異世界探査猫	1
02	3	911	1	異世界探査猫	1
02	3	914	0	TeamNo.914	1
02	3	917	0	TeamNo.917	1
02	3	917	1	TeamNo.917	1
02	3	919	0	TeamNo.919	1
02	3	919	1	TeamNo.919	1
02	3	920	0	TeamNo.920	1
02	3	921	0	灰色の大蜘蛛	1
02	3	921	1	灰色の大蜘蛛	1
02	3	922	0	TeamNo.922	2
02	3	922	1	TeamNo.922	2
02	3	925	0	TeamNo.925	1
02	3	925	1	TeamNo.925	1
02	3	926	0	トゥカナン ゴー ホーム	2
02	3	926	1	トゥカナン ゴー ホーム	2
02	3	930	0	TeamNo.930	1
02	3	930	1	TeamNo.930	1
02	3	934	0	TeamNo.934	1
02	3	934	1	TeamNo.934	1
02	3	943	0	TeamNo.943	1
02	3	943	1	TeamNo.943	1
02	3	944	0	TeamNo.944	1
02	3	944	1	TeamNo.944	1
02	3	947	0	TeamNo.947	1
02	3	947	1	TeamNo.947	1
02	3	948	0	☆来ィやぁ☆けだまさんチーム	4
02	3	948	1	☆来ィやぁ☆けだまさんチーム	4
02	3	952	0	ハイリガーベルクの双子竜	2
02	3	952	1	ハイリガーベルクの双子竜	2
02	3	956	0	TeamNo.956	1
02	3	956	1	TeamNo.956	1
02	3	961	0	TeamNo.994	3
02	3	961	1	TeamNo.961	3
02	3	963	0	TeamNo.963	1
02	3	963	1	VR連合	2
02	3	965	0	虚ろの彩宴	1
02	3	965	1	虚ろの彩宴	1
02	3	969	0	TeamNo.969	1
02	3	969	1	TeamNo.969	1
02	3	971	0	TeamNo.971	4
02	3	971	1	TeamNo.971	1
02	3	974	0	ふたりたび	2
02	3	974	1	ふたりたび	2
02	3	978	0	境界に振れる爪先	1
02	3	978	1	境界に振れる爪先	1
02	3	979	1	TeamNo.979	1
02	3	980	0	TeamNo.980	1
02	3	980	1	TeamNo.980	1
02	3	981	0	TeamNo.981	1
02	3	981	1	TeamNo.981	1
02	3	986	0	TeamNo.986	1
02	3	986	1	TeamNo.986	1
02	3	990	0	TeamNo.990	1
02	3	990	1	TeamNo.990	1
02	3	991	0	TeamNo.991	1
02	3	991	1	TeamNo.991	1
02	3	992	1	TeamNo.992	2
02	3	993	0	TeamNo.993	1
02	3	993	1	TeamNo.993	1
02	3	995	0	TeamNo.1002	2
02	3	995	1	TeamNo.995	2
02	3	996	0	TeamNo.996	1
02	3	996	1	TeamNo.996	1
02	3	997	0	TeamNo.997	1
02	3	997	1	TeamNo.997	1
02	3	998	0	ガラス細工の一人と二人	2
02	3	998	1	ガラス細工の一人と二人	2
02	3	999	0	霊香の魔女	1
02	3	999	1	霊香の魔女	1
02	3	1000	1	幸せを探すPT	1
02	3	1004	0	TeamNo.1004	1
02	3	1004	1	TeamNo.1004	1
02	3	1005	0	TeamNo.1005	1
02	3	1005	1	TeamNo.1005	1
02	3	1006	0	TeamNo.1006	1
02	3	1006	1	TeamNo.1006	1
02	3	1007	0	TeamNo.1007	1
02	3	1007	1	TeamNo.1007	1
02	3	1008	0	ペーパーデュエリスト	3
02	3	1008	1	ペーパーデュエリスト	3
02	3	1012	0	TeamNo.1012	1
02	3	1012	1	TeamNo.1012	1
02	3	1013	0	TeamNo.1013	1
02	3	1013	1	TeamNo.1013	1
02	3	1014	0	TeamNo.1014	1
02	3	1014	1	TeamNo.1014	1
02	3	1025	0	TeamNo.1025	1
02	3	1025	1	TeamNo.1025	1
02	3	1027	0	TeamNo.1027	1
02	3	1027	1	TeamNo.1027	1
02	3	1029	0	亡者と獄卒	1
02	3	1029	1	亡者と獄卒	1
02	3	1031	0	ナレハテといっしょ	1
02	3	1031	1	ナレハテといっしょ	1
02	3	1032	1	TeamNo.1032	1
02	3	1033	0	TeamNo.1033	1
02	3	1033	1	TeamNo.1033	1
02	3	1037	0	TeamNo.1037	1
02	3	1037	1	TeamNo.1037	1
02	3	1038	1	TeamNo.1038	1
02	3	1041	0	TeamNo.1041	1
02	3	1041	1	TeamNo.1041	1
02	3	1043	0	TeamNo.1043	1
02	3	1043	1	プロるざいにんず	2
02	3	1045	0	TeamNo.1045	1
02	3	1045	1	TeamNo.1045	1
02	3	1046	0	TeamNo.1046	1
02	3	1046	1	TeamNo.1046	1
02	3	1047	0	TeamNo.1047	1
02	3	1047	1	TeamNo.1047	1
02	3	1048	0	TeamNo.1048	1
02	3	1048	1	TeamNo.1048	1
02	3	1049	0	TeamNo.1049	1
02	3	1049	1	TeamNo.1049	1
02	3	1050	0	TeamNo.1050	1
02	3	1050	1	TeamNo.1050	1
02	3	1051	0	TeamNo.1059	3
02	3	1051	1	TeamNo.1051	3
02	3	1053	0	TeamNo.1053	1
02	3	1054	0	TeamNo.1054	1
02	3	1054	1	TeamNo.1054	1
02	3	1056	0	TeamNo.1056	1
02	3	1056	1	TeamNo.1056	1
02	3	1064	0	そこにお前がいたもので。	2
02	3	1064	1	そこにお前がいたもので。	2
02	3	1066	0	TeamNo.1066	1
02	3	1066	1	TeamNo.1066	1
02	3	1067	0	TeamNo.1067	1
02	3	1067	1	TeamNo.1067	1
02	3	1069	0	鳩場	1
02	3	1069	1	ハトば！！	3
02	3	1071	0	イバラシティ観光中	2
02	3	1071	1	イバラシティ観光中	2
02	3	1074	0	《翼》持つ”””””””力”””””	2
02	3	1074	1	《翼》持つ”””””””力”””””	2
02	3	1076	0	荊棘	1
02	3	1076	1	荊棘	1
02	3	1077	1	TeamNo.1077	1
02	3	1078	0	TeamNo.1078	1
02	3	1078	1	TeamNo.1078	1
02	3	1079	0	TeamNo.1079	1
02	3	1079	1	TeamNo.1079	1
02	3	1080	0	TeamNo.1080	1
02	3	1080	1	TeamNo.1080	1
02	3	1081	0	神遺物の誘い	4
02	3	1081	1	神遺物の誘い	4
02	3	1082	0	TeamNo.1082	1
02	3	1082	1	TeamNo.1082	1
02	3	1084	0	TeamNo.1084	1
02	3	1084	1	TeamNo.1084	1
02	3	1085	0	TeamNo.1085	1
02	3	1085	1	TeamNo.1085	1
02	3	1087	0	TeamNo.1087	1
02	3	1087	1	TeamNo.1087	1
02	3	1088	0	TeamNo.1088	1
02	3	1088	1	TeamNo.1088	1
02	3	1089	0	TeamNo.1089	1
02	3	1090	0	シーフードマヨネー's犬カレー	4
02	3	1090	1	シーフードマヨネー's犬カレー	4
02	3	1091	0	TeamNo.1091	1
02	3	1091	1	TeamNo.1091	1
02	3	1092	0	かしこいネズミにできぬ事は無い	2
02	3	1092	1	かしこいネズミにできぬ事は無い	2
02	3	1093	0	TeamNo.1093	1
02	3	1093	1	TeamNo.1093	1
02	3	1098	0	犬ぞり	2
02	3	1098	1	犬ぞり	2
02	3	1102	0	TeamNo.1102	1
02	3	1102	1	TeamNo.1102	1
02	3	1103	0	TeamNo.1103	2
02	3	1103	1	TeamNo.1103	2
02	3	1107	0	死にかけのオッサン	1
02	3	1107	1	死にかけのオッサン	1
02	3	1108	1	地獄	1
02	3	1109	0	TeamNo.1109	1
02	3	1109	1	TeamNo.1109	1
02	3	1110	0	たらこ	4
02	3	1110	1	からあげ	4
02	3	1112	0	Limit 35h	1
02	3	1112	1	Limit 35h	1
02	3	1115	0	TeamNo.1115	1
02	3	1115	1	TeamNo.1115	1
02	3	1117	0	TeamNo.1117	1
02	3	1117	1	TeamNo.1117	1
02	3	1118	0	TeamNo.1118	1
02	3	1118	1	TeamNo.1118	1
02	3	1120	0	TeamNo.1120	1
02	3	1120	1	TeamNo.1120	1
02	3	1122	0	TeamNo.1122	1
02	3	1122	1	TeamNo.1122	1
02	3	1123	0	TeamNo.1123	1
02	3	1123	1	TeamNo.1123	1
02	3	1125	0	実験№1125	1
02	3	1125	1	実験№1125	1
02	3	1126	0	未来タイツΩ	1
02	3	1126	1	未来タイツΩ	1
02	3	1128	0	USHIKU de SNACK	2
02	3	1128	1	USHIKU de SNACK	2
02	3	1130	0	TeamNo.1130	1
02	3	1130	1	TeamNo.1130	1
02	3	1133	1	バッド・ボーイズ	1
02	3	1134	0	TeamNo.1134	1
02	3	1134	1	TeamNo.1134	1
02	3	1135	0	黄昏	2
02	3	1135	1	黄昏	2
02	3	1136	1	TeamNo.1136	1
02	3	1139	0	TeamNo.1139	1
02	3	1139	1	TeamNo.1139	1
02	3	1142	0	TeamNo.1142	1
02	3	1143	1	TeamNo.1143	1
02	3	1146	0	TeamNo.1146	1
02	3	1146	1	TeamNo.1146	1
02	3	1148	0	TeamNo.1148	1
02	3	1148	1	TeamNo.1148	1
02	3	1149	0	TeamNo.1149	1
02	3	1149	1	TeamNo.1149	1
02	3	1150	0	TeamNo.1150	1
02	3	1150	1	TeamNo.1150	1
02	3	1151	0	石☆油☆王	4
02	3	1151	1	石☆油☆王	4
02	3	1156	0	ひとりぼっち	1
02	3	1156	1	ひとりぼっち	1
02	3	1157	0	TeamNo.1157	1
02	3	1157	1	TeamNo.1157	1
02	3	1159	1	カラーフール	1
02	3	1161	0	TeamNo.1161	1
02	3	1161	1	TeamNo.1161	1
02	3	1162	0	TeamNo.1162	1
02	3	1162	1	TeamNo.1162	1
02	3	1165	0	ともだちはどこ？	1
02	3	1165	1	ともだちはどこ？	1
02	3	1169	0	TeamNo.1169	1
02	3	1169	1	TeamNo.1169	1
02	3	1170	0	TeamNo.1170	1
02	3	1170	1	TeamNo.1170	1
02	3	1172	0	TeamNo.1172	1
02	3	1172	1	TeamNo.1172	1
02	3	1175	0	TeamNo.1175	1
02	3	1175	1	TeamNo.1175	1
02	3	1176	0	ムーンライト	1
02	3	1176	1	ムーンライト	1
02	3	1177	0	TeamNo.1177	1
02	3	1177	1	TeamNo.1177	1
02	3	1181	0	わかめ	1
02	3	1182	0	TeamNo.1182	1
02	3	1182	1	TeamNo.1182	1
02	3	1185	0	トートとトード	4
02	3	1185	1	トートとトード	4
02	3	1191	0	TeamNo.1191	1
02	3	1191	1	TeamNo.1191	1
02	3	1192	0	TeamNo.1192	1
02	3	1192	1	TeamNo.1192	1
02	3	1194	1	TeamNo.1194	1
02	3	1196	0	TeamNo.1196	1
02	3	1196	1	TeamNo.1196	1
02	3	1197	0	TeamNo.1197	1
02	3	1197	1	TeamNo.1197	1
02	3	1198	0	Take it easy!	4
02	3	1198	1	Take it easy!	4
02	3	1200	0	ポークカツレツ	1
02	3	1203	0	異能は、とっても良〜のう〜(爆笑)	4
02	3	1203	1	異能は、とっても良〜のう〜(爆笑)	4
02	3	1209	0	TeamNo.1209	1
02	3	1209	1	TeamNo.1209	1
02	3	1212	0	TeamNo.1212	1
02	3	1214	1	TeamNo.1214	2
02	3	1216	0	TeamNo.1216	1
02	3	1216	1	TeamNo.1216	1
02	3	1217	0	TeamNo.1217	1
02	3	1217	1	TeamNo.1217	1
02	3	1222	0	TeamNo.1222	1
02	3	1222	1	TeamNo.1222	1
02	3	1223	0	TeamNo.1223	1
02	3	1223	1	TeamNo.1223	1
02	3	1226	0	ハトば！！	1
02	3	1228	0	TeamNo.1228	1
02	3	1228	1	TeamNo.1228	1
02	3	1230	0	TeamNo.1230	1
02	3	1230	1	TeamNo.1230	1
02	3	1232	0	様子見	3
02	3	1232	1	様子見	3
02	3	1235	0	TeamNo.1235	1
02	3	1235	1	TeamNo.1235	1
02	3	1237	0	何穂春宵堂	1
02	3	1237	1	何穂春宵堂	1
02	3	1239	1	TeamNo.1239	1
02	3	1240	0	TeamNo.1240	1
02	3	1240	1	TeamNo.1240	1
02	3	1243	0	食究会	2
02	3	1243	1	食究会	2
02	3	1244	0	TeamNo.1244	1
02	3	1244	1	TeamNo.1244	1
02	3	1246	0	TeamNo.1246	1
02	3	1246	1	TeamNo.1246	1
02	3	1247	0	荊界のハザマリオン	4
02	3	1247	1	荊界のハザマリオン	4
02	3	1248	0	Medical Fortress Asylum	1
02	3	1248	1	Medical Fortress Asylum	1
02	3	1249	0	コガラ研究会	2
02	3	1249	1	コガラ研究会	2
02	3	1254	0	TeamNo.1254	1
02	3	1254	1	TeamNo.1254	1
02	3	1256	0	TeamNo.1256	1
02	3	1256	1	TeamNo.1256	1
02	3	1258	0	TeamNo.1258	1
02	3	1258	1	TeamNo.1258	1
02	3	1261	0	TeamNo.1261	1
02	3	1261	1	TeamNo.1261	1
02	3	1263	0	罪心を弄ぶモノ	1
02	3	1263	1	罪心を弄ぶモノ	1
02	3	1264	0	TeamNo.1264	1
02	3	1265	0	TeamNo.1265	1
02	3	1265	1	TeamNo.1265	1
02	3	1270	0	TeamNo.1270	1
02	3	1270	1	TeamNo.1270	1
02	3	1271	0	カフェ・オリュゾン	3
02	3	1271	1	カフェ・オリュゾン	3
02	3	1273	0	TeamNo.1273	1
02	3	1273	1	TeamNo.1273	1
02	3	1274	0	TeamNo.1274	1
02	3	1276	0	プロるざいにんず	1
02	3	1277	0	キーニェのぬいぐるみ屋さん	1
02	3	1277	1	キーニェのぬいぐるみ屋さん	1
02	3	1278	0	TeamNo.1278	1
02	3	1278	1	TeamNo.1278	1
02	3	1281	0	TeamNo.1281	1
02	3	1281	1	TeamNo.1281	1
02	3	1284	0	TeamNo.1284	1
02	3	1284	1	TeamNo.1284	1
02	3	1286	0	TeamNo.1286	1
02	3	1286	1	TeamNo.1286	1
02	3	1287	0	TeamNo.1287	1
02	3	1287	1	TeamNo.1287	1
02	3	1289	0	おばあちゃんといっしょ	2
02	3	1289	1	おばあちゃんといっしょ	2
02	3	1291	0	TeamNo.1291	1
02	3	1291	1	TeamNo.1291	1
02	3	1292	1	TeamNo.1292	2
02	3	1293	0	TeamNo.1293	1
02	3	1293	1	TeamNo.1293	1
02	3	1294	0	第四バルブ診療所	2
02	3	1294	1	第四バルブ診療所	2
02	3	1296	1	TeamNo.1296	1
02	3	1297	0	TeamNo.1297	1
02	3	1297	1	TeamNo.1297	1
02	3	1299	0	TeamNo.1299	1
02	3	1299	1	TeamNo.1299	1
02	3	1300	0	TeamNo.1300	1
02	3	1300	1	TeamNo.1300	1
02	3	1307	0	さまようもの	1
02	3	1307	1	さまようもの	1
02	3	1308	0	TeamNo.1308	1
02	3	1308	1	TeamNo.1308	2
02	3	1311	0	TeamNo.1311	1
02	3	1311	1	TeamNo.1311	1
02	3	1312	0	TeamNo.1312	1
02	3	1312	1	TeamNo.1312	1
02	3	1315	0	TeamNo.1315	1
02	3	1315	1	TeamNo.1315	1
02	3	1317	1	TeamNo.1317	1
02	3	1321	0	TeamNo.1321	1
02	3	1321	1	TeamNo.1321	1
02	3	1322	0	TeamNo.1322	1
02	3	1322	1	TeamNo.1322	1
02	3	1323	0	DV研究会	1
02	3	1324	0	TeamNo.1326	4
02	3	1324	1	TeamNo.1324	4
02	3	1327	0	TeamNo.1327	1
02	3	1327	1	TeamNo.1327	1
02	3	1328	0	✾✿❀❁	3
02	3	1328	1	✾✿❀❁	4
02	3	1332	0	通りすがりの破壊神だ！覚えておけ！	4
02	3	1332	1	ちょっと一旦みんな正座して	4
02	3	1338	0	TeamNo.1338	1
02	3	1338	1	TeamNo.1338	1
02	3	1339	0	TeamNo.1339	1
02	3	1339	1	TeamNo.1339	1
02	3	1341	0	TeamNo.1341	1
02	3	1341	1	TeamNo.1341	1
02	3	1342	0	TeamNo.1342	1
02	3	1342	1	TeamNo.1342	1
02	3	1343	0	TeamNo.1343	1
02	3	1343	1	TeamNo.1343	1
02	3	1344	0	TeamNo.1344	1
02	3	1344	1	TeamNo.1344	1
02	3	1346	0	TeamNo.1346	1
02	3	1346	1	TeamNo.1346	1
02	3	1347	0	TeamNo.1347	1
02	3	1347	1	TeamNo.1347	1
02	3	1351	0	TeamNo.1351	1
02	3	1351	1	TeamNo.1351	1
02	3	1354	0	TeamNo.1354	1
02	3	1354	1	TeamNo.1354	1
02	3	1358	0	TeamNo.1358	1
02	3	1359	0	TeamNo.1359	1
02	3	1359	1	TeamNo.1359	1
02	3	1360	0	TeamNo.1360	1
02	3	1360	1	TeamNo.1360	1
02	3	1363	0	TeamNo.1363	3
02	3	1363	1	TeamNo.1363	3
02	3	1364	0	TeamNo.1364	1
02	3	1367	0	TeamNo.1367	1
02	3	1367	1	TeamNo.1367	1
02	3	1373	0	TeamNo.1373	1
02	3	1373	1	あ、あなたは……誰だ！？	2
02	3	1374	0	あ、あなたは……誰だ！？	1
02	3	1375	0	TeamNo.1375	1
02	3	1375	1	TeamNo.1375	1
02	3	1378	0	ふたりぼっち	1
02	3	1379	0	きらきら＆ぐぽーん	3
02	3	1379	1	きらきら＆ぐぽーん	3
02	3	1381	0	朝食のお供	1
02	3	1381	1	朝食のお供	1
02	3	1382	0	シロかわ	1
02	3	1382	1	シロかわ	1
02	3	1383	0	導き手	1
02	3	1383	1	導き手	1
02	3	1387	0	Team『SEVEN』	1
02	3	1387	1	Team『SEVEN』	1
02	3	1391	0	TeamNo.1391	1
02	3	1391	1	TeamNo.1391	1
02	3	1394	0	ワールド・キャラメリゼ	1
02	3	1394	1	ワールド・キャラメリゼ	1
02	3	1396	0	TeamNo.1396	1
02	3	1396	1	TeamNo.1396	1
02	3	1400	0	TeamNo.1400	1
02	3	1400	1	TeamNo.1400	1
02	3	1401	1	TeamNo.1401	1
02	3	1402	0	TeamNo.1402	1
02	3	1402	1	TeamNo.1402	1
02	3	1403	0	河川敷鍋パ	4
02	3	1403	1	河川敷鍋パ	4
02	3	1411	0	TeamNo.1411	1
02	3	1411	1	TeamNo.1411	1
02	3	1412	0	morimoriオラウータン	4
02	3	1412	1	morimoriオラウータン	4
02	3	1417	0	TeamNo.1417	1
02	3	1419	0	TeamNo.1419	2
02	3	1419	1	TeamNo.1419	2
02	3	1421	1	TeamNo.1421	1
02	3	1422	0	TeamNo.1422	1
02	3	1422	1	TeamNo.1422	1
02	3	1423	0	TeamNo.1423	1
02	3	1423	1	TeamNo.1423	1
02	3	1425	0	TeamNo.1425	1
02	3	1425	1	TeamNo.1425	1
02	3	1426	0	羽飛刃	1
02	3	1428	0	TeamNo.1428	1
02	3	1428	1	TeamNo.1428	1
02	3	1433	1	TeamNo.1433	1
02	3	1436	0	TeamNo.1436	1
02	3	1436	1	TeamNo.1436	1
02	3	1439	0	TeamNo.1439	1
02	3	1439	1	TeamNo.1439	1
02	3	1442	0	ドロレス嬢の華麗なるお散歩	1
02	3	1442	1	ドロレス嬢の華麗なるお散歩	1
02	3	1443	0	TeamNo.1443	1
02	3	1443	1	TeamNo.1443	1
02	3	1446	0	TeamNo.1446	1
02	3	1446	1	TeamNo.1446	1
02	3	1449	0	TeamNo.1449	1
02	3	1449	1	TeamNo.1449	1
02	3	1452	0	取憑かれた少年	1
02	3	1452	1	取憑かれた少年	1
02	3	1455	0	TeamNo.1455	1
02	3	1455	1	TeamNo.1455	1
02	3	1456	1	TeamNo.1456	1
02	3	1461	0	TeamNo.1461	1
02	3	1461	1	TeamNo.1461	1
02	3	1462	0	TeamNo.1462	1
02	3	1462	1	TeamNo.1462	1
02	3	1463	0	TeamNo.1463	1
02	3	1463	1	TeamNo.1463	1
02	3	1465	0	TeamNo.1465	1
02	3	1465	1	TeamNo.1465	1
02	3	1466	0	TeamNo.1466	1
02	3	1466	1	TeamNo.1466	1
02	3	1469	0	TeamNo.1469	1
02	3	1469	1	TeamNo.1469	1
02	3	1470	0	The Undying	1
02	3	1470	1	The Undying	1
02	3	1471	0	TeamNo.1471	1
02	3	1471	1	TeamNo.1471	1
02	3	1473	0	魔族討伐隊	3
02	3	1473	1	魔族討伐隊	3
02	3	1474	0	店主とJKと館長	2
02	3	1474	1	店主とJKと館長	3
02	3	1476	0	TeamNo.1476	4
02	3	1476	1	TeamNo.1476	4
02	3	1477	0	TeamNo.1477	1
02	3	1477	1	TeamNo.1477	1
02	3	1478	0	TeamNo.1478	1
02	3	1478	1	TeamNo.1478	1
02	3	1482	0	No Mercy	1
02	3	1482	1	No Mercy	1
02	3	1483	0	TeamNo.1483	1
02	3	1483	1	TeamNo.1483	1
02	3	1487	0	うどん火車	1
02	3	1487	1	うどん火車	1
02	3	1491	1	TeamNo.1491	1
02	3	1496	0	TeamNo.1496	1
02	3	1496	1	TeamNo.1496	1
02	3	1500	0	TeamNo.1500	1
02	3	1500	1	TeamNo.1500	1
02	3	1501	0	TeamNo.1501	1
02	3	1501	1	TeamNo.1601	2
02	3	1502	0	TeamNo.1502	1
02	3	1502	1	TeamNo.1502	1
02	3	1505	0	霧の終着駅	1
02	3	1505	1	霧の終着駅	1
02	3	1506	0	スニークスネーク	1
02	3	1506	1	スニークスネーク	1
02	3	1508	0	TeamNo.1508	1
02	3	1508	1	TeamNo.1508	1
02	3	1509	1	TeamNo.1509	1
02	3	1510	0	TeamNo.1510	1
02	3	1510	1	TeamNo.1510	1
02	3	1513	0	TeamNo.1513	1
02	3	1513	1	TeamNo.1513	1
02	3	1514	0	たぬまメディック（配送中）	1
02	3	1514	1	たぬまメディック（配送中）	1
02	3	1516	0	TeamNo.1516	1
02	3	1517	0	一人と一羽	2
02	3	1517	1	一人と一羽	2
02	3	1521	0	TeamNo.1521	1
02	3	1521	1	TeamNo.1521	1
02	3	1524	0	TeamNo.1524	1
02	3	1524	1	TeamNo.1524	1
02	3	1525	0	TeamNo.1525	1
02	3	1525	1	TeamNo.1525	1
02	3	1527	0	みそじはおいてきた	3
02	3	1527	1	みそじはおいてきた	3
02	3	1528	0	TeamNo.1528	1
02	3	1528	1	TeamNo.1528	1
02	3	1529	0	人生辛い	1
02	3	1529	1	人生辛い	1
02	3	1530	0	TeamNo.1530	1
02	3	1530	1	TeamNo.1530	1
02	3	1538	0	TeamNo.1538	1
02	3	1538	1	TeamNo.1538	1
02	3	1539	0	TeamNo.1539	1
02	3	1539	1	TeamNo.1539	1
02	3	1541	0	TeamNo.1541	1
02	3	1541	1	TeamNo.1541	1
02	3	1542	0	TeamNo.1542	1
02	3	1542	1	TeamNo.1542	1
02	3	1544	0	TeamNo.1544	1
02	3	1544	1	TeamNo.1544	1
02	3	1545	0	TeamNo.1545	1
02	3	1545	1	TeamNo.1545	1
02	3	1546	0	TeamNo.1546	1
02	3	1546	1	TeamNo.1546	1
02	3	1547	0	ルカ	1
02	3	1547	1	ルカ	1
02	3	1549	0	TeamNo.1549	1
02	3	1549	1	TeamNo.1549	1
02	3	1550	0	TeamNo.1550	1
02	3	1550	1	TeamNo.1550	1
02	3	1551	0	店主とバイト	1
02	3	1551	1	店主とバイト	2
02	3	1555	0	TeamNo.1555	1
02	3	1555	1	TeamNo.1555	1
02	3	1557	0	TeamNo.1557	1
02	3	1557	1	TeamNo.1557	1
02	3	1558	0	TeamNo.1558	1
02	3	1558	1	TeamNo.1558	1
02	3	1560	0	ホワイトデーとバレンタインデー	1
02	3	1560	1	ホワイトデーとバレンタインデー	1
02	3	1564	0	相方と合流し損ねた	1
02	3	1564	1	相方と合流し損ねた	1
02	3	1565	0	レイヤー1人旅	1
02	3	1565	1	レイヤー1人旅	1
02	3	1566	0	TeamNo.1566	1
02	3	1566	1	TeamNo.1566	1
02	3	1567	0	ひつじのおさんぽ	1
02	3	1567	1	ひつじのおさんぽ	1
02	3	1568	0	TeamNo.1568	1
02	3	1568	1	TeamNo.1568	1
02	3	1569	0	TeamNo.1569	1
02	3	1569	1	TeamNo.1569	1
02	3	1570	0	TeamNo.1570	1
02	3	1570	1	TeamNo.1570	1
02	3	1571	0	TeamNo.1571	3
02	3	1571	1	TeamNo.1571	3
02	3	1572	0	TeamNo.1572	1
02	3	1572	1	TeamNo.1572	1
02	3	1573	0	TeamNo.1573	1
02	3	1573	1	TeamNo.1573	1
02	3	1574	0	インコと粟	2
02	3	1574	1	インコと粟	2
02	3	1577	0	TeamNo.1577	1
02	3	1577	1	TeamNo.1577	1
02	3	1578	0	狭間の隙間	1
02	3	1578	1	狭間の隙間	1
02	3	1579	0	TeamNo.1579	1
02	3	1579	1	TeamNo.1579	1
02	3	1580	0	一頭万足	1
02	3	1580	1	一頭万足	1
02	3	1582	0	TeamNo.1582	1
02	3	1582	1	TeamNo.1582	1
02	3	1584	0	きつねさんぽみち	1
02	3	1584	1	きつねさんぽみち	1
02	3	1587	0	TeamNo.1587	1
02	3	1587	1	TeamNo.1587	1
02	3	1588	0	TeamNo.1588	1
02	3	1588	1	TeamNo.1588	1
02	3	1590	0	TeamNo.1590	1
02	3	1590	1	TeamNo.1590	1
02	3	1591	0	TeamNo.1591	1
02	3	1591	1	TeamNo.1591	1
02	3	1592	0	徘徊おじさん	1
02	3	1592	1	徘徊おじさん	1
02	3	1594	0	TeamNo.1594	1
02	3	1594	1	TeamNo.1594	1
02	3	1595	0	TeamNo.1595	1
02	3	1595	1	TeamNo.1595	1
02	3	1597	0	TeamNo.1597	1
02	3	1597	1	TeamNo.1597	1
02	3	1598	0	TeamNo.1598	1
02	3	1598	1	TeamNo.1598	1
02	3	1599	0	TeamNo.1599	1
02	3	1599	1	TeamNo.1599	1
02	3	1600	0	内藤探検隊スペシャル！[再]	1
02	3	1600	1	内藤探検隊スペシャル！[再]	1
02	3	1601	0	TeamNo.1601	1
02	3	1604	0	TeamNo.1604	1
02	3	1604	1	TeamNo.1604	1
02	3	1607	0	寡黙な放浪者	1
02	3	1607	1	寡黙な放浪者	1
02	3	1609	0	TeamNo.1609	1
02	3	1609	1	TeamNo.1609	1
02	3	1610	0	TeamNo.1610	1
02	3	1610	1	TeamNo.1610	1
02	3	1611	0	TeamNo.1611	1
02	3	1611	1	TeamNo.1611	1
02	3	1612	0	TeamNo.1612	1
02	3	1612	1	TeamNo.1612	1
02	3	1613	0	TeamNo.1613	1
02	3	1613	1	TeamNo.1613	1
02	3	1614	0	TeamNo.1614	1
02	3	1614	1	TeamNo.1614	1
02	3	1615	0	誘引星	1
02	3	1615	1	誘引星	1
02	3	1616	0	銀髪少女？とおとぼけロッド	1
02	3	1616	1	銀髪少女？とおとぼけロッド	1
02	3	1617	0	TeamNo.1617	1
02	3	1617	1	TeamNo.1617	1
02	3	1619	0	TeamNo.1619	1
02	3	1619	1	TeamNo.1619	1
02	3	1620	0	TeamNo.1620	1
02	3	1620	1	TeamNo.1620	1
02	3	1622	0	TeamNo.1622	1
02	3	1623	0	夜道にはご注意を	1
02	3	1623	1	夜道にはご注意を	1
02	3	1624	0	コーギーベーカリー	2
02	3	1624	1	コーギーベーカリー	2
02	3	1626	0	TeamNo.1626	1
02	3	1626	1	TeamNo.1626	1
02	3	1627	0	TeamNo.1627	1
02	3	1627	1	TeamNo.1627	1
02	3	1628	0	TeamNo.1628	1
02	3	1628	1	TeamNo.1628	1
02	3	1629	0	TeamNo.1629	1
02	3	1629	1	TeamNo.1629	1
02	3	1630	1	TeamNo.1630	1
02	3	1631	0	TeamNo.1631	1
02	3	1632	0	TeamNo.1632	1
02	3	1632	1	TeamNo.1632	1
02	3	1633	0	TeamNo.1633	1
02	3	1633	1	TeamNo.1633	1
02	3	1634	0	VR連合	1
02	3	1635	0	TeamNo.1635	1
02	3	1636	0	TeamNo.1636	1
02	3	1636	1	TeamNo.1636	1
02	3	1637	0	TeamNo.1637	1
02	3	1637	1	TeamNo.1637	1
02	3	1638	0	TeamNo.1638	1
02	3	1638	1	TeamNo.1638	1
02	3	1639	0	TeamNo.1639	1
02	3	1639	1	TeamNo.1639	1
02	3	1640	0	TeamNo.1640	1
02	3	1641	0	TeamNo.1641	1
02	3	1641	1	TeamNo.1641	1
02	3	1642	0	TeamNo.1642	1
02	3	1643	0	TeamNo.1643	1
02	3	1643	1	TeamNo.1643	1
02	3	1644	0	TeamNo.1644	1
02	3	1644	1	TeamNo.1644	1
02	3	1645	0	紫の灯	1
02	3	1645	1	紫の灯	1
02	3	1646	0	TeamNo.1646	1
02	3	1646	1	TeamNo.1646	1
02	3	1647	0	TeamNo.1647	1
02	3	1647	1	TeamNo.1647	1
02	3	1648	0	たんぽぽの綿毛(一人旅)	1
02	3	1648	1	たんぽぽの綿毛(一人旅)	1
02	3	1649	0	TeamNo.1649	1
02	3	1649	1	TeamNo.1649	1
02	3	1650	0	TeamNo.1650	1
02	3	1651	0	TeamNo.1651	1
02	3	1651	1	TeamNo.1651	1
02	3	1652	0	TeamNo.1652	1
02	3	1653	0	TeamNo.1653	1
02	3	1654	0	TeamNo.1654	1
02	3	1654	1	TeamNo.1654	1
02	3	1655	0	TeamNo.1655	1
02	3	1656	0	TeamNo.1656	1
02	3	1656	1	TeamNo.1656	1
02	3	1658	0	TeamNo.1658	1
02	3	1659	0	TeamNo.1659	1
02	3	1659	1	TeamNo.1659	1
02	3	1660	0	TeamNo.1660	1
02	3	1660	1	TeamNo.1660	2
02	3	1661	0	TeamNo.1661	1
02	3	1662	0	TeamNo.1662	1
02	3	1663	0	TeamNo.1663	1
02	3	1663	1	TeamNo.1663	1
02	3	1664	0	TeamNo.1664	1
02	3	1664	1	TeamNo.1664	1
02	3	1665	0	TeamNo.1665	1
02	3	1665	1	TeamNo.1665	1
02	3	1666	0	TeamNo.1666	1
02	3	1666	1	TeamNo.1666	1
